municipality_code,aldersgruppe,period,value,unit,source_id,quality
3101,alle,2015,0,personer,ssb_07459,ekte
3103,alle,2015,0,personer,ssb_07459,ekte
3105,alle,2015,0,personer,ssb_07459,ekte
3107,alle,2015,0,personer,ssb_07459,ekte
3110,alle,2015,0,personer,ssb_07459,ekte
3112,alle,2015,0,personer,ssb_07459,ekte
3114,alle,2015,0,personer,ssb_07459,ekte
3116,alle,2015,0,personer,ssb_07459,ekte
3118,alle,2015,0,personer,ssb_07459,ekte
3120,alle,2015,0,personer,ssb_07459,ekte
3122,alle,2015,0,personer,ssb_07459,ekte
3124,alle,2015,0,personer,ssb_07459,ekte
3201,alle,2015,0,personer,ssb_07459,ekte
3203,alle,2015,0,personer,ssb_07459,ekte
3205,alle,2015,0,personer,ssb_07459,ekte
3207,alle,2015,0,personer,ssb_07459,ekte
3209,alle,2015,0,personer,ssb_07459,ekte
3212,alle,2015,0,personer,ssb_07459,ekte
3214,alle,2015,0,personer,ssb_07459,ekte
3216,alle,2015,0,personer,ssb_07459,ekte
3218,alle,2015,0,personer,ssb_07459,ekte
3220,alle,2015,0,personer,ssb_07459,ekte
3222,alle,2015,0,personer,ssb_07459,ekte
3224,alle,2015,0,personer,ssb_07459,ekte
3226,alle,2015,0,personer,ssb_07459,ekte
3228,alle,2015,0,personer,ssb_07459,ekte
3230,alle,2015,0,personer,ssb_07459,ekte
3232,alle,2015,0,personer,ssb_07459,ekte
3234,alle,2015,0,personer,ssb_07459,ekte
3236,alle,2015,0,personer,ssb_07459,ekte
3238,alle,2015,0,personer,ssb_07459,ekte
3240,alle,2015,0,personer,ssb_07459,ekte
3242,alle,2015,0,personer,ssb_07459,ekte
0301,0-17,2015,127639,personer,ssb_07459,ekte
0301,18-29,2015,128791,personer,ssb_07459,ekte
0301,30-49,2015,213064,personer,ssb_07459,ekte
0301,50-66,2015,110058,personer,ssb_07459,ekte
0301,67-79,2015,46553,personer,ssb_07459,ekte
0301,80-89,2015,16528,personer,ssb_07459,ekte
0301,90+,2015,5043,personer,ssb_07459,ekte
0301,alle,2015,647676,personer,ssb_07459,ekte
3301,alle,2015,0,personer,ssb_07459,ekte
3303,alle,2015,0,personer,ssb_07459,ekte
3305,alle,2015,0,personer,ssb_07459,ekte
3310,alle,2015,0,personer,ssb_07459,ekte
3312,alle,2015,0,personer,ssb_07459,ekte
3314,alle,2015,0,personer,ssb_07459,ekte
3316,alle,2015,0,personer,ssb_07459,ekte
3318,alle,2015,0,personer,ssb_07459,ekte
3320,alle,2015,0,personer,ssb_07459,ekte
3322,alle,2015,0,personer,ssb_07459,ekte
3324,alle,2015,0,personer,ssb_07459,ekte
3326,alle,2015,0,personer,ssb_07459,ekte
3328,alle,2015,0,personer,ssb_07459,ekte
3330,alle,2015,0,personer,ssb_07459,ekte
3332,alle,2015,0,personer,ssb_07459,ekte
3334,alle,2015,0,personer,ssb_07459,ekte
3336,alle,2015,0,personer,ssb_07459,ekte
3338,alle,2015,0,personer,ssb_07459,ekte
3401,alle,2015,0,personer,ssb_07459,ekte
3403,alle,2015,0,personer,ssb_07459,ekte
3405,alle,2015,0,personer,ssb_07459,ekte
3407,alle,2015,0,personer,ssb_07459,ekte
3411,alle,2015,0,personer,ssb_07459,ekte
3412,alle,2015,0,personer,ssb_07459,ekte
3413,alle,2015,0,personer,ssb_07459,ekte
3414,alle,2015,0,personer,ssb_07459,ekte
3415,alle,2015,0,personer,ssb_07459,ekte
3416,alle,2015,0,personer,ssb_07459,ekte
3417,alle,2015,0,personer,ssb_07459,ekte
3418,alle,2015,0,personer,ssb_07459,ekte
3419,alle,2015,0,personer,ssb_07459,ekte
3420,alle,2015,0,personer,ssb_07459,ekte
3421,alle,2015,0,personer,ssb_07459,ekte
3422,alle,2015,0,personer,ssb_07459,ekte
3423,alle,2015,0,personer,ssb_07459,ekte
3424,alle,2015,0,personer,ssb_07459,ekte
3425,alle,2015,0,personer,ssb_07459,ekte
3426,alle,2015,0,personer,ssb_07459,ekte
3427,alle,2015,0,personer,ssb_07459,ekte
3428,alle,2015,0,personer,ssb_07459,ekte
3429,alle,2015,0,personer,ssb_07459,ekte
3430,alle,2015,0,personer,ssb_07459,ekte
3431,alle,2015,0,personer,ssb_07459,ekte
3432,alle,2015,0,personer,ssb_07459,ekte
3433,alle,2015,0,personer,ssb_07459,ekte
3434,alle,2015,0,personer,ssb_07459,ekte
3435,alle,2015,0,personer,ssb_07459,ekte
3436,alle,2015,0,personer,ssb_07459,ekte
3437,alle,2015,0,personer,ssb_07459,ekte
3438,alle,2015,0,personer,ssb_07459,ekte
3439,alle,2015,0,personer,ssb_07459,ekte
3440,alle,2015,0,personer,ssb_07459,ekte
3441,alle,2015,0,personer,ssb_07459,ekte
3442,alle,2015,0,personer,ssb_07459,ekte
3443,alle,2015,0,personer,ssb_07459,ekte
3446,alle,2015,0,personer,ssb_07459,ekte
3447,alle,2015,0,personer,ssb_07459,ekte
3448,alle,2015,0,personer,ssb_07459,ekte
3449,alle,2015,0,personer,ssb_07459,ekte
3450,alle,2015,0,personer,ssb_07459,ekte
3451,alle,2015,0,personer,ssb_07459,ekte
3452,alle,2015,0,personer,ssb_07459,ekte
3453,alle,2015,0,personer,ssb_07459,ekte
3454,alle,2015,0,personer,ssb_07459,ekte
3901,alle,2015,0,personer,ssb_07459,ekte
3903,alle,2015,0,personer,ssb_07459,ekte
3905,alle,2015,0,personer,ssb_07459,ekte
3907,alle,2015,0,personer,ssb_07459,ekte
3909,alle,2015,0,personer,ssb_07459,ekte
3911,alle,2015,0,personer,ssb_07459,ekte
4001,alle,2015,0,personer,ssb_07459,ekte
4003,alle,2015,0,personer,ssb_07459,ekte
4005,alle,2015,0,personer,ssb_07459,ekte
4010,alle,2015,0,personer,ssb_07459,ekte
4012,alle,2015,0,personer,ssb_07459,ekte
4014,alle,2015,0,personer,ssb_07459,ekte
4016,alle,2015,0,personer,ssb_07459,ekte
4018,alle,2015,0,personer,ssb_07459,ekte
4020,alle,2015,0,personer,ssb_07459,ekte
4022,alle,2015,0,personer,ssb_07459,ekte
4024,alle,2015,0,personer,ssb_07459,ekte
4026,alle,2015,0,personer,ssb_07459,ekte
4028,alle,2015,0,personer,ssb_07459,ekte
4030,alle,2015,0,personer,ssb_07459,ekte
4032,alle,2015,0,personer,ssb_07459,ekte
4034,alle,2015,0,personer,ssb_07459,ekte
4036,alle,2015,0,personer,ssb_07459,ekte
4201,alle,2015,0,personer,ssb_07459,ekte
4202,alle,2015,0,personer,ssb_07459,ekte
4203,alle,2015,0,personer,ssb_07459,ekte
4204,alle,2015,0,personer,ssb_07459,ekte
4205,alle,2015,0,personer,ssb_07459,ekte
4206,alle,2015,0,personer,ssb_07459,ekte
4207,alle,2015,0,personer,ssb_07459,ekte
4211,alle,2015,0,personer,ssb_07459,ekte
4212,alle,2015,0,personer,ssb_07459,ekte
4213,alle,2015,0,personer,ssb_07459,ekte
4214,alle,2015,0,personer,ssb_07459,ekte
4215,alle,2015,0,personer,ssb_07459,ekte
4216,alle,2015,0,personer,ssb_07459,ekte
4217,alle,2015,0,personer,ssb_07459,ekte
4218,alle,2015,0,personer,ssb_07459,ekte
4219,alle,2015,0,personer,ssb_07459,ekte
4220,alle,2015,0,personer,ssb_07459,ekte
4221,alle,2015,0,personer,ssb_07459,ekte
4222,alle,2015,0,personer,ssb_07459,ekte
4223,alle,2015,0,personer,ssb_07459,ekte
4224,alle,2015,0,personer,ssb_07459,ekte
4225,alle,2015,0,personer,ssb_07459,ekte
4226,alle,2015,0,personer,ssb_07459,ekte
4227,alle,2015,0,personer,ssb_07459,ekte
4228,alle,2015,0,personer,ssb_07459,ekte
1101,0-17,2015,3536,personer,ssb_07459,ekte
1101,18-29,2015,2334,personer,ssb_07459,ekte
1101,30-49,2015,4001,personer,ssb_07459,ekte
1101,50-66,2015,3053,personer,ssb_07459,ekte
1101,67-79,2015,1373,personer,ssb_07459,ekte
1101,80-89,2015,515,personer,ssb_07459,ekte
1101,90+,2015,104,personer,ssb_07459,ekte
1101,alle,2015,14916,personer,ssb_07459,ekte
1103,0-17,2015,29350,personer,ssb_07459,ekte
1103,18-29,2015,23527,personer,ssb_07459,ekte
1103,30-49,2015,39804,personer,ssb_07459,ekte
1103,50-66,2015,24941,personer,ssb_07459,ekte
1103,67-79,2015,9901,personer,ssb_07459,ekte
1103,80-89,2015,3619,personer,ssb_07459,ekte
1103,90+,2015,960,personer,ssb_07459,ekte
1103,alle,2015,132102,personer,ssb_07459,ekte
1106,0-17,2015,7895,personer,ssb_07459,ekte
1106,18-29,2015,6047,personer,ssb_07459,ekte
1106,30-49,2015,10687,personer,ssb_07459,ekte
1106,50-66,2015,7106,personer,ssb_07459,ekte
1106,67-79,2015,3270,personer,ssb_07459,ekte
1106,80-89,2015,1209,personer,ssb_07459,ekte
1106,90+,2015,324,personer,ssb_07459,ekte
1106,alle,2015,36538,personer,ssb_07459,ekte
1108,alle,2015,0,personer,ssb_07459,ekte
1111,0-17,2015,781,personer,ssb_07459,ekte
1111,18-29,2015,488,personer,ssb_07459,ekte
1111,30-49,2015,795,personer,ssb_07459,ekte
1111,50-66,2015,709,personer,ssb_07459,ekte
1111,67-79,2015,334,personer,ssb_07459,ekte
1111,80-89,2015,153,personer,ssb_07459,ekte
1111,90+,2015,49,personer,ssb_07459,ekte
1111,alle,2015,3309,personer,ssb_07459,ekte
1112,0-17,2015,815,personer,ssb_07459,ekte
1112,18-29,2015,524,personer,ssb_07459,ekte
1112,30-49,2015,769,personer,ssb_07459,ekte
1112,50-66,2015,682,personer,ssb_07459,ekte
1112,67-79,2015,314,personer,ssb_07459,ekte
1112,80-89,2015,97,personer,ssb_07459,ekte
1112,90+,2015,46,personer,ssb_07459,ekte
1112,alle,2015,3247,personer,ssb_07459,ekte
1114,0-17,2015,786,personer,ssb_07459,ekte
1114,18-29,2015,443,personer,ssb_07459,ekte
1114,30-49,2015,740,personer,ssb_07459,ekte
1114,50-66,2015,571,personer,ssb_07459,ekte
1114,67-79,2015,205,personer,ssb_07459,ekte
1114,80-89,2015,88,personer,ssb_07459,ekte
1114,90+,2015,28,personer,ssb_07459,ekte
1114,alle,2015,2861,personer,ssb_07459,ekte
1119,0-17,2015,4996,personer,ssb_07459,ekte
1119,18-29,2015,3256,personer,ssb_07459,ekte
1119,30-49,2015,5069,personer,ssb_07459,ekte
1119,50-66,2015,3258,personer,ssb_07459,ekte
1119,67-79,2015,1361,personer,ssb_07459,ekte
1119,80-89,2015,449,personer,ssb_07459,ekte
1119,90+,2015,139,personer,ssb_07459,ekte
1119,alle,2015,18528,personer,ssb_07459,ekte
1120,0-17,2015,5044,personer,ssb_07459,ekte
1120,18-29,2015,3135,personer,ssb_07459,ekte
1120,30-49,2015,5611,personer,ssb_07459,ekte
1120,50-66,2015,3051,personer,ssb_07459,ekte
1120,67-79,2015,1433,personer,ssb_07459,ekte
1120,80-89,2015,390,personer,ssb_07459,ekte
1120,90+,2015,77,personer,ssb_07459,ekte
1120,alle,2015,18741,personer,ssb_07459,ekte
1121,0-17,2015,4715,personer,ssb_07459,ekte
1121,18-29,2015,3158,personer,ssb_07459,ekte
1121,30-49,2015,5150,personer,ssb_07459,ekte
1121,50-66,2015,3349,personer,ssb_07459,ekte
1121,67-79,2015,1382,personer,ssb_07459,ekte
1121,80-89,2015,453,personer,ssb_07459,ekte
1121,90+,2015,99,personer,ssb_07459,ekte
1121,alle,2015,18306,personer,ssb_07459,ekte
1122,0-17,2015,3140,personer,ssb_07459,ekte
1122,18-29,2015,2129,personer,ssb_07459,ekte
1122,30-49,2015,3370,personer,ssb_07459,ekte
1122,50-66,2015,2031,personer,ssb_07459,ekte
1122,67-79,2015,695,personer,ssb_07459,ekte
1122,80-89,2015,185,personer,ssb_07459,ekte
1122,90+,2015,50,personer,ssb_07459,ekte
1122,alle,2015,11600,personer,ssb_07459,ekte
1124,0-17,2015,6514,personer,ssb_07459,ekte
1124,18-29,2015,4424,personer,ssb_07459,ekte
1124,30-49,2015,7532,personer,ssb_07459,ekte
1124,50-66,2015,4672,personer,ssb_07459,ekte
1124,67-79,2015,1866,personer,ssb_07459,ekte
1124,80-89,2015,583,personer,ssb_07459,ekte
1124,90+,2015,117,personer,ssb_07459,ekte
1124,alle,2015,25708,personer,ssb_07459,ekte
1127,0-17,2015,2691,personer,ssb_07459,ekte
1127,18-29,2015,1725,personer,ssb_07459,ekte
1127,30-49,2015,2975,personer,ssb_07459,ekte
1127,50-66,2015,1986,personer,ssb_07459,ekte
1127,67-79,2015,892,personer,ssb_07459,ekte
1127,80-89,2015,242,personer,ssb_07459,ekte
1127,90+,2015,45,personer,ssb_07459,ekte
1127,alle,2015,10556,personer,ssb_07459,ekte
1130,0-17,2015,3235,personer,ssb_07459,ekte
1130,18-29,2015,2037,personer,ssb_07459,ekte
1130,30-49,2015,3298,personer,ssb_07459,ekte
1130,50-66,2015,2270,personer,ssb_07459,ekte
1130,67-79,2015,1092,personer,ssb_07459,ekte
1130,80-89,2015,373,personer,ssb_07459,ekte
1130,90+,2015,90,personer,ssb_07459,ekte
1130,alle,2015,12395,personer,ssb_07459,ekte
1133,0-17,2015,716,personer,ssb_07459,ekte
1133,18-29,2015,346,personer,ssb_07459,ekte
1133,30-49,2015,692,personer,ssb_07459,ekte
1133,50-66,2015,603,personer,ssb_07459,ekte
1133,67-79,2015,302,personer,ssb_07459,ekte
1133,80-89,2015,102,personer,ssb_07459,ekte
1133,90+,2015,24,personer,ssb_07459,ekte
1133,alle,2015,2785,personer,ssb_07459,ekte
1134,0-17,2015,923,personer,ssb_07459,ekte
1134,18-29,2015,525,personer,ssb_07459,ekte
1134,30-49,2015,942,personer,ssb_07459,ekte
1134,50-66,2015,862,personer,ssb_07459,ekte
1134,67-79,2015,416,personer,ssb_07459,ekte
1134,80-89,2015,173,personer,ssb_07459,ekte
1134,90+,2015,51,personer,ssb_07459,ekte
1134,alle,2015,3892,personer,ssb_07459,ekte
1135,0-17,2015,996,personer,ssb_07459,ekte
1135,18-29,2015,701,personer,ssb_07459,ekte
1135,30-49,2015,1142,personer,ssb_07459,ekte
1135,50-66,2015,1051,personer,ssb_07459,ekte
1135,67-79,2015,524,personer,ssb_07459,ekte
1135,80-89,2015,294,personer,ssb_07459,ekte
1135,90+,2015,48,personer,ssb_07459,ekte
1135,alle,2015,4756,personer,ssb_07459,ekte
1144,0-17,2015,121,personer,ssb_07459,ekte
1144,18-29,2015,71,personer,ssb_07459,ekte
1144,30-49,2015,133,personer,ssb_07459,ekte
1144,50-66,2015,105,personer,ssb_07459,ekte
1144,67-79,2015,74,personer,ssb_07459,ekte
1144,80-89,2015,26,personer,ssb_07459,ekte
1144,90+,2015,4,personer,ssb_07459,ekte
1144,alle,2015,534,personer,ssb_07459,ekte
1145,0-17,2015,204,personer,ssb_07459,ekte
1145,18-29,2015,119,personer,ssb_07459,ekte
1145,30-49,2015,227,personer,ssb_07459,ekte
1145,50-66,2015,165,personer,ssb_07459,ekte
1145,67-79,2015,96,personer,ssb_07459,ekte
1145,80-89,2015,43,personer,ssb_07459,ekte
1145,90+,2015,11,personer,ssb_07459,ekte
1145,alle,2015,865,personer,ssb_07459,ekte
1146,0-17,2015,2965,personer,ssb_07459,ekte
1146,18-29,2015,1669,personer,ssb_07459,ekte
1146,30-49,2015,2922,personer,ssb_07459,ekte
1146,50-66,2015,1969,personer,ssb_07459,ekte
1146,67-79,2015,986,personer,ssb_07459,ekte
1146,80-89,2015,278,personer,ssb_07459,ekte
1146,90+,2015,68,personer,ssb_07459,ekte
1146,alle,2015,10857,personer,ssb_07459,ekte
1149,0-17,2015,10280,personer,ssb_07459,ekte
1149,18-29,2015,6486,personer,ssb_07459,ekte
1149,30-49,2015,11539,personer,ssb_07459,ekte
1149,50-66,2015,8249,personer,ssb_07459,ekte
1149,67-79,2015,3941,personer,ssb_07459,ekte
1149,80-89,2015,1298,personer,ssb_07459,ekte
1149,90+,2015,269,personer,ssb_07459,ekte
1149,alle,2015,42062,personer,ssb_07459,ekte
1151,0-17,2015,49,personer,ssb_07459,ekte
1151,18-29,2015,24,personer,ssb_07459,ekte
1151,30-49,2015,50,personer,ssb_07459,ekte
1151,50-66,2015,50,personer,ssb_07459,ekte
1151,67-79,2015,22,personer,ssb_07459,ekte
1151,80-89,2015,8,personer,ssb_07459,ekte
1151,90+,2015,3,personer,ssb_07459,ekte
1151,alle,2015,206,personer,ssb_07459,ekte
1160,0-17,2015,2097,personer,ssb_07459,ekte
1160,18-29,2015,1356,personer,ssb_07459,ekte
1160,30-49,2015,2219,personer,ssb_07459,ekte
1160,50-66,2015,1820,personer,ssb_07459,ekte
1160,67-79,2015,788,personer,ssb_07459,ekte
1160,80-89,2015,378,personer,ssb_07459,ekte
1160,90+,2015,107,personer,ssb_07459,ekte
1160,alle,2015,8765,personer,ssb_07459,ekte
4601,alle,2015,0,personer,ssb_07459,ekte
4602,alle,2015,0,personer,ssb_07459,ekte
4611,alle,2015,0,personer,ssb_07459,ekte
4612,alle,2015,0,personer,ssb_07459,ekte
4613,alle,2015,0,personer,ssb_07459,ekte
4614,alle,2015,0,personer,ssb_07459,ekte
4615,alle,2015,0,personer,ssb_07459,ekte
4616,alle,2015,0,personer,ssb_07459,ekte
4617,alle,2015,0,personer,ssb_07459,ekte
4618,alle,2015,0,personer,ssb_07459,ekte
4619,alle,2015,0,personer,ssb_07459,ekte
4620,alle,2015,0,personer,ssb_07459,ekte
4621,alle,2015,0,personer,ssb_07459,ekte
4622,alle,2015,0,personer,ssb_07459,ekte
4623,alle,2015,0,personer,ssb_07459,ekte
4624,alle,2015,0,personer,ssb_07459,ekte
4625,alle,2015,0,personer,ssb_07459,ekte
4626,alle,2015,0,personer,ssb_07459,ekte
4627,alle,2015,0,personer,ssb_07459,ekte
4628,alle,2015,0,personer,ssb_07459,ekte
4629,alle,2015,0,personer,ssb_07459,ekte
4630,alle,2015,0,personer,ssb_07459,ekte
4631,alle,2015,0,personer,ssb_07459,ekte
4632,alle,2015,0,personer,ssb_07459,ekte
4633,alle,2015,0,personer,ssb_07459,ekte
4634,alle,2015,0,personer,ssb_07459,ekte
4635,alle,2015,0,personer,ssb_07459,ekte
4636,alle,2015,0,personer,ssb_07459,ekte
4637,alle,2015,0,personer,ssb_07459,ekte
4638,alle,2015,0,personer,ssb_07459,ekte
4639,alle,2015,0,personer,ssb_07459,ekte
4640,alle,2015,0,personer,ssb_07459,ekte
4641,alle,2015,0,personer,ssb_07459,ekte
4642,alle,2015,0,personer,ssb_07459,ekte
4643,alle,2015,0,personer,ssb_07459,ekte
4644,alle,2015,0,personer,ssb_07459,ekte
4645,alle,2015,0,personer,ssb_07459,ekte
4646,alle,2015,0,personer,ssb_07459,ekte
4647,alle,2015,0,personer,ssb_07459,ekte
4648,alle,2015,0,personer,ssb_07459,ekte
4649,alle,2015,0,personer,ssb_07459,ekte
4650,alle,2015,0,personer,ssb_07459,ekte
4651,alle,2015,0,personer,ssb_07459,ekte
1505,0-17,2015,5100,personer,ssb_07459,ekte
1505,18-29,2015,3851,personer,ssb_07459,ekte
1505,30-49,2015,6556,personer,ssb_07459,ekte
1505,50-66,2015,5376,personer,ssb_07459,ekte
1505,67-79,2015,2560,personer,ssb_07459,ekte
1505,80-89,2015,874,personer,ssb_07459,ekte
1505,90+,2015,190,personer,ssb_07459,ekte
1505,alle,2015,24507,personer,ssb_07459,ekte
1506,alle,2015,0,personer,ssb_07459,ekte
1508,alle,2015,0,personer,ssb_07459,ekte
1511,0-17,2015,617,personer,ssb_07459,ekte
1511,18-29,2015,407,personer,ssb_07459,ekte
1511,30-49,2015,700,personer,ssb_07459,ekte
1511,50-66,2015,838,personer,ssb_07459,ekte
1511,67-79,2015,457,personer,ssb_07459,ekte
1511,80-89,2015,172,personer,ssb_07459,ekte
1511,90+,2015,67,personer,ssb_07459,ekte
1511,alle,2015,3258,personer,ssb_07459,ekte
1514,0-17,2015,494,personer,ssb_07459,ekte
1514,18-29,2015,367,personer,ssb_07459,ekte
1514,30-49,2015,684,personer,ssb_07459,ekte
1514,50-66,2015,596,personer,ssb_07459,ekte
1514,67-79,2015,310,personer,ssb_07459,ekte
1514,80-89,2015,149,personer,ssb_07459,ekte
1514,90+,2015,35,personer,ssb_07459,ekte
1514,alle,2015,2635,personer,ssb_07459,ekte
1515,0-17,2015,2021,personer,ssb_07459,ekte
1515,18-29,2015,1296,personer,ssb_07459,ekte
1515,30-49,2015,2328,personer,ssb_07459,ekte
1515,50-66,2015,1917,personer,ssb_07459,ekte
1515,67-79,2015,907,personer,ssb_07459,ekte
1515,80-89,2015,376,personer,ssb_07459,ekte
1515,90+,2015,89,personer,ssb_07459,ekte
1515,alle,2015,8934,personer,ssb_07459,ekte
1516,0-17,2015,2054,personer,ssb_07459,ekte
1516,18-29,2015,1202,personer,ssb_07459,ekte
1516,30-49,2015,2505,personer,ssb_07459,ekte
1516,50-66,2015,1528,personer,ssb_07459,ekte
1516,67-79,2015,699,personer,ssb_07459,ekte
1516,80-89,2015,248,personer,ssb_07459,ekte
1516,90+,2015,56,personer,ssb_07459,ekte
1516,alle,2015,8292,personer,ssb_07459,ekte
1517,0-17,2015,1136,personer,ssb_07459,ekte
1517,18-29,2015,824,personer,ssb_07459,ekte
1517,30-49,2015,1298,personer,ssb_07459,ekte
1517,50-66,2015,1062,personer,ssb_07459,ekte
1517,67-79,2015,475,personer,ssb_07459,ekte
1517,80-89,2015,215,personer,ssb_07459,ekte
1517,90+,2015,55,personer,ssb_07459,ekte
1517,alle,2015,5065,personer,ssb_07459,ekte
1520,0-17,2015,2390,personer,ssb_07459,ekte
1520,18-29,2015,1576,personer,ssb_07459,ekte
1520,30-49,2015,2637,personer,ssb_07459,ekte
1520,50-66,2015,2253,personer,ssb_07459,ekte
1520,67-79,2015,1101,personer,ssb_07459,ekte
1520,80-89,2015,508,personer,ssb_07459,ekte
1520,90+,2015,124,personer,ssb_07459,ekte
1520,alle,2015,10589,personer,ssb_07459,ekte
1525,0-17,2015,946,personer,ssb_07459,ekte
1525,18-29,2015,707,personer,ssb_07459,ekte
1525,30-49,2015,1144,personer,ssb_07459,ekte
1525,50-66,2015,944,personer,ssb_07459,ekte
1525,67-79,2015,542,personer,ssb_07459,ekte
1525,80-89,2015,240,personer,ssb_07459,ekte
1525,90+,2015,82,personer,ssb_07459,ekte
1525,alle,2015,4605,personer,ssb_07459,ekte
1528,0-17,2015,1786,personer,ssb_07459,ekte
1528,18-29,2015,1057,personer,ssb_07459,ekte
1528,30-49,2015,2023,personer,ssb_07459,ekte
1528,50-66,2015,1683,personer,ssb_07459,ekte
1528,67-79,2015,754,personer,ssb_07459,ekte
1528,80-89,2015,315,personer,ssb_07459,ekte
1528,90+,2015,89,personer,ssb_07459,ekte
1528,alle,2015,7707,personer,ssb_07459,ekte
1531,0-17,2015,2267,personer,ssb_07459,ekte
1531,18-29,2015,1302,personer,ssb_07459,ekte
1531,30-49,2015,2434,personer,ssb_07459,ekte
1531,50-66,2015,1683,personer,ssb_07459,ekte
1531,67-79,2015,730,personer,ssb_07459,ekte
1531,80-89,2015,352,personer,ssb_07459,ekte
1531,90+,2015,87,personer,ssb_07459,ekte
1531,alle,2015,8855,personer,ssb_07459,ekte
1532,0-17,2015,2067,personer,ssb_07459,ekte
1532,18-29,2015,1192,personer,ssb_07459,ekte
1532,30-49,2015,2112,personer,ssb_07459,ekte
1532,50-66,2015,1543,personer,ssb_07459,ekte
1532,67-79,2015,678,personer,ssb_07459,ekte
1532,80-89,2015,275,personer,ssb_07459,ekte
1532,90+,2015,57,personer,ssb_07459,ekte
1532,alle,2015,7924,personer,ssb_07459,ekte
1535,0-17,2015,1376,personer,ssb_07459,ekte
1535,18-29,2015,1033,personer,ssb_07459,ekte
1535,30-49,2015,1711,personer,ssb_07459,ekte
1535,50-66,2015,1512,personer,ssb_07459,ekte
1535,67-79,2015,756,personer,ssb_07459,ekte
1535,80-89,2015,252,personer,ssb_07459,ekte
1535,90+,2015,68,personer,ssb_07459,ekte
1535,alle,2015,6708,personer,ssb_07459,ekte
1539,0-17,2015,1563,personer,ssb_07459,ekte
1539,18-29,2015,1020,personer,ssb_07459,ekte
1539,30-49,2015,1798,personer,ssb_07459,ekte
1539,50-66,2015,1695,personer,ssb_07459,ekte
1539,67-79,2015,853,personer,ssb_07459,ekte
1539,80-89,2015,391,personer,ssb_07459,ekte
1539,90+,2015,125,personer,ssb_07459,ekte
1539,alle,2015,7445,personer,ssb_07459,ekte
1547,0-17,2015,850,personer,ssb_07459,ekte
1547,18-29,2015,494,personer,ssb_07459,ekte
1547,30-49,2015,885,personer,ssb_07459,ekte
1547,50-66,2015,669,personer,ssb_07459,ekte
1547,67-79,2015,387,personer,ssb_07459,ekte
1547,80-89,2015,149,personer,ssb_07459,ekte
1547,90+,2015,32,personer,ssb_07459,ekte
1547,alle,2015,3466,personer,ssb_07459,ekte
1554,0-17,2015,1294,personer,ssb_07459,ekte
1554,18-29,2015,797,personer,ssb_07459,ekte
1554,30-49,2015,1455,personer,ssb_07459,ekte
1554,50-66,2015,1336,personer,ssb_07459,ekte
1554,67-79,2015,644,personer,ssb_07459,ekte
1554,80-89,2015,203,personer,ssb_07459,ekte
1554,90+,2015,65,personer,ssb_07459,ekte
1554,alle,2015,5794,personer,ssb_07459,ekte
1557,0-17,2015,575,personer,ssb_07459,ekte
1557,18-29,2015,309,personer,ssb_07459,ekte
1557,30-49,2015,622,personer,ssb_07459,ekte
1557,50-66,2015,616,personer,ssb_07459,ekte
1557,67-79,2015,309,personer,ssb_07459,ekte
1557,80-89,2015,112,personer,ssb_07459,ekte
1557,90+,2015,37,personer,ssb_07459,ekte
1557,alle,2015,2580,personer,ssb_07459,ekte
1560,0-17,2015,613,personer,ssb_07459,ekte
1560,18-29,2015,406,personer,ssb_07459,ekte
1560,30-49,2015,727,personer,ssb_07459,ekte
1560,50-66,2015,724,personer,ssb_07459,ekte
1560,67-79,2015,431,personer,ssb_07459,ekte
1560,80-89,2015,149,personer,ssb_07459,ekte
1560,90+,2015,40,personer,ssb_07459,ekte
1560,alle,2015,3090,personer,ssb_07459,ekte
1563,0-17,2015,1462,personer,ssb_07459,ekte
1563,18-29,2015,1050,personer,ssb_07459,ekte
1563,30-49,2015,1697,personer,ssb_07459,ekte
1563,50-66,2015,1710,personer,ssb_07459,ekte
1563,67-79,2015,785,personer,ssb_07459,ekte
1563,80-89,2015,366,personer,ssb_07459,ekte
1563,90+,2015,85,personer,ssb_07459,ekte
1563,alle,2015,7155,personer,ssb_07459,ekte
1566,0-17,2015,1214,personer,ssb_07459,ekte
1566,18-29,2015,880,personer,ssb_07459,ekte
1566,30-49,2015,1422,personer,ssb_07459,ekte
1566,50-66,2015,1357,personer,ssb_07459,ekte
1566,67-79,2015,783,personer,ssb_07459,ekte
1566,80-89,2015,263,personer,ssb_07459,ekte
1566,90+,2015,57,personer,ssb_07459,ekte
1566,alle,2015,5976,personer,ssb_07459,ekte
1573,0-17,2015,405,personer,ssb_07459,ekte
1573,18-29,2015,273,personer,ssb_07459,ekte
1573,30-49,2015,493,personer,ssb_07459,ekte
1573,50-66,2015,540,personer,ssb_07459,ekte
1573,67-79,2015,295,personer,ssb_07459,ekte
1573,80-89,2015,112,personer,ssb_07459,ekte
1573,90+,2015,28,personer,ssb_07459,ekte
1573,alle,2015,2146,personer,ssb_07459,ekte
1576,0-17,2015,696,personer,ssb_07459,ekte
1576,18-29,2015,423,personer,ssb_07459,ekte
1576,30-49,2015,894,personer,ssb_07459,ekte
1576,50-66,2015,840,personer,ssb_07459,ekte
1576,67-79,2015,463,personer,ssb_07459,ekte
1576,80-89,2015,189,personer,ssb_07459,ekte
1576,90+,2015,44,personer,ssb_07459,ekte
1576,alle,2015,3549,personer,ssb_07459,ekte
1577,alle,2015,0,personer,ssb_07459,ekte
1578,alle,2015,0,personer,ssb_07459,ekte
1579,alle,2015,0,personer,ssb_07459,ekte
1580,alle,2015,0,personer,ssb_07459,ekte
5001,alle,2015,0,personer,ssb_07459,ekte
5006,alle,2015,0,personer,ssb_07459,ekte
5007,alle,2015,0,personer,ssb_07459,ekte
5014,alle,2015,0,personer,ssb_07459,ekte
5020,alle,2015,0,personer,ssb_07459,ekte
5021,alle,2015,0,personer,ssb_07459,ekte
5022,alle,2015,0,personer,ssb_07459,ekte
5025,alle,2015,0,personer,ssb_07459,ekte
5026,alle,2015,0,personer,ssb_07459,ekte
5027,alle,2015,0,personer,ssb_07459,ekte
5028,alle,2015,0,personer,ssb_07459,ekte
5029,alle,2015,0,personer,ssb_07459,ekte
5031,alle,2015,0,personer,ssb_07459,ekte
5032,alle,2015,0,personer,ssb_07459,ekte
5033,alle,2015,0,personer,ssb_07459,ekte
5034,alle,2015,0,personer,ssb_07459,ekte
5035,alle,2015,0,personer,ssb_07459,ekte
5036,alle,2015,0,personer,ssb_07459,ekte
5037,alle,2015,0,personer,ssb_07459,ekte
5038,alle,2015,0,personer,ssb_07459,ekte
5041,alle,2015,0,personer,ssb_07459,ekte
5042,alle,2015,0,personer,ssb_07459,ekte
5043,alle,2015,0,personer,ssb_07459,ekte
5044,alle,2015,0,personer,ssb_07459,ekte
5045,alle,2015,0,personer,ssb_07459,ekte
5046,alle,2015,0,personer,ssb_07459,ekte
5047,alle,2015,0,personer,ssb_07459,ekte
5049,alle,2015,0,personer,ssb_07459,ekte
5052,alle,2015,0,personer,ssb_07459,ekte
5053,alle,2015,0,personer,ssb_07459,ekte
5054,alle,2015,0,personer,ssb_07459,ekte
5055,alle,2015,0,personer,ssb_07459,ekte
5056,alle,2015,0,personer,ssb_07459,ekte
5057,alle,2015,0,personer,ssb_07459,ekte
5058,alle,2015,0,personer,ssb_07459,ekte
5059,alle,2015,0,personer,ssb_07459,ekte
5060,alle,2015,0,personer,ssb_07459,ekte
5061,alle,2015,0,personer,ssb_07459,ekte
1804,0-17,2015,11058,personer,ssb_07459,ekte
1804,18-29,2015,8632,personer,ssb_07459,ekte
1804,30-49,2015,14005,personer,ssb_07459,ekte
1804,50-66,2015,10235,personer,ssb_07459,ekte
1804,67-79,2015,4499,personer,ssb_07459,ekte
1804,80-89,2015,1468,personer,ssb_07459,ekte
1804,90+,2015,288,personer,ssb_07459,ekte
1804,alle,2015,50185,personer,ssb_07459,ekte
1806,alle,2015,0,personer,ssb_07459,ekte
1811,0-17,2015,279,personer,ssb_07459,ekte
1811,18-29,2015,172,personer,ssb_07459,ekte
1811,30-49,2015,289,personer,ssb_07459,ekte
1811,50-66,2015,409,personer,ssb_07459,ekte
1811,67-79,2015,227,personer,ssb_07459,ekte
1811,80-89,2015,83,personer,ssb_07459,ekte
1811,90+,2015,23,personer,ssb_07459,ekte
1811,alle,2015,1482,personer,ssb_07459,ekte
1812,0-17,2015,441,personer,ssb_07459,ekte
1812,18-29,2015,285,personer,ssb_07459,ekte
1812,30-49,2015,501,personer,ssb_07459,ekte
1812,50-66,2015,460,personer,ssb_07459,ekte
1812,67-79,2015,255,personer,ssb_07459,ekte
1812,80-89,2015,97,personer,ssb_07459,ekte
1812,90+,2015,24,personer,ssb_07459,ekte
1812,alle,2015,2063,personer,ssb_07459,ekte
1813,0-17,2015,1838,personer,ssb_07459,ekte
1813,18-29,2015,1178,personer,ssb_07459,ekte
1813,30-49,2015,2047,personer,ssb_07459,ekte
1813,50-66,2015,1709,personer,ssb_07459,ekte
1813,67-79,2015,808,personer,ssb_07459,ekte
1813,80-89,2015,296,personer,ssb_07459,ekte
1813,90+,2015,58,personer,ssb_07459,ekte
1813,alle,2015,7934,personer,ssb_07459,ekte
1815,0-17,2015,238,personer,ssb_07459,ekte
1815,18-29,2015,158,personer,ssb_07459,ekte
1815,30-49,2015,263,personer,ssb_07459,ekte
1815,50-66,2015,310,personer,ssb_07459,ekte
1815,67-79,2015,183,personer,ssb_07459,ekte
1815,80-89,2015,64,personer,ssb_07459,ekte
1815,90+,2015,9,personer,ssb_07459,ekte
1815,alle,2015,1225,personer,ssb_07459,ekte
1816,0-17,2015,100,personer,ssb_07459,ekte
1816,18-29,2015,60,personer,ssb_07459,ekte
1816,30-49,2015,117,personer,ssb_07459,ekte
1816,50-66,2015,125,personer,ssb_07459,ekte
1816,67-79,2015,83,personer,ssb_07459,ekte
1816,80-89,2015,23,personer,ssb_07459,ekte
1816,90+,2015,2,personer,ssb_07459,ekte
1816,alle,2015,510,personer,ssb_07459,ekte
1818,0-17,2015,307,personer,ssb_07459,ekte
1818,18-29,2015,285,personer,ssb_07459,ekte
1818,30-49,2015,404,personer,ssb_07459,ekte
1818,50-66,2015,424,personer,ssb_07459,ekte
1818,67-79,2015,231,personer,ssb_07459,ekte
1818,80-89,2015,63,personer,ssb_07459,ekte
1818,90+,2015,23,personer,ssb_07459,ekte
1818,alle,2015,1737,personer,ssb_07459,ekte
1820,0-17,2015,1573,personer,ssb_07459,ekte
1820,18-29,2015,1199,personer,ssb_07459,ekte
1820,30-49,2015,1819,personer,ssb_07459,ekte
1820,50-66,2015,1717,personer,ssb_07459,ekte
1820,67-79,2015,850,personer,ssb_07459,ekte
1820,80-89,2015,256,personer,ssb_07459,ekte
1820,90+,2015,40,personer,ssb_07459,ekte
1820,alle,2015,7454,personer,ssb_07459,ekte
1822,0-17,2015,446,personer,ssb_07459,ekte
1822,18-29,2015,332,personer,ssb_07459,ekte
1822,30-49,2015,533,personer,ssb_07459,ekte
1822,50-66,2015,528,personer,ssb_07459,ekte
1822,67-79,2015,224,personer,ssb_07459,ekte
1822,80-89,2015,96,personer,ssb_07459,ekte
1822,90+,2015,29,personer,ssb_07459,ekte
1822,alle,2015,2188,personer,ssb_07459,ekte
1824,0-17,2015,2700,personer,ssb_07459,ekte
1824,18-29,2015,2075,personer,ssb_07459,ekte
1824,30-49,2015,3240,personer,ssb_07459,ekte
1824,50-66,2015,3029,personer,ssb_07459,ekte
1824,67-79,2015,1587,personer,ssb_07459,ekte
1824,80-89,2015,590,personer,ssb_07459,ekte
1824,90+,2015,131,personer,ssb_07459,ekte
1824,alle,2015,13352,personer,ssb_07459,ekte
1825,0-17,2015,292,personer,ssb_07459,ekte
1825,18-29,2015,177,personer,ssb_07459,ekte
1825,30-49,2015,337,personer,ssb_07459,ekte
1825,50-66,2015,334,personer,ssb_07459,ekte
1825,67-79,2015,223,personer,ssb_07459,ekte
1825,80-89,2015,73,personer,ssb_07459,ekte
1825,90+,2015,22,personer,ssb_07459,ekte
1825,alle,2015,1458,personer,ssb_07459,ekte
1826,0-17,2015,306,personer,ssb_07459,ekte
1826,18-29,2015,232,personer,ssb_07459,ekte
1826,30-49,2015,343,personer,ssb_07459,ekte
1826,50-66,2015,328,personer,ssb_07459,ekte
1826,67-79,2015,227,personer,ssb_07459,ekte
1826,80-89,2015,77,personer,ssb_07459,ekte
1826,90+,2015,20,personer,ssb_07459,ekte
1826,alle,2015,1533,personer,ssb_07459,ekte
1827,0-17,2015,291,personer,ssb_07459,ekte
1827,18-29,2015,185,personer,ssb_07459,ekte
1827,30-49,2015,296,personer,ssb_07459,ekte
1827,50-66,2015,355,personer,ssb_07459,ekte
1827,67-79,2015,199,personer,ssb_07459,ekte
1827,80-89,2015,61,personer,ssb_07459,ekte
1827,90+,2015,20,personer,ssb_07459,ekte
1827,alle,2015,1407,personer,ssb_07459,ekte
1828,0-17,2015,397,personer,ssb_07459,ekte
1828,18-29,2015,320,personer,ssb_07459,ekte
1828,30-49,2015,474,personer,ssb_07459,ekte
1828,50-66,2015,393,personer,ssb_07459,ekte
1828,67-79,2015,192,personer,ssb_07459,ekte
1828,80-89,2015,64,personer,ssb_07459,ekte
1828,90+,2015,31,personer,ssb_07459,ekte
1828,alle,2015,1871,personer,ssb_07459,ekte
1832,0-17,2015,938,personer,ssb_07459,ekte
1832,18-29,2015,652,personer,ssb_07459,ekte
1832,30-49,2015,1053,personer,ssb_07459,ekte
1832,50-66,2015,999,personer,ssb_07459,ekte
1832,67-79,2015,601,personer,ssb_07459,ekte
1832,80-89,2015,223,personer,ssb_07459,ekte
1832,90+,2015,62,personer,ssb_07459,ekte
1832,alle,2015,4528,personer,ssb_07459,ekte
1833,0-17,2015,5517,personer,ssb_07459,ekte
1833,18-29,2015,4075,personer,ssb_07459,ekte
1833,30-49,2015,6597,personer,ssb_07459,ekte
1833,50-66,2015,5739,personer,ssb_07459,ekte
1833,67-79,2015,2880,personer,ssb_07459,ekte
1833,80-89,2015,1032,personer,ssb_07459,ekte
1833,90+,2015,238,personer,ssb_07459,ekte
1833,alle,2015,26078,personer,ssb_07459,ekte
1834,0-17,2015,408,personer,ssb_07459,ekte
1834,18-29,2015,255,personer,ssb_07459,ekte
1834,30-49,2015,441,personer,ssb_07459,ekte
1834,50-66,2015,429,personer,ssb_07459,ekte
1834,67-79,2015,276,personer,ssb_07459,ekte
1834,80-89,2015,91,personer,ssb_07459,ekte
1834,90+,2015,17,personer,ssb_07459,ekte
1834,alle,2015,1917,personer,ssb_07459,ekte
1835,0-17,2015,112,personer,ssb_07459,ekte
1835,18-29,2015,72,personer,ssb_07459,ekte
1835,30-49,2015,139,personer,ssb_07459,ekte
1835,50-66,2015,91,personer,ssb_07459,ekte
1835,67-79,2015,49,personer,ssb_07459,ekte
1835,80-89,2015,20,personer,ssb_07459,ekte
1835,90+,2015,3,personer,ssb_07459,ekte
1835,alle,2015,486,personer,ssb_07459,ekte
1836,0-17,2015,306,personer,ssb_07459,ekte
1836,18-29,2015,179,personer,ssb_07459,ekte
1836,30-49,2015,273,personer,ssb_07459,ekte
1836,50-66,2015,285,personer,ssb_07459,ekte
1836,67-79,2015,159,personer,ssb_07459,ekte
1836,80-89,2015,59,personer,ssb_07459,ekte
1836,90+,2015,8,personer,ssb_07459,ekte
1836,alle,2015,1269,personer,ssb_07459,ekte
1837,0-17,2015,1416,personer,ssb_07459,ekte
1837,18-29,2015,944,personer,ssb_07459,ekte
1837,30-49,2015,1535,personer,ssb_07459,ekte
1837,50-66,2015,1422,personer,ssb_07459,ekte
1837,67-79,2015,740,personer,ssb_07459,ekte
1837,80-89,2015,309,personer,ssb_07459,ekte
1837,90+,2015,88,personer,ssb_07459,ekte
1837,alle,2015,6454,personer,ssb_07459,ekte
1838,0-17,2015,385,personer,ssb_07459,ekte
1838,18-29,2015,247,personer,ssb_07459,ekte
1838,30-49,2015,464,personer,ssb_07459,ekte
1838,50-66,2015,488,personer,ssb_07459,ekte
1838,67-79,2015,276,personer,ssb_07459,ekte
1838,80-89,2015,113,personer,ssb_07459,ekte
1838,90+,2015,41,personer,ssb_07459,ekte
1838,alle,2015,2014,personer,ssb_07459,ekte
1839,0-17,2015,172,personer,ssb_07459,ekte
1839,18-29,2015,119,personer,ssb_07459,ekte
1839,30-49,2015,214,personer,ssb_07459,ekte
1839,50-66,2015,296,personer,ssb_07459,ekte
1839,67-79,2015,174,personer,ssb_07459,ekte
1839,80-89,2015,72,personer,ssb_07459,ekte
1839,90+,2015,11,personer,ssb_07459,ekte
1839,alle,2015,1058,personer,ssb_07459,ekte
1840,0-17,2015,896,personer,ssb_07459,ekte
1840,18-29,2015,700,personer,ssb_07459,ekte
1840,30-49,2015,1143,personer,ssb_07459,ekte
1840,50-66,2015,1142,personer,ssb_07459,ekte
1840,67-79,2015,618,personer,ssb_07459,ekte
1840,80-89,2015,188,personer,ssb_07459,ekte
1840,90+,2015,47,personer,ssb_07459,ekte
1840,alle,2015,4734,personer,ssb_07459,ekte
1841,0-17,2015,1949,personer,ssb_07459,ekte
1841,18-29,2015,1361,personer,ssb_07459,ekte
1841,30-49,2015,2377,personer,ssb_07459,ekte
1841,50-66,2015,2237,personer,ssb_07459,ekte
1841,67-79,2015,1211,personer,ssb_07459,ekte
1841,80-89,2015,389,personer,ssb_07459,ekte
1841,90+,2015,98,personer,ssb_07459,ekte
1841,alle,2015,9622,personer,ssb_07459,ekte
1845,0-17,2015,387,personer,ssb_07459,ekte
1845,18-29,2015,237,personer,ssb_07459,ekte
1845,30-49,2015,444,personer,ssb_07459,ekte
1845,50-66,2015,469,personer,ssb_07459,ekte
1845,67-79,2015,305,personer,ssb_07459,ekte
1845,80-89,2015,86,personer,ssb_07459,ekte
1845,90+,2015,25,personer,ssb_07459,ekte
1845,alle,2015,1953,personer,ssb_07459,ekte
1848,0-17,2015,450,personer,ssb_07459,ekte
1848,18-29,2015,335,personer,ssb_07459,ekte
1848,30-49,2015,530,personer,ssb_07459,ekte
1848,50-66,2015,655,personer,ssb_07459,ekte
1848,67-79,2015,374,personer,ssb_07459,ekte
1848,80-89,2015,122,personer,ssb_07459,ekte
1848,90+,2015,41,personer,ssb_07459,ekte
1848,alle,2015,2507,personer,ssb_07459,ekte
1851,0-17,2015,383,personer,ssb_07459,ekte
1851,18-29,2015,289,personer,ssb_07459,ekte
1851,30-49,2015,446,personer,ssb_07459,ekte
1851,50-66,2015,557,personer,ssb_07459,ekte
1851,67-79,2015,330,personer,ssb_07459,ekte
1851,80-89,2015,127,personer,ssb_07459,ekte
1851,90+,2015,28,personer,ssb_07459,ekte
1851,alle,2015,2160,personer,ssb_07459,ekte
1853,0-17,2015,271,personer,ssb_07459,ekte
1853,18-29,2015,159,personer,ssb_07459,ekte
1853,30-49,2015,313,personer,ssb_07459,ekte
1853,50-66,2015,344,personer,ssb_07459,ekte
1853,67-79,2015,201,personer,ssb_07459,ekte
1853,80-89,2015,77,personer,ssb_07459,ekte
1853,90+,2015,20,personer,ssb_07459,ekte
1853,alle,2015,1385,personer,ssb_07459,ekte
1856,0-17,2015,102,personer,ssb_07459,ekte
1856,18-29,2015,69,personer,ssb_07459,ekte
1856,30-49,2015,142,personer,ssb_07459,ekte
1856,50-66,2015,136,personer,ssb_07459,ekte
1856,67-79,2015,58,personer,ssb_07459,ekte
1856,80-89,2015,32,personer,ssb_07459,ekte
1856,90+,2015,6,personer,ssb_07459,ekte
1856,alle,2015,545,personer,ssb_07459,ekte
1857,0-17,2015,165,personer,ssb_07459,ekte
1857,18-29,2015,108,personer,ssb_07459,ekte
1857,30-49,2015,221,personer,ssb_07459,ekte
1857,50-66,2015,156,personer,ssb_07459,ekte
1857,67-79,2015,96,personer,ssb_07459,ekte
1857,80-89,2015,27,personer,ssb_07459,ekte
1857,90+,2015,7,personer,ssb_07459,ekte
1857,alle,2015,780,personer,ssb_07459,ekte
1859,0-17,2015,273,personer,ssb_07459,ekte
1859,18-29,2015,205,personer,ssb_07459,ekte
1859,30-49,2015,288,personer,ssb_07459,ekte
1859,50-66,2015,307,personer,ssb_07459,ekte
1859,67-79,2015,195,personer,ssb_07459,ekte
1859,80-89,2015,75,personer,ssb_07459,ekte
1859,90+,2015,15,personer,ssb_07459,ekte
1859,alle,2015,1358,personer,ssb_07459,ekte
1860,0-17,2015,2531,personer,ssb_07459,ekte
1860,18-29,2015,1760,personer,ssb_07459,ekte
1860,30-49,2015,2651,personer,ssb_07459,ekte
1860,50-66,2015,2434,personer,ssb_07459,ekte
1860,67-79,2015,1199,personer,ssb_07459,ekte
1860,80-89,2015,469,personer,ssb_07459,ekte
1860,90+,2015,96,personer,ssb_07459,ekte
1860,alle,2015,11140,personer,ssb_07459,ekte
1865,0-17,2015,1931,personer,ssb_07459,ekte
1865,18-29,2015,1346,personer,ssb_07459,ekte
1865,30-49,2015,2424,personer,ssb_07459,ekte
1865,50-66,2015,2121,personer,ssb_07459,ekte
1865,67-79,2015,998,personer,ssb_07459,ekte
1865,80-89,2015,363,personer,ssb_07459,ekte
1865,90+,2015,102,personer,ssb_07459,ekte
1865,alle,2015,9285,personer,ssb_07459,ekte
1866,0-17,2015,1637,personer,ssb_07459,ekte
1866,18-29,2015,1207,personer,ssb_07459,ekte
1866,30-49,2015,1913,personer,ssb_07459,ekte
1866,50-66,2015,1823,personer,ssb_07459,ekte
1866,67-79,2015,1052,personer,ssb_07459,ekte
1866,80-89,2015,330,personer,ssb_07459,ekte
1866,90+,2015,95,personer,ssb_07459,ekte
1866,alle,2015,8057,personer,ssb_07459,ekte
1867,0-17,2015,440,personer,ssb_07459,ekte
1867,18-29,2015,297,personer,ssb_07459,ekte
1867,30-49,2015,579,personer,ssb_07459,ekte
1867,50-66,2015,638,personer,ssb_07459,ekte
1867,67-79,2015,457,personer,ssb_07459,ekte
1867,80-89,2015,183,personer,ssb_07459,ekte
1867,90+,2015,48,personer,ssb_07459,ekte
1867,alle,2015,2642,personer,ssb_07459,ekte
1868,0-17,2015,955,personer,ssb_07459,ekte
1868,18-29,2015,685,personer,ssb_07459,ekte
1868,30-49,2015,1175,personer,ssb_07459,ekte
1868,50-66,2015,1002,personer,ssb_07459,ekte
1868,67-79,2015,530,personer,ssb_07459,ekte
1868,80-89,2015,183,personer,ssb_07459,ekte
1868,90+,2015,33,personer,ssb_07459,ekte
1868,alle,2015,4563,personer,ssb_07459,ekte
1870,0-17,2015,2331,personer,ssb_07459,ekte
1870,18-29,2015,1600,personer,ssb_07459,ekte
1870,30-49,2015,2618,personer,ssb_07459,ekte
1870,50-66,2015,2171,personer,ssb_07459,ekte
1870,67-79,2015,1023,personer,ssb_07459,ekte
1870,80-89,2015,315,personer,ssb_07459,ekte
1870,90+,2015,108,personer,ssb_07459,ekte
1870,alle,2015,10166,personer,ssb_07459,ekte
1871,0-17,2015,993,personer,ssb_07459,ekte
1871,18-29,2015,700,personer,ssb_07459,ekte
1871,30-49,2015,1135,personer,ssb_07459,ekte
1871,50-66,2015,1141,personer,ssb_07459,ekte
1871,67-79,2015,706,personer,ssb_07459,ekte
1871,80-89,2015,257,personer,ssb_07459,ekte
1871,90+,2015,59,personer,ssb_07459,ekte
1871,alle,2015,4991,personer,ssb_07459,ekte
1874,0-17,2015,177,personer,ssb_07459,ekte
1874,18-29,2015,130,personer,ssb_07459,ekte
1874,30-49,2015,274,personer,ssb_07459,ekte
1874,50-66,2015,241,personer,ssb_07459,ekte
1874,67-79,2015,163,personer,ssb_07459,ekte
1874,80-89,2015,74,personer,ssb_07459,ekte
1874,90+,2015,11,personer,ssb_07459,ekte
1874,alle,2015,1070,personer,ssb_07459,ekte
1875,alle,2015,0,personer,ssb_07459,ekte
5501,alle,2015,0,personer,ssb_07459,ekte
5503,alle,2015,0,personer,ssb_07459,ekte
5510,alle,2015,0,personer,ssb_07459,ekte
5512,alle,2015,0,personer,ssb_07459,ekte
5514,alle,2015,0,personer,ssb_07459,ekte
5516,alle,2015,0,personer,ssb_07459,ekte
5518,alle,2015,0,personer,ssb_07459,ekte
5520,alle,2015,0,personer,ssb_07459,ekte
5522,alle,2015,0,personer,ssb_07459,ekte
5524,alle,2015,0,personer,ssb_07459,ekte
5526,alle,2015,0,personer,ssb_07459,ekte
5528,alle,2015,0,personer,ssb_07459,ekte
5530,alle,2015,0,personer,ssb_07459,ekte
5532,alle,2015,0,personer,ssb_07459,ekte
5534,alle,2015,0,personer,ssb_07459,ekte
5536,alle,2015,0,personer,ssb_07459,ekte
5538,alle,2015,0,personer,ssb_07459,ekte
5540,alle,2015,0,personer,ssb_07459,ekte
5542,alle,2015,0,personer,ssb_07459,ekte
5544,alle,2015,0,personer,ssb_07459,ekte
5546,alle,2015,0,personer,ssb_07459,ekte
5601,alle,2015,0,personer,ssb_07459,ekte
5603,alle,2015,0,personer,ssb_07459,ekte
5605,alle,2015,0,personer,ssb_07459,ekte
5607,alle,2015,0,personer,ssb_07459,ekte
5610,alle,2015,0,personer,ssb_07459,ekte
5612,alle,2015,0,personer,ssb_07459,ekte
5614,alle,2015,0,personer,ssb_07459,ekte
5616,alle,2015,0,personer,ssb_07459,ekte
5618,alle,2015,0,personer,ssb_07459,ekte
5620,alle,2015,0,personer,ssb_07459,ekte
5622,alle,2015,0,personer,ssb_07459,ekte
5624,alle,2015,0,personer,ssb_07459,ekte
5626,alle,2015,0,personer,ssb_07459,ekte
5628,alle,2015,0,personer,ssb_07459,ekte
5630,alle,2015,0,personer,ssb_07459,ekte
5632,alle,2015,0,personer,ssb_07459,ekte
5634,alle,2015,0,personer,ssb_07459,ekte
5636,alle,2015,0,personer,ssb_07459,ekte
3101,alle,2016,0,personer,ssb_07459,ekte
3103,alle,2016,0,personer,ssb_07459,ekte
3105,alle,2016,0,personer,ssb_07459,ekte
3107,alle,2016,0,personer,ssb_07459,ekte
3110,alle,2016,0,personer,ssb_07459,ekte
3112,alle,2016,0,personer,ssb_07459,ekte
3114,alle,2016,0,personer,ssb_07459,ekte
3116,alle,2016,0,personer,ssb_07459,ekte
3118,alle,2016,0,personer,ssb_07459,ekte
3120,alle,2016,0,personer,ssb_07459,ekte
3122,alle,2016,0,personer,ssb_07459,ekte
3124,alle,2016,0,personer,ssb_07459,ekte
3201,alle,2016,0,personer,ssb_07459,ekte
3203,alle,2016,0,personer,ssb_07459,ekte
3205,alle,2016,0,personer,ssb_07459,ekte
3207,alle,2016,0,personer,ssb_07459,ekte
3209,alle,2016,0,personer,ssb_07459,ekte
3212,alle,2016,0,personer,ssb_07459,ekte
3214,alle,2016,0,personer,ssb_07459,ekte
3216,alle,2016,0,personer,ssb_07459,ekte
3218,alle,2016,0,personer,ssb_07459,ekte
3220,alle,2016,0,personer,ssb_07459,ekte
3222,alle,2016,0,personer,ssb_07459,ekte
3224,alle,2016,0,personer,ssb_07459,ekte
3226,alle,2016,0,personer,ssb_07459,ekte
3228,alle,2016,0,personer,ssb_07459,ekte
3230,alle,2016,0,personer,ssb_07459,ekte
3232,alle,2016,0,personer,ssb_07459,ekte
3234,alle,2016,0,personer,ssb_07459,ekte
3236,alle,2016,0,personer,ssb_07459,ekte
3238,alle,2016,0,personer,ssb_07459,ekte
3240,alle,2016,0,personer,ssb_07459,ekte
3242,alle,2016,0,personer,ssb_07459,ekte
0301,0-17,2016,129466,personer,ssb_07459,ekte
0301,18-29,2016,130778,personer,ssb_07459,ekte
0301,30-49,2016,216484,personer,ssb_07459,ekte
0301,50-66,2016,111825,personer,ssb_07459,ekte
0301,67-79,2016,48611,personer,ssb_07459,ekte
0301,80-89,2016,16214,personer,ssb_07459,ekte
0301,90+,2016,5012,personer,ssb_07459,ekte
0301,alle,2016,658390,personer,ssb_07459,ekte
3301,alle,2016,0,personer,ssb_07459,ekte
3303,alle,2016,0,personer,ssb_07459,ekte
3305,alle,2016,0,personer,ssb_07459,ekte
3310,alle,2016,0,personer,ssb_07459,ekte
3312,alle,2016,0,personer,ssb_07459,ekte
3314,alle,2016,0,personer,ssb_07459,ekte
3316,alle,2016,0,personer,ssb_07459,ekte
3318,alle,2016,0,personer,ssb_07459,ekte
3320,alle,2016,0,personer,ssb_07459,ekte
3322,alle,2016,0,personer,ssb_07459,ekte
3324,alle,2016,0,personer,ssb_07459,ekte
3326,alle,2016,0,personer,ssb_07459,ekte
3328,alle,2016,0,personer,ssb_07459,ekte
3330,alle,2016,0,personer,ssb_07459,ekte
3332,alle,2016,0,personer,ssb_07459,ekte
3334,alle,2016,0,personer,ssb_07459,ekte
3336,alle,2016,0,personer,ssb_07459,ekte
3338,alle,2016,0,personer,ssb_07459,ekte
3401,alle,2016,0,personer,ssb_07459,ekte
3403,alle,2016,0,personer,ssb_07459,ekte
3405,alle,2016,0,personer,ssb_07459,ekte
3407,alle,2016,0,personer,ssb_07459,ekte
3411,alle,2016,0,personer,ssb_07459,ekte
3412,alle,2016,0,personer,ssb_07459,ekte
3413,alle,2016,0,personer,ssb_07459,ekte
3414,alle,2016,0,personer,ssb_07459,ekte
3415,alle,2016,0,personer,ssb_07459,ekte
3416,alle,2016,0,personer,ssb_07459,ekte
3417,alle,2016,0,personer,ssb_07459,ekte
3418,alle,2016,0,personer,ssb_07459,ekte
3419,alle,2016,0,personer,ssb_07459,ekte
3420,alle,2016,0,personer,ssb_07459,ekte
3421,alle,2016,0,personer,ssb_07459,ekte
3422,alle,2016,0,personer,ssb_07459,ekte
3423,alle,2016,0,personer,ssb_07459,ekte
3424,alle,2016,0,personer,ssb_07459,ekte
3425,alle,2016,0,personer,ssb_07459,ekte
3426,alle,2016,0,personer,ssb_07459,ekte
3427,alle,2016,0,personer,ssb_07459,ekte
3428,alle,2016,0,personer,ssb_07459,ekte
3429,alle,2016,0,personer,ssb_07459,ekte
3430,alle,2016,0,personer,ssb_07459,ekte
3431,alle,2016,0,personer,ssb_07459,ekte
3432,alle,2016,0,personer,ssb_07459,ekte
3433,alle,2016,0,personer,ssb_07459,ekte
3434,alle,2016,0,personer,ssb_07459,ekte
3435,alle,2016,0,personer,ssb_07459,ekte
3436,alle,2016,0,personer,ssb_07459,ekte
3437,alle,2016,0,personer,ssb_07459,ekte
3438,alle,2016,0,personer,ssb_07459,ekte
3439,alle,2016,0,personer,ssb_07459,ekte
3440,alle,2016,0,personer,ssb_07459,ekte
3441,alle,2016,0,personer,ssb_07459,ekte
3442,alle,2016,0,personer,ssb_07459,ekte
3443,alle,2016,0,personer,ssb_07459,ekte
3446,alle,2016,0,personer,ssb_07459,ekte
3447,alle,2016,0,personer,ssb_07459,ekte
3448,alle,2016,0,personer,ssb_07459,ekte
3449,alle,2016,0,personer,ssb_07459,ekte
3450,alle,2016,0,personer,ssb_07459,ekte
3451,alle,2016,0,personer,ssb_07459,ekte
3452,alle,2016,0,personer,ssb_07459,ekte
3453,alle,2016,0,personer,ssb_07459,ekte
3454,alle,2016,0,personer,ssb_07459,ekte
3901,alle,2016,0,personer,ssb_07459,ekte
3903,alle,2016,0,personer,ssb_07459,ekte
3905,alle,2016,0,personer,ssb_07459,ekte
3907,alle,2016,0,personer,ssb_07459,ekte
3909,alle,2016,0,personer,ssb_07459,ekte
3911,alle,2016,0,personer,ssb_07459,ekte
4001,alle,2016,0,personer,ssb_07459,ekte
4003,alle,2016,0,personer,ssb_07459,ekte
4005,alle,2016,0,personer,ssb_07459,ekte
4010,alle,2016,0,personer,ssb_07459,ekte
4012,alle,2016,0,personer,ssb_07459,ekte
4014,alle,2016,0,personer,ssb_07459,ekte
4016,alle,2016,0,personer,ssb_07459,ekte
4018,alle,2016,0,personer,ssb_07459,ekte
4020,alle,2016,0,personer,ssb_07459,ekte
4022,alle,2016,0,personer,ssb_07459,ekte
4024,alle,2016,0,personer,ssb_07459,ekte
4026,alle,2016,0,personer,ssb_07459,ekte
4028,alle,2016,0,personer,ssb_07459,ekte
4030,alle,2016,0,personer,ssb_07459,ekte
4032,alle,2016,0,personer,ssb_07459,ekte
4034,alle,2016,0,personer,ssb_07459,ekte
4036,alle,2016,0,personer,ssb_07459,ekte
4201,alle,2016,0,personer,ssb_07459,ekte
4202,alle,2016,0,personer,ssb_07459,ekte
4203,alle,2016,0,personer,ssb_07459,ekte
4204,alle,2016,0,personer,ssb_07459,ekte
4205,alle,2016,0,personer,ssb_07459,ekte
4206,alle,2016,0,personer,ssb_07459,ekte
4207,alle,2016,0,personer,ssb_07459,ekte
4211,alle,2016,0,personer,ssb_07459,ekte
4212,alle,2016,0,personer,ssb_07459,ekte
4213,alle,2016,0,personer,ssb_07459,ekte
4214,alle,2016,0,personer,ssb_07459,ekte
4215,alle,2016,0,personer,ssb_07459,ekte
4216,alle,2016,0,personer,ssb_07459,ekte
4217,alle,2016,0,personer,ssb_07459,ekte
4218,alle,2016,0,personer,ssb_07459,ekte
4219,alle,2016,0,personer,ssb_07459,ekte
4220,alle,2016,0,personer,ssb_07459,ekte
4221,alle,2016,0,personer,ssb_07459,ekte
4222,alle,2016,0,personer,ssb_07459,ekte
4223,alle,2016,0,personer,ssb_07459,ekte
4224,alle,2016,0,personer,ssb_07459,ekte
4225,alle,2016,0,personer,ssb_07459,ekte
4226,alle,2016,0,personer,ssb_07459,ekte
4227,alle,2016,0,personer,ssb_07459,ekte
4228,alle,2016,0,personer,ssb_07459,ekte
1101,0-17,2016,3487,personer,ssb_07459,ekte
1101,18-29,2016,2365,personer,ssb_07459,ekte
1101,30-49,2016,3972,personer,ssb_07459,ekte
1101,50-66,2016,3061,personer,ssb_07459,ekte
1101,67-79,2016,1438,personer,ssb_07459,ekte
1101,80-89,2016,514,personer,ssb_07459,ekte
1101,90+,2016,105,personer,ssb_07459,ekte
1101,alle,2016,14942,personer,ssb_07459,ekte
1103,0-17,2016,29323,personer,ssb_07459,ekte
1103,18-29,2016,23300,personer,ssb_07459,ekte
1103,30-49,2016,39755,personer,ssb_07459,ekte
1103,50-66,2016,25385,personer,ssb_07459,ekte
1103,67-79,2016,10331,personer,ssb_07459,ekte
1103,80-89,2016,3586,personer,ssb_07459,ekte
1103,90+,2016,964,personer,ssb_07459,ekte
1103,alle,2016,132644,personer,ssb_07459,ekte
1106,0-17,2016,7936,personer,ssb_07459,ekte
1106,18-29,2016,6088,personer,ssb_07459,ekte
1106,30-49,2016,10797,personer,ssb_07459,ekte
1106,50-66,2016,7216,personer,ssb_07459,ekte
1106,67-79,2016,3377,personer,ssb_07459,ekte
1106,80-89,2016,1214,personer,ssb_07459,ekte
1106,90+,2016,323,personer,ssb_07459,ekte
1106,alle,2016,36951,personer,ssb_07459,ekte
1108,alle,2016,0,personer,ssb_07459,ekte
1111,0-17,2016,777,personer,ssb_07459,ekte
1111,18-29,2016,488,personer,ssb_07459,ekte
1111,30-49,2016,784,personer,ssb_07459,ekte
1111,50-66,2016,731,personer,ssb_07459,ekte
1111,67-79,2016,342,personer,ssb_07459,ekte
1111,80-89,2016,148,personer,ssb_07459,ekte
1111,90+,2016,43,personer,ssb_07459,ekte
1111,alle,2016,3313,personer,ssb_07459,ekte
1112,0-17,2016,797,personer,ssb_07459,ekte
1112,18-29,2016,505,personer,ssb_07459,ekte
1112,30-49,2016,775,personer,ssb_07459,ekte
1112,50-66,2016,701,personer,ssb_07459,ekte
1112,67-79,2016,317,personer,ssb_07459,ekte
1112,80-89,2016,105,personer,ssb_07459,ekte
1112,90+,2016,43,personer,ssb_07459,ekte
1112,alle,2016,3243,personer,ssb_07459,ekte
1114,0-17,2016,758,personer,ssb_07459,ekte
1114,18-29,2016,424,personer,ssb_07459,ekte
1114,30-49,2016,739,personer,ssb_07459,ekte
1114,50-66,2016,579,personer,ssb_07459,ekte
1114,67-79,2016,223,personer,ssb_07459,ekte
1114,80-89,2016,80,personer,ssb_07459,ekte
1114,90+,2016,22,personer,ssb_07459,ekte
1114,alle,2016,2825,personer,ssb_07459,ekte
1119,0-17,2016,4962,personer,ssb_07459,ekte
1119,18-29,2016,3200,personer,ssb_07459,ekte
1119,30-49,2016,5093,personer,ssb_07459,ekte
1119,50-66,2016,3319,personer,ssb_07459,ekte
1119,67-79,2016,1420,personer,ssb_07459,ekte
1119,80-89,2016,460,personer,ssb_07459,ekte
1119,90+,2016,137,personer,ssb_07459,ekte
1119,alle,2016,18591,personer,ssb_07459,ekte
1120,0-17,2016,5042,personer,ssb_07459,ekte
1120,18-29,2016,3196,personer,ssb_07459,ekte
1120,30-49,2016,5577,personer,ssb_07459,ekte
1120,50-66,2016,3144,personer,ssb_07459,ekte
1120,67-79,2016,1525,personer,ssb_07459,ekte
1120,80-89,2016,400,personer,ssb_07459,ekte
1120,90+,2016,86,personer,ssb_07459,ekte
1120,alle,2016,18970,personer,ssb_07459,ekte
1121,0-17,2016,4782,personer,ssb_07459,ekte
1121,18-29,2016,3177,personer,ssb_07459,ekte
1121,30-49,2016,5217,personer,ssb_07459,ekte
1121,50-66,2016,3386,personer,ssb_07459,ekte
1121,67-79,2016,1437,personer,ssb_07459,ekte
1121,80-89,2016,479,personer,ssb_07459,ekte
1121,90+,2016,94,personer,ssb_07459,ekte
1121,alle,2016,18572,personer,ssb_07459,ekte
1122,0-17,2016,3218,personer,ssb_07459,ekte
1122,18-29,2016,2142,personer,ssb_07459,ekte
1122,30-49,2016,3426,personer,ssb_07459,ekte
1122,50-66,2016,2078,personer,ssb_07459,ekte
1122,67-79,2016,746,personer,ssb_07459,ekte
1122,80-89,2016,192,personer,ssb_07459,ekte
1122,90+,2016,51,personer,ssb_07459,ekte
1122,alle,2016,11853,personer,ssb_07459,ekte
1124,0-17,2016,6591,personer,ssb_07459,ekte
1124,18-29,2016,4379,personer,ssb_07459,ekte
1124,30-49,2016,7705,personer,ssb_07459,ekte
1124,50-66,2016,4781,personer,ssb_07459,ekte
1124,67-79,2016,1903,personer,ssb_07459,ekte
1124,80-89,2016,622,personer,ssb_07459,ekte
1124,90+,2016,115,personer,ssb_07459,ekte
1124,alle,2016,26096,personer,ssb_07459,ekte
1127,0-17,2016,2731,personer,ssb_07459,ekte
1127,18-29,2016,1773,personer,ssb_07459,ekte
1127,30-49,2016,2955,personer,ssb_07459,ekte
1127,50-66,2016,2056,personer,ssb_07459,ekte
1127,67-79,2016,894,personer,ssb_07459,ekte
1127,80-89,2016,277,personer,ssb_07459,ekte
1127,90+,2016,51,personer,ssb_07459,ekte
1127,alle,2016,10737,personer,ssb_07459,ekte
1130,0-17,2016,3217,personer,ssb_07459,ekte
1130,18-29,2016,2026,personer,ssb_07459,ekte
1130,30-49,2016,3306,personer,ssb_07459,ekte
1130,50-66,2016,2312,personer,ssb_07459,ekte
1130,67-79,2016,1125,personer,ssb_07459,ekte
1130,80-89,2016,391,personer,ssb_07459,ekte
1130,90+,2016,87,personer,ssb_07459,ekte
1130,alle,2016,12464,personer,ssb_07459,ekte
1133,0-17,2016,688,personer,ssb_07459,ekte
1133,18-29,2016,328,personer,ssb_07459,ekte
1133,30-49,2016,689,personer,ssb_07459,ekte
1133,50-66,2016,585,personer,ssb_07459,ekte
1133,67-79,2016,316,personer,ssb_07459,ekte
1133,80-89,2016,104,personer,ssb_07459,ekte
1133,90+,2016,27,personer,ssb_07459,ekte
1133,alle,2016,2737,personer,ssb_07459,ekte
1134,0-17,2016,913,personer,ssb_07459,ekte
1134,18-29,2016,516,personer,ssb_07459,ekte
1134,30-49,2016,945,personer,ssb_07459,ekte
1134,50-66,2016,864,personer,ssb_07459,ekte
1134,67-79,2016,436,personer,ssb_07459,ekte
1134,80-89,2016,173,personer,ssb_07459,ekte
1134,90+,2016,56,personer,ssb_07459,ekte
1134,alle,2016,3903,personer,ssb_07459,ekte
1135,0-17,2016,981,personer,ssb_07459,ekte
1135,18-29,2016,694,personer,ssb_07459,ekte
1135,30-49,2016,1087,personer,ssb_07459,ekte
1135,50-66,2016,1068,personer,ssb_07459,ekte
1135,67-79,2016,521,personer,ssb_07459,ekte
1135,80-89,2016,304,personer,ssb_07459,ekte
1135,90+,2016,55,personer,ssb_07459,ekte
1135,alle,2016,4710,personer,ssb_07459,ekte
1144,0-17,2016,121,personer,ssb_07459,ekte
1144,18-29,2016,65,personer,ssb_07459,ekte
1144,30-49,2016,126,personer,ssb_07459,ekte
1144,50-66,2016,110,personer,ssb_07459,ekte
1144,67-79,2016,67,personer,ssb_07459,ekte
1144,80-89,2016,30,personer,ssb_07459,ekte
1144,90+,2016,5,personer,ssb_07459,ekte
1144,alle,2016,524,personer,ssb_07459,ekte
1145,0-17,2016,203,personer,ssb_07459,ekte
1145,18-29,2016,119,personer,ssb_07459,ekte
1145,30-49,2016,222,personer,ssb_07459,ekte
1145,50-66,2016,171,personer,ssb_07459,ekte
1145,67-79,2016,95,personer,ssb_07459,ekte
1145,80-89,2016,45,personer,ssb_07459,ekte
1145,90+,2016,10,personer,ssb_07459,ekte
1145,alle,2016,865,personer,ssb_07459,ekte
1146,0-17,2016,2951,personer,ssb_07459,ekte
1146,18-29,2016,1650,personer,ssb_07459,ekte
1146,30-49,2016,2934,personer,ssb_07459,ekte
1146,50-66,2016,1995,personer,ssb_07459,ekte
1146,67-79,2016,1041,personer,ssb_07459,ekte
1146,80-89,2016,288,personer,ssb_07459,ekte
1146,90+,2016,66,personer,ssb_07459,ekte
1146,alle,2016,10925,personer,ssb_07459,ekte
1149,0-17,2016,10198,personer,ssb_07459,ekte
1149,18-29,2016,6493,personer,ssb_07459,ekte
1149,30-49,2016,11507,personer,ssb_07459,ekte
1149,50-66,2016,8249,personer,ssb_07459,ekte
1149,67-79,2016,4167,personer,ssb_07459,ekte
1149,80-89,2016,1292,personer,ssb_07459,ekte
1149,90+,2016,281,personer,ssb_07459,ekte
1149,alle,2016,42187,personer,ssb_07459,ekte
1151,0-17,2016,44,personer,ssb_07459,ekte
1151,18-29,2016,25,personer,ssb_07459,ekte
1151,30-49,2016,48,personer,ssb_07459,ekte
1151,50-66,2016,48,personer,ssb_07459,ekte
1151,67-79,2016,24,personer,ssb_07459,ekte
1151,80-89,2016,8,personer,ssb_07459,ekte
1151,90+,2016,3,personer,ssb_07459,ekte
1151,alle,2016,200,personer,ssb_07459,ekte
1160,0-17,2016,2089,personer,ssb_07459,ekte
1160,18-29,2016,1379,personer,ssb_07459,ekte
1160,30-49,2016,2195,personer,ssb_07459,ekte
1160,50-66,2016,1854,personer,ssb_07459,ekte
1160,67-79,2016,807,personer,ssb_07459,ekte
1160,80-89,2016,363,personer,ssb_07459,ekte
1160,90+,2016,101,personer,ssb_07459,ekte
1160,alle,2016,8788,personer,ssb_07459,ekte
4601,alle,2016,0,personer,ssb_07459,ekte
4602,alle,2016,0,personer,ssb_07459,ekte
4611,alle,2016,0,personer,ssb_07459,ekte
4612,alle,2016,0,personer,ssb_07459,ekte
4613,alle,2016,0,personer,ssb_07459,ekte
4614,alle,2016,0,personer,ssb_07459,ekte
4615,alle,2016,0,personer,ssb_07459,ekte
4616,alle,2016,0,personer,ssb_07459,ekte
4617,alle,2016,0,personer,ssb_07459,ekte
4618,alle,2016,0,personer,ssb_07459,ekte
4619,alle,2016,0,personer,ssb_07459,ekte
4620,alle,2016,0,personer,ssb_07459,ekte
4621,alle,2016,0,personer,ssb_07459,ekte
4622,alle,2016,0,personer,ssb_07459,ekte
4623,alle,2016,0,personer,ssb_07459,ekte
4624,alle,2016,0,personer,ssb_07459,ekte
4625,alle,2016,0,personer,ssb_07459,ekte
4626,alle,2016,0,personer,ssb_07459,ekte
4627,alle,2016,0,personer,ssb_07459,ekte
4628,alle,2016,0,personer,ssb_07459,ekte
4629,alle,2016,0,personer,ssb_07459,ekte
4630,alle,2016,0,personer,ssb_07459,ekte
4631,alle,2016,0,personer,ssb_07459,ekte
4632,alle,2016,0,personer,ssb_07459,ekte
4633,alle,2016,0,personer,ssb_07459,ekte
4634,alle,2016,0,personer,ssb_07459,ekte
4635,alle,2016,0,personer,ssb_07459,ekte
4636,alle,2016,0,personer,ssb_07459,ekte
4637,alle,2016,0,personer,ssb_07459,ekte
4638,alle,2016,0,personer,ssb_07459,ekte
4639,alle,2016,0,personer,ssb_07459,ekte
4640,alle,2016,0,personer,ssb_07459,ekte
4641,alle,2016,0,personer,ssb_07459,ekte
4642,alle,2016,0,personer,ssb_07459,ekte
4643,alle,2016,0,personer,ssb_07459,ekte
4644,alle,2016,0,personer,ssb_07459,ekte
4645,alle,2016,0,personer,ssb_07459,ekte
4646,alle,2016,0,personer,ssb_07459,ekte
4647,alle,2016,0,personer,ssb_07459,ekte
4648,alle,2016,0,personer,ssb_07459,ekte
4649,alle,2016,0,personer,ssb_07459,ekte
4650,alle,2016,0,personer,ssb_07459,ekte
4651,alle,2016,0,personer,ssb_07459,ekte
1505,0-17,2016,5066,personer,ssb_07459,ekte
1505,18-29,2016,3780,personer,ssb_07459,ekte
1505,30-49,2016,6564,personer,ssb_07459,ekte
1505,50-66,2016,5348,personer,ssb_07459,ekte
1505,67-79,2016,2708,personer,ssb_07459,ekte
1505,80-89,2016,878,personer,ssb_07459,ekte
1505,90+,2016,182,personer,ssb_07459,ekte
1505,alle,2016,24526,personer,ssb_07459,ekte
1506,alle,2016,0,personer,ssb_07459,ekte
1508,alle,2016,0,personer,ssb_07459,ekte
1511,0-17,2016,595,personer,ssb_07459,ekte
1511,18-29,2016,439,personer,ssb_07459,ekte
1511,30-49,2016,661,personer,ssb_07459,ekte
1511,50-66,2016,834,personer,ssb_07459,ekte
1511,67-79,2016,480,personer,ssb_07459,ekte
1511,80-89,2016,172,personer,ssb_07459,ekte
1511,90+,2016,75,personer,ssb_07459,ekte
1511,alle,2016,3256,personer,ssb_07459,ekte
1514,0-17,2016,487,personer,ssb_07459,ekte
1514,18-29,2016,328,personer,ssb_07459,ekte
1514,30-49,2016,658,personer,ssb_07459,ekte
1514,50-66,2016,589,personer,ssb_07459,ekte
1514,67-79,2016,308,personer,ssb_07459,ekte
1514,80-89,2016,149,personer,ssb_07459,ekte
1514,90+,2016,40,personer,ssb_07459,ekte
1514,alle,2016,2559,personer,ssb_07459,ekte
1515,0-17,2016,1999,personer,ssb_07459,ekte
1515,18-29,2016,1297,personer,ssb_07459,ekte
1515,30-49,2016,2317,personer,ssb_07459,ekte
1515,50-66,2016,1940,personer,ssb_07459,ekte
1515,67-79,2016,958,personer,ssb_07459,ekte
1515,80-89,2016,367,personer,ssb_07459,ekte
1515,90+,2016,94,personer,ssb_07459,ekte
1515,alle,2016,8972,personer,ssb_07459,ekte
1516,0-17,2016,2083,personer,ssb_07459,ekte
1516,18-29,2016,1231,personer,ssb_07459,ekte
1516,30-49,2016,2474,personer,ssb_07459,ekte
1516,50-66,2016,1584,personer,ssb_07459,ekte
1516,67-79,2016,763,personer,ssb_07459,ekte
1516,80-89,2016,238,personer,ssb_07459,ekte
1516,90+,2016,57,personer,ssb_07459,ekte
1516,alle,2016,8430,personer,ssb_07459,ekte
1517,0-17,2016,1207,personer,ssb_07459,ekte
1517,18-29,2016,815,personer,ssb_07459,ekte
1517,30-49,2016,1323,personer,ssb_07459,ekte
1517,50-66,2016,1077,personer,ssb_07459,ekte
1517,67-79,2016,493,personer,ssb_07459,ekte
1517,80-89,2016,207,personer,ssb_07459,ekte
1517,90+,2016,67,personer,ssb_07459,ekte
1517,alle,2016,5189,personer,ssb_07459,ekte
1520,0-17,2016,2375,personer,ssb_07459,ekte
1520,18-29,2016,1603,personer,ssb_07459,ekte
1520,30-49,2016,2652,personer,ssb_07459,ekte
1520,50-66,2016,2273,personer,ssb_07459,ekte
1520,67-79,2016,1138,personer,ssb_07459,ekte
1520,80-89,2016,512,personer,ssb_07459,ekte
1520,90+,2016,124,personer,ssb_07459,ekte
1520,alle,2016,10677,personer,ssb_07459,ekte
1525,0-17,2016,927,personer,ssb_07459,ekte
1525,18-29,2016,713,personer,ssb_07459,ekte
1525,30-49,2016,1117,personer,ssb_07459,ekte
1525,50-66,2016,950,personer,ssb_07459,ekte
1525,67-79,2016,566,personer,ssb_07459,ekte
1525,80-89,2016,245,personer,ssb_07459,ekte
1525,90+,2016,80,personer,ssb_07459,ekte
1525,alle,2016,4598,personer,ssb_07459,ekte
1528,0-17,2016,1758,personer,ssb_07459,ekte
1528,18-29,2016,1052,personer,ssb_07459,ekte
1528,30-49,2016,1970,personer,ssb_07459,ekte
1528,50-66,2016,1690,personer,ssb_07459,ekte
1528,67-79,2016,807,personer,ssb_07459,ekte
1528,80-89,2016,315,personer,ssb_07459,ekte
1528,90+,2016,83,personer,ssb_07459,ekte
1528,alle,2016,7675,personer,ssb_07459,ekte
1531,0-17,2016,2285,personer,ssb_07459,ekte
1531,18-29,2016,1310,personer,ssb_07459,ekte
1531,30-49,2016,2465,personer,ssb_07459,ekte
1531,50-66,2016,1700,personer,ssb_07459,ekte
1531,67-79,2016,770,personer,ssb_07459,ekte
1531,80-89,2016,330,personer,ssb_07459,ekte
1531,90+,2016,92,personer,ssb_07459,ekte
1531,alle,2016,8952,personer,ssb_07459,ekte
1532,0-17,2016,2079,personer,ssb_07459,ekte
1532,18-29,2016,1227,personer,ssb_07459,ekte
1532,30-49,2016,2183,personer,ssb_07459,ekte
1532,50-66,2016,1565,personer,ssb_07459,ekte
1532,67-79,2016,711,personer,ssb_07459,ekte
1532,80-89,2016,271,personer,ssb_07459,ekte
1532,90+,2016,58,personer,ssb_07459,ekte
1532,alle,2016,8094,personer,ssb_07459,ekte
1535,0-17,2016,1322,personer,ssb_07459,ekte
1535,18-29,2016,1006,personer,ssb_07459,ekte
1535,30-49,2016,1662,personer,ssb_07459,ekte
1535,50-66,2016,1525,personer,ssb_07459,ekte
1535,67-79,2016,774,personer,ssb_07459,ekte
1535,80-89,2016,252,personer,ssb_07459,ekte
1535,90+,2016,70,personer,ssb_07459,ekte
1535,alle,2016,6611,personer,ssb_07459,ekte
1539,0-17,2016,1555,personer,ssb_07459,ekte
1539,18-29,2016,1031,personer,ssb_07459,ekte
1539,30-49,2016,1800,personer,ssb_07459,ekte
1539,50-66,2016,1694,personer,ssb_07459,ekte
1539,67-79,2016,896,personer,ssb_07459,ekte
1539,80-89,2016,403,personer,ssb_07459,ekte
1539,90+,2016,113,personer,ssb_07459,ekte
1539,alle,2016,7492,personer,ssb_07459,ekte
1547,0-17,2016,849,personer,ssb_07459,ekte
1547,18-29,2016,510,personer,ssb_07459,ekte
1547,30-49,2016,918,personer,ssb_07459,ekte
1547,50-66,2016,653,personer,ssb_07459,ekte
1547,67-79,2016,410,personer,ssb_07459,ekte
1547,80-89,2016,144,personer,ssb_07459,ekte
1547,90+,2016,34,personer,ssb_07459,ekte
1547,alle,2016,3518,personer,ssb_07459,ekte
1554,0-17,2016,1260,personer,ssb_07459,ekte
1554,18-29,2016,832,personer,ssb_07459,ekte
1554,30-49,2016,1428,personer,ssb_07459,ekte
1554,50-66,2016,1360,personer,ssb_07459,ekte
1554,67-79,2016,684,personer,ssb_07459,ekte
1554,80-89,2016,197,personer,ssb_07459,ekte
1554,90+,2016,65,personer,ssb_07459,ekte
1554,alle,2016,5826,personer,ssb_07459,ekte
1557,0-17,2016,570,personer,ssb_07459,ekte
1557,18-29,2016,316,personer,ssb_07459,ekte
1557,30-49,2016,611,personer,ssb_07459,ekte
1557,50-66,2016,621,personer,ssb_07459,ekte
1557,67-79,2016,327,personer,ssb_07459,ekte
1557,80-89,2016,111,personer,ssb_07459,ekte
1557,90+,2016,37,personer,ssb_07459,ekte
1557,alle,2016,2593,personer,ssb_07459,ekte
1560,0-17,2016,623,personer,ssb_07459,ekte
1560,18-29,2016,401,personer,ssb_07459,ekte
1560,30-49,2016,725,personer,ssb_07459,ekte
1560,50-66,2016,715,personer,ssb_07459,ekte
1560,67-79,2016,447,personer,ssb_07459,ekte
1560,80-89,2016,147,personer,ssb_07459,ekte
1560,90+,2016,45,personer,ssb_07459,ekte
1560,alle,2016,3103,personer,ssb_07459,ekte
1563,0-17,2016,1459,personer,ssb_07459,ekte
1563,18-29,2016,1062,personer,ssb_07459,ekte
1563,30-49,2016,1675,personer,ssb_07459,ekte
1563,50-66,2016,1714,personer,ssb_07459,ekte
1563,67-79,2016,793,personer,ssb_07459,ekte
1563,80-89,2016,371,personer,ssb_07459,ekte
1563,90+,2016,86,personer,ssb_07459,ekte
1563,alle,2016,7160,personer,ssb_07459,ekte
1566,0-17,2016,1203,personer,ssb_07459,ekte
1566,18-29,2016,876,personer,ssb_07459,ekte
1566,30-49,2016,1406,personer,ssb_07459,ekte
1566,50-66,2016,1352,personer,ssb_07459,ekte
1566,67-79,2016,810,personer,ssb_07459,ekte
1566,80-89,2016,254,personer,ssb_07459,ekte
1566,90+,2016,68,personer,ssb_07459,ekte
1566,alle,2016,5969,personer,ssb_07459,ekte
1573,0-17,2016,391,personer,ssb_07459,ekte
1573,18-29,2016,285,personer,ssb_07459,ekte
1573,30-49,2016,490,personer,ssb_07459,ekte
1573,50-66,2016,545,personer,ssb_07459,ekte
1573,67-79,2016,286,personer,ssb_07459,ekte
1573,80-89,2016,118,personer,ssb_07459,ekte
1573,90+,2016,26,personer,ssb_07459,ekte
1573,alle,2016,2141,personer,ssb_07459,ekte
1576,0-17,2016,692,personer,ssb_07459,ekte
1576,18-29,2016,416,personer,ssb_07459,ekte
1576,30-49,2016,879,personer,ssb_07459,ekte
1576,50-66,2016,833,personer,ssb_07459,ekte
1576,67-79,2016,496,personer,ssb_07459,ekte
1576,80-89,2016,180,personer,ssb_07459,ekte
1576,90+,2016,40,personer,ssb_07459,ekte
1576,alle,2016,3536,personer,ssb_07459,ekte
1577,alle,2016,0,personer,ssb_07459,ekte
1578,alle,2016,0,personer,ssb_07459,ekte
1579,alle,2016,0,personer,ssb_07459,ekte
1580,alle,2016,0,personer,ssb_07459,ekte
5001,alle,2016,0,personer,ssb_07459,ekte
5006,alle,2016,0,personer,ssb_07459,ekte
5007,alle,2016,0,personer,ssb_07459,ekte
5014,alle,2016,0,personer,ssb_07459,ekte
5020,alle,2016,0,personer,ssb_07459,ekte
5021,alle,2016,0,personer,ssb_07459,ekte
5022,alle,2016,0,personer,ssb_07459,ekte
5025,alle,2016,0,personer,ssb_07459,ekte
5026,alle,2016,0,personer,ssb_07459,ekte
5027,alle,2016,0,personer,ssb_07459,ekte
5028,alle,2016,0,personer,ssb_07459,ekte
5029,alle,2016,0,personer,ssb_07459,ekte
5031,alle,2016,0,personer,ssb_07459,ekte
5032,alle,2016,0,personer,ssb_07459,ekte
5033,alle,2016,0,personer,ssb_07459,ekte
5034,alle,2016,0,personer,ssb_07459,ekte
5035,alle,2016,0,personer,ssb_07459,ekte
5036,alle,2016,0,personer,ssb_07459,ekte
5037,alle,2016,0,personer,ssb_07459,ekte
5038,alle,2016,0,personer,ssb_07459,ekte
5041,alle,2016,0,personer,ssb_07459,ekte
5042,alle,2016,0,personer,ssb_07459,ekte
5043,alle,2016,0,personer,ssb_07459,ekte
5044,alle,2016,0,personer,ssb_07459,ekte
5045,alle,2016,0,personer,ssb_07459,ekte
5046,alle,2016,0,personer,ssb_07459,ekte
5047,alle,2016,0,personer,ssb_07459,ekte
5049,alle,2016,0,personer,ssb_07459,ekte
5052,alle,2016,0,personer,ssb_07459,ekte
5053,alle,2016,0,personer,ssb_07459,ekte
5054,alle,2016,0,personer,ssb_07459,ekte
5055,alle,2016,0,personer,ssb_07459,ekte
5056,alle,2016,0,personer,ssb_07459,ekte
5057,alle,2016,0,personer,ssb_07459,ekte
5058,alle,2016,0,personer,ssb_07459,ekte
5059,alle,2016,0,personer,ssb_07459,ekte
5060,alle,2016,0,personer,ssb_07459,ekte
5061,alle,2016,0,personer,ssb_07459,ekte
1804,0-17,2016,10967,personer,ssb_07459,ekte
1804,18-29,2016,8775,personer,ssb_07459,ekte
1804,30-49,2016,13890,personer,ssb_07459,ekte
1804,50-66,2016,10412,personer,ssb_07459,ekte
1804,67-79,2016,4694,personer,ssb_07459,ekte
1804,80-89,2016,1459,personer,ssb_07459,ekte
1804,90+,2016,291,personer,ssb_07459,ekte
1804,alle,2016,50488,personer,ssb_07459,ekte
1806,alle,2016,0,personer,ssb_07459,ekte
1811,0-17,2016,269,personer,ssb_07459,ekte
1811,18-29,2016,180,personer,ssb_07459,ekte
1811,30-49,2016,285,personer,ssb_07459,ekte
1811,50-66,2016,389,personer,ssb_07459,ekte
1811,67-79,2016,239,personer,ssb_07459,ekte
1811,80-89,2016,83,personer,ssb_07459,ekte
1811,90+,2016,20,personer,ssb_07459,ekte
1811,alle,2016,1465,personer,ssb_07459,ekte
1812,0-17,2016,428,personer,ssb_07459,ekte
1812,18-29,2016,282,personer,ssb_07459,ekte
1812,30-49,2016,490,personer,ssb_07459,ekte
1812,50-66,2016,457,personer,ssb_07459,ekte
1812,67-79,2016,265,personer,ssb_07459,ekte
1812,80-89,2016,89,personer,ssb_07459,ekte
1812,90+,2016,20,personer,ssb_07459,ekte
1812,alle,2016,2031,personer,ssb_07459,ekte
1813,0-17,2016,1808,personer,ssb_07459,ekte
1813,18-29,2016,1198,personer,ssb_07459,ekte
1813,30-49,2016,2002,personer,ssb_07459,ekte
1813,50-66,2016,1772,personer,ssb_07459,ekte
1813,67-79,2016,824,personer,ssb_07459,ekte
1813,80-89,2016,302,personer,ssb_07459,ekte
1813,90+,2016,56,personer,ssb_07459,ekte
1813,alle,2016,7962,personer,ssb_07459,ekte
1815,0-17,2016,230,personer,ssb_07459,ekte
1815,18-29,2016,179,personer,ssb_07459,ekte
1815,30-49,2016,260,personer,ssb_07459,ekte
1815,50-66,2016,302,personer,ssb_07459,ekte
1815,67-79,2016,198,personer,ssb_07459,ekte
1815,80-89,2016,64,personer,ssb_07459,ekte
1815,90+,2016,11,personer,ssb_07459,ekte
1815,alle,2016,1244,personer,ssb_07459,ekte
1816,0-17,2016,103,personer,ssb_07459,ekte
1816,18-29,2016,61,personer,ssb_07459,ekte
1816,30-49,2016,111,personer,ssb_07459,ekte
1816,50-66,2016,125,personer,ssb_07459,ekte
1816,67-79,2016,85,personer,ssb_07459,ekte
1816,80-89,2016,19,personer,ssb_07459,ekte
1816,90+,2016,3,personer,ssb_07459,ekte
1816,alle,2016,507,personer,ssb_07459,ekte
1818,0-17,2016,314,personer,ssb_07459,ekte
1818,18-29,2016,268,personer,ssb_07459,ekte
1818,30-49,2016,407,personer,ssb_07459,ekte
1818,50-66,2016,429,personer,ssb_07459,ekte
1818,67-79,2016,239,personer,ssb_07459,ekte
1818,80-89,2016,62,personer,ssb_07459,ekte
1818,90+,2016,24,personer,ssb_07459,ekte
1818,alle,2016,1743,personer,ssb_07459,ekte
1820,0-17,2016,1546,personer,ssb_07459,ekte
1820,18-29,2016,1170,personer,ssb_07459,ekte
1820,30-49,2016,1822,personer,ssb_07459,ekte
1820,50-66,2016,1691,personer,ssb_07459,ekte
1820,67-79,2016,901,personer,ssb_07459,ekte
1820,80-89,2016,262,personer,ssb_07459,ekte
1820,90+,2016,45,personer,ssb_07459,ekte
1820,alle,2016,7437,personer,ssb_07459,ekte
1822,0-17,2016,464,personer,ssb_07459,ekte
1822,18-29,2016,333,personer,ssb_07459,ekte
1822,30-49,2016,538,personer,ssb_07459,ekte
1822,50-66,2016,523,personer,ssb_07459,ekte
1822,67-79,2016,238,personer,ssb_07459,ekte
1822,80-89,2016,89,personer,ssb_07459,ekte
1822,90+,2016,31,personer,ssb_07459,ekte
1822,alle,2016,2216,personer,ssb_07459,ekte
1824,0-17,2016,2704,personer,ssb_07459,ekte
1824,18-29,2016,2074,personer,ssb_07459,ekte
1824,30-49,2016,3213,personer,ssb_07459,ekte
1824,50-66,2016,3060,personer,ssb_07459,ekte
1824,67-79,2016,1655,personer,ssb_07459,ekte
1824,80-89,2016,585,personer,ssb_07459,ekte
1824,90+,2016,136,personer,ssb_07459,ekte
1824,alle,2016,13427,personer,ssb_07459,ekte
1825,0-17,2016,291,personer,ssb_07459,ekte
1825,18-29,2016,183,personer,ssb_07459,ekte
1825,30-49,2016,337,personer,ssb_07459,ekte
1825,50-66,2016,335,personer,ssb_07459,ekte
1825,67-79,2016,221,personer,ssb_07459,ekte
1825,80-89,2016,74,personer,ssb_07459,ekte
1825,90+,2016,21,personer,ssb_07459,ekte
1825,alle,2016,1462,personer,ssb_07459,ekte
1826,0-17,2016,288,personer,ssb_07459,ekte
1826,18-29,2016,204,personer,ssb_07459,ekte
1826,30-49,2016,316,personer,ssb_07459,ekte
1826,50-66,2016,322,personer,ssb_07459,ekte
1826,67-79,2016,238,personer,ssb_07459,ekte
1826,80-89,2016,73,personer,ssb_07459,ekte
1826,90+,2016,24,personer,ssb_07459,ekte
1826,alle,2016,1465,personer,ssb_07459,ekte
1827,0-17,2016,279,personer,ssb_07459,ekte
1827,18-29,2016,185,personer,ssb_07459,ekte
1827,30-49,2016,303,personer,ssb_07459,ekte
1827,50-66,2016,354,personer,ssb_07459,ekte
1827,67-79,2016,199,personer,ssb_07459,ekte
1827,80-89,2016,62,personer,ssb_07459,ekte
1827,90+,2016,20,personer,ssb_07459,ekte
1827,alle,2016,1402,personer,ssb_07459,ekte
1828,0-17,2016,384,personer,ssb_07459,ekte
1828,18-29,2016,314,personer,ssb_07459,ekte
1828,30-49,2016,452,personer,ssb_07459,ekte
1828,50-66,2016,398,personer,ssb_07459,ekte
1828,67-79,2016,203,personer,ssb_07459,ekte
1828,80-89,2016,60,personer,ssb_07459,ekte
1828,90+,2016,27,personer,ssb_07459,ekte
1828,alle,2016,1838,personer,ssb_07459,ekte
1832,0-17,2016,917,personer,ssb_07459,ekte
1832,18-29,2016,638,personer,ssb_07459,ekte
1832,30-49,2016,1030,personer,ssb_07459,ekte
1832,50-66,2016,981,personer,ssb_07459,ekte
1832,67-79,2016,637,personer,ssb_07459,ekte
1832,80-89,2016,228,personer,ssb_07459,ekte
1832,90+,2016,55,personer,ssb_07459,ekte
1832,alle,2016,4486,personer,ssb_07459,ekte
1833,0-17,2016,5436,personer,ssb_07459,ekte
1833,18-29,2016,4103,personer,ssb_07459,ekte
1833,30-49,2016,6506,personer,ssb_07459,ekte
1833,50-66,2016,5770,personer,ssb_07459,ekte
1833,67-79,2016,2960,personer,ssb_07459,ekte
1833,80-89,2016,1024,personer,ssb_07459,ekte
1833,90+,2016,240,personer,ssb_07459,ekte
1833,alle,2016,26039,personer,ssb_07459,ekte
1834,0-17,2016,396,personer,ssb_07459,ekte
1834,18-29,2016,261,personer,ssb_07459,ekte
1834,30-49,2016,434,personer,ssb_07459,ekte
1834,50-66,2016,432,personer,ssb_07459,ekte
1834,67-79,2016,291,personer,ssb_07459,ekte
1834,80-89,2016,93,personer,ssb_07459,ekte
1834,90+,2016,16,personer,ssb_07459,ekte
1834,alle,2016,1923,personer,ssb_07459,ekte
1835,0-17,2016,103,personer,ssb_07459,ekte
1835,18-29,2016,68,personer,ssb_07459,ekte
1835,30-49,2016,143,personer,ssb_07459,ekte
1835,50-66,2016,89,personer,ssb_07459,ekte
1835,67-79,2016,51,personer,ssb_07459,ekte
1835,80-89,2016,22,personer,ssb_07459,ekte
1835,90+,2016,2,personer,ssb_07459,ekte
1835,alle,2016,478,personer,ssb_07459,ekte
1836,0-17,2016,297,personer,ssb_07459,ekte
1836,18-29,2016,183,personer,ssb_07459,ekte
1836,30-49,2016,270,personer,ssb_07459,ekte
1836,50-66,2016,285,personer,ssb_07459,ekte
1836,67-79,2016,164,personer,ssb_07459,ekte
1836,80-89,2016,59,personer,ssb_07459,ekte
1836,90+,2016,10,personer,ssb_07459,ekte
1836,alle,2016,1268,personer,ssb_07459,ekte
1837,0-17,2016,1390,personer,ssb_07459,ekte
1837,18-29,2016,985,personer,ssb_07459,ekte
1837,30-49,2016,1504,personer,ssb_07459,ekte
1837,50-66,2016,1429,personer,ssb_07459,ekte
1837,67-79,2016,772,personer,ssb_07459,ekte
1837,80-89,2016,305,personer,ssb_07459,ekte
1837,90+,2016,86,personer,ssb_07459,ekte
1837,alle,2016,6471,personer,ssb_07459,ekte
1838,0-17,2016,401,personer,ssb_07459,ekte
1838,18-29,2016,247,personer,ssb_07459,ekte
1838,30-49,2016,477,personer,ssb_07459,ekte
1838,50-66,2016,480,personer,ssb_07459,ekte
1838,67-79,2016,289,personer,ssb_07459,ekte
1838,80-89,2016,104,personer,ssb_07459,ekte
1838,90+,2016,45,personer,ssb_07459,ekte
1838,alle,2016,2043,personer,ssb_07459,ekte
1839,0-17,2016,161,personer,ssb_07459,ekte
1839,18-29,2016,116,personer,ssb_07459,ekte
1839,30-49,2016,204,personer,ssb_07459,ekte
1839,50-66,2016,286,personer,ssb_07459,ekte
1839,67-79,2016,186,personer,ssb_07459,ekte
1839,80-89,2016,69,personer,ssb_07459,ekte
1839,90+,2016,12,personer,ssb_07459,ekte
1839,alle,2016,1034,personer,ssb_07459,ekte
1840,0-17,2016,915,personer,ssb_07459,ekte
1840,18-29,2016,656,personer,ssb_07459,ekte
1840,30-49,2016,1091,personer,ssb_07459,ekte
1840,50-66,2016,1138,personer,ssb_07459,ekte
1840,67-79,2016,655,personer,ssb_07459,ekte
1840,80-89,2016,189,personer,ssb_07459,ekte
1840,90+,2016,56,personer,ssb_07459,ekte
1840,alle,2016,4700,personer,ssb_07459,ekte
1841,0-17,2016,1879,personer,ssb_07459,ekte
1841,18-29,2016,1377,personer,ssb_07459,ekte
1841,30-49,2016,2367,personer,ssb_07459,ekte
1841,50-66,2016,2230,personer,ssb_07459,ekte
1841,67-79,2016,1264,personer,ssb_07459,ekte
1841,80-89,2016,395,personer,ssb_07459,ekte
1841,90+,2016,92,personer,ssb_07459,ekte
1841,alle,2016,9604,personer,ssb_07459,ekte
1845,0-17,2016,381,personer,ssb_07459,ekte
1845,18-29,2016,249,personer,ssb_07459,ekte
1845,30-49,2016,437,personer,ssb_07459,ekte
1845,50-66,2016,458,personer,ssb_07459,ekte
1845,67-79,2016,321,personer,ssb_07459,ekte
1845,80-89,2016,91,personer,ssb_07459,ekte
1845,90+,2016,26,personer,ssb_07459,ekte
1845,alle,2016,1963,personer,ssb_07459,ekte
1848,0-17,2016,446,personer,ssb_07459,ekte
1848,18-29,2016,339,personer,ssb_07459,ekte
1848,30-49,2016,549,personer,ssb_07459,ekte
1848,50-66,2016,646,personer,ssb_07459,ekte
1848,67-79,2016,393,personer,ssb_07459,ekte
1848,80-89,2016,129,personer,ssb_07459,ekte
1848,90+,2016,41,personer,ssb_07459,ekte
1848,alle,2016,2543,personer,ssb_07459,ekte
1851,0-17,2016,380,personer,ssb_07459,ekte
1851,18-29,2016,276,personer,ssb_07459,ekte
1851,30-49,2016,445,personer,ssb_07459,ekte
1851,50-66,2016,548,personer,ssb_07459,ekte
1851,67-79,2016,351,personer,ssb_07459,ekte
1851,80-89,2016,114,personer,ssb_07459,ekte
1851,90+,2016,30,personer,ssb_07459,ekte
1851,alle,2016,2144,personer,ssb_07459,ekte
1853,0-17,2016,270,personer,ssb_07459,ekte
1853,18-29,2016,167,personer,ssb_07459,ekte
1853,30-49,2016,315,personer,ssb_07459,ekte
1853,50-66,2016,326,personer,ssb_07459,ekte
1853,67-79,2016,222,personer,ssb_07459,ekte
1853,80-89,2016,81,personer,ssb_07459,ekte
1853,90+,2016,19,personer,ssb_07459,ekte
1853,alle,2016,1400,personer,ssb_07459,ekte
1856,0-17,2016,99,personer,ssb_07459,ekte
1856,18-29,2016,71,personer,ssb_07459,ekte
1856,30-49,2016,137,personer,ssb_07459,ekte
1856,50-66,2016,146,personer,ssb_07459,ekte
1856,67-79,2016,59,personer,ssb_07459,ekte
1856,80-89,2016,32,personer,ssb_07459,ekte
1856,90+,2016,7,personer,ssb_07459,ekte
1856,alle,2016,551,personer,ssb_07459,ekte
1857,0-17,2016,159,personer,ssb_07459,ekte
1857,18-29,2016,103,personer,ssb_07459,ekte
1857,30-49,2016,214,personer,ssb_07459,ekte
1857,50-66,2016,148,personer,ssb_07459,ekte
1857,67-79,2016,102,personer,ssb_07459,ekte
1857,80-89,2016,29,personer,ssb_07459,ekte
1857,90+,2016,10,personer,ssb_07459,ekte
1857,alle,2016,765,personer,ssb_07459,ekte
1859,0-17,2016,252,personer,ssb_07459,ekte
1859,18-29,2016,200,personer,ssb_07459,ekte
1859,30-49,2016,295,personer,ssb_07459,ekte
1859,50-66,2016,307,personer,ssb_07459,ekte
1859,67-79,2016,190,personer,ssb_07459,ekte
1859,80-89,2016,77,personer,ssb_07459,ekte
1859,90+,2016,15,personer,ssb_07459,ekte
1859,alle,2016,1336,personer,ssb_07459,ekte
1860,0-17,2016,2505,personer,ssb_07459,ekte
1860,18-29,2016,1786,personer,ssb_07459,ekte
1860,30-49,2016,2667,personer,ssb_07459,ekte
1860,50-66,2016,2440,personer,ssb_07459,ekte
1860,67-79,2016,1240,personer,ssb_07459,ekte
1860,80-89,2016,475,personer,ssb_07459,ekte
1860,90+,2016,85,personer,ssb_07459,ekte
1860,alle,2016,11198,personer,ssb_07459,ekte
1865,0-17,2016,1958,personer,ssb_07459,ekte
1865,18-29,2016,1352,personer,ssb_07459,ekte
1865,30-49,2016,2403,personer,ssb_07459,ekte
1865,50-66,2016,2117,personer,ssb_07459,ekte
1865,67-79,2016,1065,personer,ssb_07459,ekte
1865,80-89,2016,358,personer,ssb_07459,ekte
1865,90+,2016,97,personer,ssb_07459,ekte
1865,alle,2016,9350,personer,ssb_07459,ekte
1866,0-17,2016,1637,personer,ssb_07459,ekte
1866,18-29,2016,1206,personer,ssb_07459,ekte
1866,30-49,2016,1902,personer,ssb_07459,ekte
1866,50-66,2016,1825,personer,ssb_07459,ekte
1866,67-79,2016,1093,personer,ssb_07459,ekte
1866,80-89,2016,329,personer,ssb_07459,ekte
1866,90+,2016,90,personer,ssb_07459,ekte
1866,alle,2016,8082,personer,ssb_07459,ekte
1867,0-17,2016,436,personer,ssb_07459,ekte
1867,18-29,2016,304,personer,ssb_07459,ekte
1867,30-49,2016,556,personer,ssb_07459,ekte
1867,50-66,2016,662,personer,ssb_07459,ekte
1867,67-79,2016,443,personer,ssb_07459,ekte
1867,80-89,2016,180,personer,ssb_07459,ekte
1867,90+,2016,51,personer,ssb_07459,ekte
1867,alle,2016,2632,personer,ssb_07459,ekte
1868,0-17,2016,914,personer,ssb_07459,ekte
1868,18-29,2016,668,personer,ssb_07459,ekte
1868,30-49,2016,1174,personer,ssb_07459,ekte
1868,50-66,2016,1007,personer,ssb_07459,ekte
1868,67-79,2016,545,personer,ssb_07459,ekte
1868,80-89,2016,182,personer,ssb_07459,ekte
1868,90+,2016,39,personer,ssb_07459,ekte
1868,alle,2016,4529,personer,ssb_07459,ekte
1870,0-17,2016,2323,personer,ssb_07459,ekte
1870,18-29,2016,1618,personer,ssb_07459,ekte
1870,30-49,2016,2570,personer,ssb_07459,ekte
1870,50-66,2016,2210,personer,ssb_07459,ekte
1870,67-79,2016,1077,personer,ssb_07459,ekte
1870,80-89,2016,309,personer,ssb_07459,ekte
1870,90+,2016,107,personer,ssb_07459,ekte
1870,alle,2016,10214,personer,ssb_07459,ekte
1871,0-17,2016,966,personer,ssb_07459,ekte
1871,18-29,2016,717,personer,ssb_07459,ekte
1871,30-49,2016,1124,personer,ssb_07459,ekte
1871,50-66,2016,1147,personer,ssb_07459,ekte
1871,67-79,2016,716,personer,ssb_07459,ekte
1871,80-89,2016,248,personer,ssb_07459,ekte
1871,90+,2016,62,personer,ssb_07459,ekte
1871,alle,2016,4980,personer,ssb_07459,ekte
1874,0-17,2016,180,personer,ssb_07459,ekte
1874,18-29,2016,122,personer,ssb_07459,ekte
1874,30-49,2016,286,personer,ssb_07459,ekte
1874,50-66,2016,231,personer,ssb_07459,ekte
1874,67-79,2016,158,personer,ssb_07459,ekte
1874,80-89,2016,75,personer,ssb_07459,ekte
1874,90+,2016,10,personer,ssb_07459,ekte
1874,alle,2016,1062,personer,ssb_07459,ekte
1875,alle,2016,0,personer,ssb_07459,ekte
5501,alle,2016,0,personer,ssb_07459,ekte
5503,alle,2016,0,personer,ssb_07459,ekte
5510,alle,2016,0,personer,ssb_07459,ekte
5512,alle,2016,0,personer,ssb_07459,ekte
5514,alle,2016,0,personer,ssb_07459,ekte
5516,alle,2016,0,personer,ssb_07459,ekte
5518,alle,2016,0,personer,ssb_07459,ekte
5520,alle,2016,0,personer,ssb_07459,ekte
5522,alle,2016,0,personer,ssb_07459,ekte
5524,alle,2016,0,personer,ssb_07459,ekte
5526,alle,2016,0,personer,ssb_07459,ekte
5528,alle,2016,0,personer,ssb_07459,ekte
5530,alle,2016,0,personer,ssb_07459,ekte
5532,alle,2016,0,personer,ssb_07459,ekte
5534,alle,2016,0,personer,ssb_07459,ekte
5536,alle,2016,0,personer,ssb_07459,ekte
5538,alle,2016,0,personer,ssb_07459,ekte
5540,alle,2016,0,personer,ssb_07459,ekte
5542,alle,2016,0,personer,ssb_07459,ekte
5544,alle,2016,0,personer,ssb_07459,ekte
5546,alle,2016,0,personer,ssb_07459,ekte
5601,alle,2016,0,personer,ssb_07459,ekte
5603,alle,2016,0,personer,ssb_07459,ekte
5605,alle,2016,0,personer,ssb_07459,ekte
5607,alle,2016,0,personer,ssb_07459,ekte
5610,alle,2016,0,personer,ssb_07459,ekte
5612,alle,2016,0,personer,ssb_07459,ekte
5614,alle,2016,0,personer,ssb_07459,ekte
5616,alle,2016,0,personer,ssb_07459,ekte
5618,alle,2016,0,personer,ssb_07459,ekte
5620,alle,2016,0,personer,ssb_07459,ekte
5622,alle,2016,0,personer,ssb_07459,ekte
5624,alle,2016,0,personer,ssb_07459,ekte
5626,alle,2016,0,personer,ssb_07459,ekte
5628,alle,2016,0,personer,ssb_07459,ekte
5630,alle,2016,0,personer,ssb_07459,ekte
5632,alle,2016,0,personer,ssb_07459,ekte
5634,alle,2016,0,personer,ssb_07459,ekte
5636,alle,2016,0,personer,ssb_07459,ekte
3101,alle,2017,0,personer,ssb_07459,ekte
3103,alle,2017,0,personer,ssb_07459,ekte
3105,alle,2017,0,personer,ssb_07459,ekte
3107,alle,2017,0,personer,ssb_07459,ekte
3110,alle,2017,0,personer,ssb_07459,ekte
3112,alle,2017,0,personer,ssb_07459,ekte
3114,alle,2017,0,personer,ssb_07459,ekte
3116,alle,2017,0,personer,ssb_07459,ekte
3118,alle,2017,0,personer,ssb_07459,ekte
3120,alle,2017,0,personer,ssb_07459,ekte
3122,alle,2017,0,personer,ssb_07459,ekte
3124,alle,2017,0,personer,ssb_07459,ekte
3201,alle,2017,0,personer,ssb_07459,ekte
3203,alle,2017,0,personer,ssb_07459,ekte
3205,alle,2017,0,personer,ssb_07459,ekte
3207,alle,2017,0,personer,ssb_07459,ekte
3209,alle,2017,0,personer,ssb_07459,ekte
3212,alle,2017,0,personer,ssb_07459,ekte
3214,alle,2017,0,personer,ssb_07459,ekte
3216,alle,2017,0,personer,ssb_07459,ekte
3218,alle,2017,0,personer,ssb_07459,ekte
3220,alle,2017,0,personer,ssb_07459,ekte
3222,alle,2017,0,personer,ssb_07459,ekte
3224,alle,2017,0,personer,ssb_07459,ekte
3226,alle,2017,0,personer,ssb_07459,ekte
3228,alle,2017,0,personer,ssb_07459,ekte
3230,alle,2017,0,personer,ssb_07459,ekte
3232,alle,2017,0,personer,ssb_07459,ekte
3234,alle,2017,0,personer,ssb_07459,ekte
3236,alle,2017,0,personer,ssb_07459,ekte
3238,alle,2017,0,personer,ssb_07459,ekte
3240,alle,2017,0,personer,ssb_07459,ekte
3242,alle,2017,0,personer,ssb_07459,ekte
0301,0-17,2017,131231,personer,ssb_07459,ekte
0301,18-29,2017,131142,personer,ssb_07459,ekte
0301,30-49,2017,219241,personer,ssb_07459,ekte
0301,50-66,2017,113631,personer,ssb_07459,ekte
0301,67-79,2017,50547,personer,ssb_07459,ekte
0301,80-89,2017,16001,personer,ssb_07459,ekte
0301,90+,2017,4966,personer,ssb_07459,ekte
0301,alle,2017,666759,personer,ssb_07459,ekte
3301,alle,2017,0,personer,ssb_07459,ekte
3303,alle,2017,0,personer,ssb_07459,ekte
3305,alle,2017,0,personer,ssb_07459,ekte
3310,alle,2017,0,personer,ssb_07459,ekte
3312,alle,2017,0,personer,ssb_07459,ekte
3314,alle,2017,0,personer,ssb_07459,ekte
3316,alle,2017,0,personer,ssb_07459,ekte
3318,alle,2017,0,personer,ssb_07459,ekte
3320,alle,2017,0,personer,ssb_07459,ekte
3322,alle,2017,0,personer,ssb_07459,ekte
3324,alle,2017,0,personer,ssb_07459,ekte
3326,alle,2017,0,personer,ssb_07459,ekte
3328,alle,2017,0,personer,ssb_07459,ekte
3330,alle,2017,0,personer,ssb_07459,ekte
3332,alle,2017,0,personer,ssb_07459,ekte
3334,alle,2017,0,personer,ssb_07459,ekte
3336,alle,2017,0,personer,ssb_07459,ekte
3338,alle,2017,0,personer,ssb_07459,ekte
3401,alle,2017,0,personer,ssb_07459,ekte
3403,alle,2017,0,personer,ssb_07459,ekte
3405,alle,2017,0,personer,ssb_07459,ekte
3407,alle,2017,0,personer,ssb_07459,ekte
3411,alle,2017,0,personer,ssb_07459,ekte
3412,alle,2017,0,personer,ssb_07459,ekte
3413,alle,2017,0,personer,ssb_07459,ekte
3414,alle,2017,0,personer,ssb_07459,ekte
3415,alle,2017,0,personer,ssb_07459,ekte
3416,alle,2017,0,personer,ssb_07459,ekte
3417,alle,2017,0,personer,ssb_07459,ekte
3418,alle,2017,0,personer,ssb_07459,ekte
3419,alle,2017,0,personer,ssb_07459,ekte
3420,alle,2017,0,personer,ssb_07459,ekte
3421,alle,2017,0,personer,ssb_07459,ekte
3422,alle,2017,0,personer,ssb_07459,ekte
3423,alle,2017,0,personer,ssb_07459,ekte
3424,alle,2017,0,personer,ssb_07459,ekte
3425,alle,2017,0,personer,ssb_07459,ekte
3426,alle,2017,0,personer,ssb_07459,ekte
3427,alle,2017,0,personer,ssb_07459,ekte
3428,alle,2017,0,personer,ssb_07459,ekte
3429,alle,2017,0,personer,ssb_07459,ekte
3430,alle,2017,0,personer,ssb_07459,ekte
3431,alle,2017,0,personer,ssb_07459,ekte
3432,alle,2017,0,personer,ssb_07459,ekte
3433,alle,2017,0,personer,ssb_07459,ekte
3434,alle,2017,0,personer,ssb_07459,ekte
3435,alle,2017,0,personer,ssb_07459,ekte
3436,alle,2017,0,personer,ssb_07459,ekte
3437,alle,2017,0,personer,ssb_07459,ekte
3438,alle,2017,0,personer,ssb_07459,ekte
3439,alle,2017,0,personer,ssb_07459,ekte
3440,alle,2017,0,personer,ssb_07459,ekte
3441,alle,2017,0,personer,ssb_07459,ekte
3442,alle,2017,0,personer,ssb_07459,ekte
3443,alle,2017,0,personer,ssb_07459,ekte
3446,alle,2017,0,personer,ssb_07459,ekte
3447,alle,2017,0,personer,ssb_07459,ekte
3448,alle,2017,0,personer,ssb_07459,ekte
3449,alle,2017,0,personer,ssb_07459,ekte
3450,alle,2017,0,personer,ssb_07459,ekte
3451,alle,2017,0,personer,ssb_07459,ekte
3452,alle,2017,0,personer,ssb_07459,ekte
3453,alle,2017,0,personer,ssb_07459,ekte
3454,alle,2017,0,personer,ssb_07459,ekte
3901,alle,2017,0,personer,ssb_07459,ekte
3903,alle,2017,0,personer,ssb_07459,ekte
3905,alle,2017,0,personer,ssb_07459,ekte
3907,alle,2017,0,personer,ssb_07459,ekte
3909,alle,2017,0,personer,ssb_07459,ekte
3911,alle,2017,0,personer,ssb_07459,ekte
4001,alle,2017,0,personer,ssb_07459,ekte
4003,alle,2017,0,personer,ssb_07459,ekte
4005,alle,2017,0,personer,ssb_07459,ekte
4010,alle,2017,0,personer,ssb_07459,ekte
4012,alle,2017,0,personer,ssb_07459,ekte
4014,alle,2017,0,personer,ssb_07459,ekte
4016,alle,2017,0,personer,ssb_07459,ekte
4018,alle,2017,0,personer,ssb_07459,ekte
4020,alle,2017,0,personer,ssb_07459,ekte
4022,alle,2017,0,personer,ssb_07459,ekte
4024,alle,2017,0,personer,ssb_07459,ekte
4026,alle,2017,0,personer,ssb_07459,ekte
4028,alle,2017,0,personer,ssb_07459,ekte
4030,alle,2017,0,personer,ssb_07459,ekte
4032,alle,2017,0,personer,ssb_07459,ekte
4034,alle,2017,0,personer,ssb_07459,ekte
4036,alle,2017,0,personer,ssb_07459,ekte
4201,alle,2017,0,personer,ssb_07459,ekte
4202,alle,2017,0,personer,ssb_07459,ekte
4203,alle,2017,0,personer,ssb_07459,ekte
4204,alle,2017,0,personer,ssb_07459,ekte
4205,alle,2017,0,personer,ssb_07459,ekte
4206,alle,2017,0,personer,ssb_07459,ekte
4207,alle,2017,0,personer,ssb_07459,ekte
4211,alle,2017,0,personer,ssb_07459,ekte
4212,alle,2017,0,personer,ssb_07459,ekte
4213,alle,2017,0,personer,ssb_07459,ekte
4214,alle,2017,0,personer,ssb_07459,ekte
4215,alle,2017,0,personer,ssb_07459,ekte
4216,alle,2017,0,personer,ssb_07459,ekte
4217,alle,2017,0,personer,ssb_07459,ekte
4218,alle,2017,0,personer,ssb_07459,ekte
4219,alle,2017,0,personer,ssb_07459,ekte
4220,alle,2017,0,personer,ssb_07459,ekte
4221,alle,2017,0,personer,ssb_07459,ekte
4222,alle,2017,0,personer,ssb_07459,ekte
4223,alle,2017,0,personer,ssb_07459,ekte
4224,alle,2017,0,personer,ssb_07459,ekte
4225,alle,2017,0,personer,ssb_07459,ekte
4226,alle,2017,0,personer,ssb_07459,ekte
4227,alle,2017,0,personer,ssb_07459,ekte
4228,alle,2017,0,personer,ssb_07459,ekte
1101,0-17,2017,3439,personer,ssb_07459,ekte
1101,18-29,2017,2361,personer,ssb_07459,ekte
1101,30-49,2017,3888,personer,ssb_07459,ekte
1101,50-66,2017,3068,personer,ssb_07459,ekte
1101,67-79,2017,1524,personer,ssb_07459,ekte
1101,80-89,2017,492,personer,ssb_07459,ekte
1101,90+,2017,127,personer,ssb_07459,ekte
1101,alle,2017,14899,personer,ssb_07459,ekte
1103,0-17,2017,29321,personer,ssb_07459,ekte
1103,18-29,2017,22954,personer,ssb_07459,ekte
1103,30-49,2017,39389,personer,ssb_07459,ekte
1103,50-66,2017,25744,personer,ssb_07459,ekte
1103,67-79,2017,10798,personer,ssb_07459,ekte
1103,80-89,2017,3564,personer,ssb_07459,ekte
1103,90+,2017,959,personer,ssb_07459,ekte
1103,alle,2017,132729,personer,ssb_07459,ekte
1106,0-17,2017,7918,personer,ssb_07459,ekte
1106,18-29,2017,6074,personer,ssb_07459,ekte
1106,30-49,2017,10783,personer,ssb_07459,ekte
1106,50-66,2017,7349,personer,ssb_07459,ekte
1106,67-79,2017,3543,personer,ssb_07459,ekte
1106,80-89,2017,1182,personer,ssb_07459,ekte
1106,90+,2017,317,personer,ssb_07459,ekte
1106,alle,2017,37166,personer,ssb_07459,ekte
1108,alle,2017,0,personer,ssb_07459,ekte
1111,0-17,2017,774,personer,ssb_07459,ekte
1111,18-29,2017,489,personer,ssb_07459,ekte
1111,30-49,2017,773,personer,ssb_07459,ekte
1111,50-66,2017,730,personer,ssb_07459,ekte
1111,67-79,2017,357,personer,ssb_07459,ekte
1111,80-89,2017,150,personer,ssb_07459,ekte
1111,90+,2017,43,personer,ssb_07459,ekte
1111,alle,2017,3316,personer,ssb_07459,ekte
1112,0-17,2017,784,personer,ssb_07459,ekte
1112,18-29,2017,528,personer,ssb_07459,ekte
1112,30-49,2017,767,personer,ssb_07459,ekte
1112,50-66,2017,688,personer,ssb_07459,ekte
1112,67-79,2017,337,personer,ssb_07459,ekte
1112,80-89,2017,110,personer,ssb_07459,ekte
1112,90+,2017,45,personer,ssb_07459,ekte
1112,alle,2017,3259,personer,ssb_07459,ekte
1114,0-17,2017,757,personer,ssb_07459,ekte
1114,18-29,2017,405,personer,ssb_07459,ekte
1114,30-49,2017,739,personer,ssb_07459,ekte
1114,50-66,2017,591,personer,ssb_07459,ekte
1114,67-79,2017,241,personer,ssb_07459,ekte
1114,80-89,2017,66,personer,ssb_07459,ekte
1114,90+,2017,27,personer,ssb_07459,ekte
1114,alle,2017,2826,personer,ssb_07459,ekte
1119,0-17,2017,5024,personer,ssb_07459,ekte
1119,18-29,2017,3150,personer,ssb_07459,ekte
1119,30-49,2017,5169,personer,ssb_07459,ekte
1119,50-66,2017,3340,personer,ssb_07459,ekte
1119,67-79,2017,1528,personer,ssb_07459,ekte
1119,80-89,2017,455,personer,ssb_07459,ekte
1119,90+,2017,134,personer,ssb_07459,ekte
1119,alle,2017,18800,personer,ssb_07459,ekte
1120,0-17,2017,4961,personer,ssb_07459,ekte
1120,18-29,2017,3198,personer,ssb_07459,ekte
1120,30-49,2017,5541,personer,ssb_07459,ekte
1120,50-66,2017,3215,personer,ssb_07459,ekte
1120,67-79,2017,1628,personer,ssb_07459,ekte
1120,80-89,2017,415,personer,ssb_07459,ekte
1120,90+,2017,84,personer,ssb_07459,ekte
1120,alle,2017,19042,personer,ssb_07459,ekte
1121,0-17,2017,4787,personer,ssb_07459,ekte
1121,18-29,2017,3130,personer,ssb_07459,ekte
1121,30-49,2017,5232,personer,ssb_07459,ekte
1121,50-66,2017,3397,personer,ssb_07459,ekte
1121,67-79,2017,1517,personer,ssb_07459,ekte
1121,80-89,2017,497,personer,ssb_07459,ekte
1121,90+,2017,96,personer,ssb_07459,ekte
1121,alle,2017,18656,personer,ssb_07459,ekte
1122,0-17,2017,3241,personer,ssb_07459,ekte
1122,18-29,2017,2038,personer,ssb_07459,ekte
1122,30-49,2017,3427,personer,ssb_07459,ekte
1122,50-66,2017,2155,personer,ssb_07459,ekte
1122,67-79,2017,793,personer,ssb_07459,ekte
1122,80-89,2017,199,personer,ssb_07459,ekte
1122,90+,2017,49,personer,ssb_07459,ekte
1122,alle,2017,11902,personer,ssb_07459,ekte
1124,0-17,2017,6546,personer,ssb_07459,ekte
1124,18-29,2017,4161,personer,ssb_07459,ekte
1124,30-49,2017,7658,personer,ssb_07459,ekte
1124,50-66,2017,4907,personer,ssb_07459,ekte
1124,67-79,2017,1973,personer,ssb_07459,ekte
1124,80-89,2017,647,personer,ssb_07459,ekte
1124,90+,2017,124,personer,ssb_07459,ekte
1124,alle,2017,26016,personer,ssb_07459,ekte
1127,0-17,2017,2771,personer,ssb_07459,ekte
1127,18-29,2017,1746,personer,ssb_07459,ekte
1127,30-49,2017,2980,personer,ssb_07459,ekte
1127,50-66,2017,2093,personer,ssb_07459,ekte
1127,67-79,2017,924,personer,ssb_07459,ekte
1127,80-89,2017,301,personer,ssb_07459,ekte
1127,90+,2017,58,personer,ssb_07459,ekte
1127,alle,2017,10873,personer,ssb_07459,ekte
1130,0-17,2017,3286,personer,ssb_07459,ekte
1130,18-29,2017,2025,personer,ssb_07459,ekte
1130,30-49,2017,3344,personer,ssb_07459,ekte
1130,50-66,2017,2353,personer,ssb_07459,ekte
1130,67-79,2017,1165,personer,ssb_07459,ekte
1130,80-89,2017,398,personer,ssb_07459,ekte
1130,90+,2017,91,personer,ssb_07459,ekte
1130,alle,2017,12662,personer,ssb_07459,ekte
1133,0-17,2017,670,personer,ssb_07459,ekte
1133,18-29,2017,329,personer,ssb_07459,ekte
1133,30-49,2017,673,personer,ssb_07459,ekte
1133,50-66,2017,566,personer,ssb_07459,ekte
1133,67-79,2017,328,personer,ssb_07459,ekte
1133,80-89,2017,114,personer,ssb_07459,ekte
1133,90+,2017,28,personer,ssb_07459,ekte
1133,alle,2017,2708,personer,ssb_07459,ekte
1134,0-17,2017,888,personer,ssb_07459,ekte
1134,18-29,2017,525,personer,ssb_07459,ekte
1134,30-49,2017,903,personer,ssb_07459,ekte
1134,50-66,2017,861,personer,ssb_07459,ekte
1134,67-79,2017,459,personer,ssb_07459,ekte
1134,80-89,2017,168,personer,ssb_07459,ekte
1134,90+,2017,49,personer,ssb_07459,ekte
1134,alle,2017,3853,personer,ssb_07459,ekte
1135,0-17,2017,1014,personer,ssb_07459,ekte
1135,18-29,2017,697,personer,ssb_07459,ekte
1135,30-49,2017,1114,personer,ssb_07459,ekte
1135,50-66,2017,1072,personer,ssb_07459,ekte
1135,67-79,2017,516,personer,ssb_07459,ekte
1135,80-89,2017,292,personer,ssb_07459,ekte
1135,90+,2017,55,personer,ssb_07459,ekte
1135,alle,2017,4760,personer,ssb_07459,ekte
1144,0-17,2017,125,personer,ssb_07459,ekte
1144,18-29,2017,70,personer,ssb_07459,ekte
1144,30-49,2017,129,personer,ssb_07459,ekte
1144,50-66,2017,104,personer,ssb_07459,ekte
1144,67-79,2017,71,personer,ssb_07459,ekte
1144,80-89,2017,32,personer,ssb_07459,ekte
1144,90+,2017,3,personer,ssb_07459,ekte
1144,alle,2017,534,personer,ssb_07459,ekte
1145,0-17,2017,194,personer,ssb_07459,ekte
1145,18-29,2017,124,personer,ssb_07459,ekte
1145,30-49,2017,210,personer,ssb_07459,ekte
1145,50-66,2017,175,personer,ssb_07459,ekte
1145,67-79,2017,96,personer,ssb_07459,ekte
1145,80-89,2017,48,personer,ssb_07459,ekte
1145,90+,2017,8,personer,ssb_07459,ekte
1145,alle,2017,855,personer,ssb_07459,ekte
1146,0-17,2017,2958,personer,ssb_07459,ekte
1146,18-29,2017,1633,personer,ssb_07459,ekte
1146,30-49,2017,2972,personer,ssb_07459,ekte
1146,50-66,2017,2022,personer,ssb_07459,ekte
1146,67-79,2017,1080,personer,ssb_07459,ekte
1146,80-89,2017,307,personer,ssb_07459,ekte
1146,90+,2017,69,personer,ssb_07459,ekte
1146,alle,2017,11041,personer,ssb_07459,ekte
1149,0-17,2017,10129,personer,ssb_07459,ekte
1149,18-29,2017,6429,personer,ssb_07459,ekte
1149,30-49,2017,11431,personer,ssb_07459,ekte
1149,50-66,2017,8341,personer,ssb_07459,ekte
1149,67-79,2017,4290,personer,ssb_07459,ekte
1149,80-89,2017,1326,personer,ssb_07459,ekte
1149,90+,2017,283,personer,ssb_07459,ekte
1149,alle,2017,42229,personer,ssb_07459,ekte
1151,0-17,2017,44,personer,ssb_07459,ekte
1151,18-29,2017,26,personer,ssb_07459,ekte
1151,30-49,2017,51,personer,ssb_07459,ekte
1151,50-66,2017,49,personer,ssb_07459,ekte
1151,67-79,2017,24,personer,ssb_07459,ekte
1151,80-89,2017,5,personer,ssb_07459,ekte
1151,90+,2017,2,personer,ssb_07459,ekte
1151,alle,2017,201,personer,ssb_07459,ekte
1160,0-17,2017,2077,personer,ssb_07459,ekte
1160,18-29,2017,1360,personer,ssb_07459,ekte
1160,30-49,2017,2220,personer,ssb_07459,ekte
1160,50-66,2017,1854,personer,ssb_07459,ekte
1160,67-79,2017,851,personer,ssb_07459,ekte
1160,80-89,2017,357,personer,ssb_07459,ekte
1160,90+,2017,109,personer,ssb_07459,ekte
1160,alle,2017,8828,personer,ssb_07459,ekte
4601,alle,2017,0,personer,ssb_07459,ekte
4602,alle,2017,0,personer,ssb_07459,ekte
4611,alle,2017,0,personer,ssb_07459,ekte
4612,alle,2017,0,personer,ssb_07459,ekte
4613,alle,2017,0,personer,ssb_07459,ekte
4614,alle,2017,0,personer,ssb_07459,ekte
4615,alle,2017,0,personer,ssb_07459,ekte
4616,alle,2017,0,personer,ssb_07459,ekte
4617,alle,2017,0,personer,ssb_07459,ekte
4618,alle,2017,0,personer,ssb_07459,ekte
4619,alle,2017,0,personer,ssb_07459,ekte
4620,alle,2017,0,personer,ssb_07459,ekte
4621,alle,2017,0,personer,ssb_07459,ekte
4622,alle,2017,0,personer,ssb_07459,ekte
4623,alle,2017,0,personer,ssb_07459,ekte
4624,alle,2017,0,personer,ssb_07459,ekte
4625,alle,2017,0,personer,ssb_07459,ekte
4626,alle,2017,0,personer,ssb_07459,ekte
4627,alle,2017,0,personer,ssb_07459,ekte
4628,alle,2017,0,personer,ssb_07459,ekte
4629,alle,2017,0,personer,ssb_07459,ekte
4630,alle,2017,0,personer,ssb_07459,ekte
4631,alle,2017,0,personer,ssb_07459,ekte
4632,alle,2017,0,personer,ssb_07459,ekte
4633,alle,2017,0,personer,ssb_07459,ekte
4634,alle,2017,0,personer,ssb_07459,ekte
4635,alle,2017,0,personer,ssb_07459,ekte
4636,alle,2017,0,personer,ssb_07459,ekte
4637,alle,2017,0,personer,ssb_07459,ekte
4638,alle,2017,0,personer,ssb_07459,ekte
4639,alle,2017,0,personer,ssb_07459,ekte
4640,alle,2017,0,personer,ssb_07459,ekte
4641,alle,2017,0,personer,ssb_07459,ekte
4642,alle,2017,0,personer,ssb_07459,ekte
4643,alle,2017,0,personer,ssb_07459,ekte
4644,alle,2017,0,personer,ssb_07459,ekte
4645,alle,2017,0,personer,ssb_07459,ekte
4646,alle,2017,0,personer,ssb_07459,ekte
4647,alle,2017,0,personer,ssb_07459,ekte
4648,alle,2017,0,personer,ssb_07459,ekte
4649,alle,2017,0,personer,ssb_07459,ekte
4650,alle,2017,0,personer,ssb_07459,ekte
4651,alle,2017,0,personer,ssb_07459,ekte
1505,0-17,2017,4982,personer,ssb_07459,ekte
1505,18-29,2017,3703,personer,ssb_07459,ekte
1505,30-49,2017,6501,personer,ssb_07459,ekte
1505,50-66,2017,5328,personer,ssb_07459,ekte
1505,67-79,2017,2880,personer,ssb_07459,ekte
1505,80-89,2017,865,personer,ssb_07459,ekte
1505,90+,2017,183,personer,ssb_07459,ekte
1505,alle,2017,24442,personer,ssb_07459,ekte
1506,alle,2017,0,personer,ssb_07459,ekte
1508,alle,2017,0,personer,ssb_07459,ekte
1511,0-17,2017,563,personer,ssb_07459,ekte
1511,18-29,2017,441,personer,ssb_07459,ekte
1511,30-49,2017,638,personer,ssb_07459,ekte
1511,50-66,2017,806,personer,ssb_07459,ekte
1511,67-79,2017,506,personer,ssb_07459,ekte
1511,80-89,2017,172,personer,ssb_07459,ekte
1511,90+,2017,77,personer,ssb_07459,ekte
1511,alle,2017,3203,personer,ssb_07459,ekte
1514,0-17,2017,494,personer,ssb_07459,ekte
1514,18-29,2017,316,personer,ssb_07459,ekte
1514,30-49,2017,652,personer,ssb_07459,ekte
1514,50-66,2017,583,personer,ssb_07459,ekte
1514,67-79,2017,309,personer,ssb_07459,ekte
1514,80-89,2017,155,personer,ssb_07459,ekte
1514,90+,2017,31,personer,ssb_07459,ekte
1514,alle,2017,2540,personer,ssb_07459,ekte
1515,0-17,2017,1976,personer,ssb_07459,ekte
1515,18-29,2017,1260,personer,ssb_07459,ekte
1515,30-49,2017,2323,personer,ssb_07459,ekte
1515,50-66,2017,1940,personer,ssb_07459,ekte
1515,67-79,2017,981,personer,ssb_07459,ekte
1515,80-89,2017,376,personer,ssb_07459,ekte
1515,90+,2017,101,personer,ssb_07459,ekte
1515,alle,2017,8957,personer,ssb_07459,ekte
1516,0-17,2017,2021,personer,ssb_07459,ekte
1516,18-29,2017,1263,personer,ssb_07459,ekte
1516,30-49,2017,2467,personer,ssb_07459,ekte
1516,50-66,2017,1605,personer,ssb_07459,ekte
1516,67-79,2017,806,personer,ssb_07459,ekte
1516,80-89,2017,233,personer,ssb_07459,ekte
1516,90+,2017,62,personer,ssb_07459,ekte
1516,alle,2017,8457,personer,ssb_07459,ekte
1517,0-17,2017,1188,personer,ssb_07459,ekte
1517,18-29,2017,802,personer,ssb_07459,ekte
1517,30-49,2017,1341,personer,ssb_07459,ekte
1517,50-66,2017,1062,personer,ssb_07459,ekte
1517,67-79,2017,521,personer,ssb_07459,ekte
1517,80-89,2017,207,personer,ssb_07459,ekte
1517,90+,2017,64,personer,ssb_07459,ekte
1517,alle,2017,5185,personer,ssb_07459,ekte
1520,0-17,2017,2397,personer,ssb_07459,ekte
1520,18-29,2017,1608,personer,ssb_07459,ekte
1520,30-49,2017,2655,personer,ssb_07459,ekte
1520,50-66,2017,2282,personer,ssb_07459,ekte
1520,67-79,2017,1178,personer,ssb_07459,ekte
1520,80-89,2017,498,personer,ssb_07459,ekte
1520,90+,2017,126,personer,ssb_07459,ekte
1520,alle,2017,10744,personer,ssb_07459,ekte
1525,0-17,2017,921,personer,ssb_07459,ekte
1525,18-29,2017,697,personer,ssb_07459,ekte
1525,30-49,2017,1154,personer,ssb_07459,ekte
1525,50-66,2017,929,personer,ssb_07459,ekte
1525,67-79,2017,583,personer,ssb_07459,ekte
1525,80-89,2017,265,personer,ssb_07459,ekte
1525,90+,2017,74,personer,ssb_07459,ekte
1525,alle,2017,4623,personer,ssb_07459,ekte
1528,0-17,2017,1762,personer,ssb_07459,ekte
1528,18-29,2017,1061,personer,ssb_07459,ekte
1528,30-49,2017,1932,personer,ssb_07459,ekte
1528,50-66,2017,1711,personer,ssb_07459,ekte
1528,67-79,2017,856,personer,ssb_07459,ekte
1528,80-89,2017,293,personer,ssb_07459,ekte
1528,90+,2017,80,personer,ssb_07459,ekte
1528,alle,2017,7695,personer,ssb_07459,ekte
1531,0-17,2017,2294,personer,ssb_07459,ekte
1531,18-29,2017,1286,personer,ssb_07459,ekte
1531,30-49,2017,2524,personer,ssb_07459,ekte
1531,50-66,2017,1693,personer,ssb_07459,ekte
1531,67-79,2017,797,personer,ssb_07459,ekte
1531,80-89,2017,326,personer,ssb_07459,ekte
1531,90+,2017,87,personer,ssb_07459,ekte
1531,alle,2017,9007,personer,ssb_07459,ekte
1532,0-17,2017,2129,personer,ssb_07459,ekte
1532,18-29,2017,1218,personer,ssb_07459,ekte
1532,30-49,2017,2190,personer,ssb_07459,ekte
1532,50-66,2017,1578,personer,ssb_07459,ekte
1532,67-79,2017,736,personer,ssb_07459,ekte
1532,80-89,2017,265,personer,ssb_07459,ekte
1532,90+,2017,60,personer,ssb_07459,ekte
1532,alle,2017,8176,personer,ssb_07459,ekte
1535,0-17,2017,1320,personer,ssb_07459,ekte
1535,18-29,2017,999,personer,ssb_07459,ekte
1535,30-49,2017,1595,personer,ssb_07459,ekte
1535,50-66,2017,1556,personer,ssb_07459,ekte
1535,67-79,2017,777,personer,ssb_07459,ekte
1535,80-89,2017,258,personer,ssb_07459,ekte
1535,90+,2017,72,personer,ssb_07459,ekte
1535,alle,2017,6577,personer,ssb_07459,ekte
1539,0-17,2017,1541,personer,ssb_07459,ekte
1539,18-29,2017,1032,personer,ssb_07459,ekte
1539,30-49,2017,1797,personer,ssb_07459,ekte
1539,50-66,2017,1690,personer,ssb_07459,ekte
1539,67-79,2017,938,personer,ssb_07459,ekte
1539,80-89,2017,383,personer,ssb_07459,ekte
1539,90+,2017,122,personer,ssb_07459,ekte
1539,alle,2017,7503,personer,ssb_07459,ekte
1547,0-17,2017,843,personer,ssb_07459,ekte
1547,18-29,2017,515,personer,ssb_07459,ekte
1547,30-49,2017,926,personer,ssb_07459,ekte
1547,50-66,2017,661,personer,ssb_07459,ekte
1547,67-79,2017,414,personer,ssb_07459,ekte
1547,80-89,2017,152,personer,ssb_07459,ekte
1547,90+,2017,36,personer,ssb_07459,ekte
1547,alle,2017,3547,personer,ssb_07459,ekte
1554,0-17,2017,1261,personer,ssb_07459,ekte
1554,18-29,2017,784,personer,ssb_07459,ekte
1554,30-49,2017,1450,personer,ssb_07459,ekte
1554,50-66,2017,1378,personer,ssb_07459,ekte
1554,67-79,2017,716,personer,ssb_07459,ekte
1554,80-89,2017,206,personer,ssb_07459,ekte
1554,90+,2017,61,personer,ssb_07459,ekte
1554,alle,2017,5856,personer,ssb_07459,ekte
1557,0-17,2017,572,personer,ssb_07459,ekte
1557,18-29,2017,325,personer,ssb_07459,ekte
1557,30-49,2017,629,personer,ssb_07459,ekte
1557,50-66,2017,593,personer,ssb_07459,ekte
1557,67-79,2017,359,personer,ssb_07459,ekte
1557,80-89,2017,100,personer,ssb_07459,ekte
1557,90+,2017,33,personer,ssb_07459,ekte
1557,alle,2017,2611,personer,ssb_07459,ekte
1560,0-17,2017,610,personer,ssb_07459,ekte
1560,18-29,2017,429,personer,ssb_07459,ekte
1560,30-49,2017,703,personer,ssb_07459,ekte
1560,50-66,2017,705,personer,ssb_07459,ekte
1560,67-79,2017,470,personer,ssb_07459,ekte
1560,80-89,2017,149,personer,ssb_07459,ekte
1560,90+,2017,43,personer,ssb_07459,ekte
1560,alle,2017,3109,personer,ssb_07459,ekte
1563,0-17,2017,1429,personer,ssb_07459,ekte
1563,18-29,2017,1051,personer,ssb_07459,ekte
1563,30-49,2017,1656,personer,ssb_07459,ekte
1563,50-66,2017,1735,personer,ssb_07459,ekte
1563,67-79,2017,818,personer,ssb_07459,ekte
1563,80-89,2017,345,personer,ssb_07459,ekte
1563,90+,2017,92,personer,ssb_07459,ekte
1563,alle,2017,7126,personer,ssb_07459,ekte
1566,0-17,2017,1207,personer,ssb_07459,ekte
1566,18-29,2017,883,personer,ssb_07459,ekte
1566,30-49,2017,1392,personer,ssb_07459,ekte
1566,50-66,2017,1359,personer,ssb_07459,ekte
1566,67-79,2017,845,personer,ssb_07459,ekte
1566,80-89,2017,235,personer,ssb_07459,ekte
1566,90+,2017,65,personer,ssb_07459,ekte
1566,alle,2017,5986,personer,ssb_07459,ekte
1573,0-17,2017,394,personer,ssb_07459,ekte
1573,18-29,2017,293,personer,ssb_07459,ekte
1573,30-49,2017,489,personer,ssb_07459,ekte
1573,50-66,2017,548,personer,ssb_07459,ekte
1573,67-79,2017,291,personer,ssb_07459,ekte
1573,80-89,2017,117,personer,ssb_07459,ekte
1573,90+,2017,28,personer,ssb_07459,ekte
1573,alle,2017,2160,personer,ssb_07459,ekte
1576,0-17,2017,700,personer,ssb_07459,ekte
1576,18-29,2017,449,personer,ssb_07459,ekte
1576,30-49,2017,870,personer,ssb_07459,ekte
1576,50-66,2017,832,personer,ssb_07459,ekte
1576,67-79,2017,514,personer,ssb_07459,ekte
1576,80-89,2017,181,personer,ssb_07459,ekte
1576,90+,2017,44,personer,ssb_07459,ekte
1576,alle,2017,3590,personer,ssb_07459,ekte
1577,alle,2017,0,personer,ssb_07459,ekte
1578,alle,2017,0,personer,ssb_07459,ekte
1579,alle,2017,0,personer,ssb_07459,ekte
1580,alle,2017,0,personer,ssb_07459,ekte
5001,alle,2017,0,personer,ssb_07459,ekte
5006,alle,2017,0,personer,ssb_07459,ekte
5007,alle,2017,0,personer,ssb_07459,ekte
5014,alle,2017,0,personer,ssb_07459,ekte
5020,alle,2017,0,personer,ssb_07459,ekte
5021,alle,2017,0,personer,ssb_07459,ekte
5022,alle,2017,0,personer,ssb_07459,ekte
5025,alle,2017,0,personer,ssb_07459,ekte
5026,alle,2017,0,personer,ssb_07459,ekte
5027,alle,2017,0,personer,ssb_07459,ekte
5028,alle,2017,0,personer,ssb_07459,ekte
5029,alle,2017,0,personer,ssb_07459,ekte
5031,alle,2017,0,personer,ssb_07459,ekte
5032,alle,2017,0,personer,ssb_07459,ekte
5033,alle,2017,0,personer,ssb_07459,ekte
5034,alle,2017,0,personer,ssb_07459,ekte
5035,alle,2017,0,personer,ssb_07459,ekte
5036,alle,2017,0,personer,ssb_07459,ekte
5037,alle,2017,0,personer,ssb_07459,ekte
5038,alle,2017,0,personer,ssb_07459,ekte
5041,alle,2017,0,personer,ssb_07459,ekte
5042,alle,2017,0,personer,ssb_07459,ekte
5043,alle,2017,0,personer,ssb_07459,ekte
5044,alle,2017,0,personer,ssb_07459,ekte
5045,alle,2017,0,personer,ssb_07459,ekte
5046,alle,2017,0,personer,ssb_07459,ekte
5047,alle,2017,0,personer,ssb_07459,ekte
5049,alle,2017,0,personer,ssb_07459,ekte
5052,alle,2017,0,personer,ssb_07459,ekte
5053,alle,2017,0,personer,ssb_07459,ekte
5054,alle,2017,0,personer,ssb_07459,ekte
5055,alle,2017,0,personer,ssb_07459,ekte
5056,alle,2017,0,personer,ssb_07459,ekte
5057,alle,2017,0,personer,ssb_07459,ekte
5058,alle,2017,0,personer,ssb_07459,ekte
5059,alle,2017,0,personer,ssb_07459,ekte
5060,alle,2017,0,personer,ssb_07459,ekte
5061,alle,2017,0,personer,ssb_07459,ekte
1804,0-17,2017,10988,personer,ssb_07459,ekte
1804,18-29,2017,8922,personer,ssb_07459,ekte
1804,30-49,2017,13896,personer,ssb_07459,ekte
1804,50-66,2017,10537,personer,ssb_07459,ekte
1804,67-79,2017,4887,personer,ssb_07459,ekte
1804,80-89,2017,1490,personer,ssb_07459,ekte
1804,90+,2017,302,personer,ssb_07459,ekte
1804,alle,2017,51022,personer,ssb_07459,ekte
1806,alle,2017,0,personer,ssb_07459,ekte
1811,0-17,2017,271,personer,ssb_07459,ekte
1811,18-29,2017,188,personer,ssb_07459,ekte
1811,30-49,2017,283,personer,ssb_07459,ekte
1811,50-66,2017,379,personer,ssb_07459,ekte
1811,67-79,2017,249,personer,ssb_07459,ekte
1811,80-89,2017,84,personer,ssb_07459,ekte
1811,90+,2017,19,personer,ssb_07459,ekte
1811,alle,2017,1473,personer,ssb_07459,ekte
1812,0-17,2017,427,personer,ssb_07459,ekte
1812,18-29,2017,294,personer,ssb_07459,ekte
1812,30-49,2017,470,personer,ssb_07459,ekte
1812,50-66,2017,460,personer,ssb_07459,ekte
1812,67-79,2017,279,personer,ssb_07459,ekte
1812,80-89,2017,96,personer,ssb_07459,ekte
1812,90+,2017,21,personer,ssb_07459,ekte
1812,alle,2017,2047,personer,ssb_07459,ekte
1813,0-17,2017,1790,personer,ssb_07459,ekte
1813,18-29,2017,1203,personer,ssb_07459,ekte
1813,30-49,2017,1949,personer,ssb_07459,ekte
1813,50-66,2017,1805,personer,ssb_07459,ekte
1813,67-79,2017,848,personer,ssb_07459,ekte
1813,80-89,2017,307,personer,ssb_07459,ekte
1813,90+,2017,54,personer,ssb_07459,ekte
1813,alle,2017,7956,personer,ssb_07459,ekte
1815,0-17,2017,220,personer,ssb_07459,ekte
1815,18-29,2017,173,personer,ssb_07459,ekte
1815,30-49,2017,263,personer,ssb_07459,ekte
1815,50-66,2017,298,personer,ssb_07459,ekte
1815,67-79,2017,205,personer,ssb_07459,ekte
1815,80-89,2017,63,personer,ssb_07459,ekte
1815,90+,2017,12,personer,ssb_07459,ekte
1815,alle,2017,1234,personer,ssb_07459,ekte
1816,0-17,2017,107,personer,ssb_07459,ekte
1816,18-29,2017,64,personer,ssb_07459,ekte
1816,30-49,2017,127,personer,ssb_07459,ekte
1816,50-66,2017,123,personer,ssb_07459,ekte
1816,67-79,2017,86,personer,ssb_07459,ekte
1816,80-89,2017,18,personer,ssb_07459,ekte
1816,90+,2017,3,personer,ssb_07459,ekte
1816,alle,2017,528,personer,ssb_07459,ekte
1818,0-17,2017,335,personer,ssb_07459,ekte
1818,18-29,2017,267,personer,ssb_07459,ekte
1818,30-49,2017,413,personer,ssb_07459,ekte
1818,50-66,2017,444,personer,ssb_07459,ekte
1818,67-79,2017,243,personer,ssb_07459,ekte
1818,80-89,2017,61,personer,ssb_07459,ekte
1818,90+,2017,25,personer,ssb_07459,ekte
1818,alle,2017,1788,personer,ssb_07459,ekte
1820,0-17,2017,1528,personer,ssb_07459,ekte
1820,18-29,2017,1158,personer,ssb_07459,ekte
1820,30-49,2017,1813,personer,ssb_07459,ekte
1820,50-66,2017,1682,personer,ssb_07459,ekte
1820,67-79,2017,937,personer,ssb_07459,ekte
1820,80-89,2017,263,personer,ssb_07459,ekte
1820,90+,2017,47,personer,ssb_07459,ekte
1820,alle,2017,7428,personer,ssb_07459,ekte
1822,0-17,2017,503,personer,ssb_07459,ekte
1822,18-29,2017,340,personer,ssb_07459,ekte
1822,30-49,2017,536,personer,ssb_07459,ekte
1822,50-66,2017,534,personer,ssb_07459,ekte
1822,67-79,2017,249,personer,ssb_07459,ekte
1822,80-89,2017,85,personer,ssb_07459,ekte
1822,90+,2017,31,personer,ssb_07459,ekte
1822,alle,2017,2278,personer,ssb_07459,ekte
1824,0-17,2017,2690,personer,ssb_07459,ekte
1824,18-29,2017,2086,personer,ssb_07459,ekte
1824,30-49,2017,3200,personer,ssb_07459,ekte
1824,50-66,2017,3028,personer,ssb_07459,ekte
1824,67-79,2017,1740,personer,ssb_07459,ekte
1824,80-89,2017,576,personer,ssb_07459,ekte
1824,90+,2017,145,personer,ssb_07459,ekte
1824,alle,2017,13465,personer,ssb_07459,ekte
1825,0-17,2017,290,personer,ssb_07459,ekte
1825,18-29,2017,183,personer,ssb_07459,ekte
1825,30-49,2017,336,personer,ssb_07459,ekte
1825,50-66,2017,341,personer,ssb_07459,ekte
1825,67-79,2017,217,personer,ssb_07459,ekte
1825,80-89,2017,79,personer,ssb_07459,ekte
1825,90+,2017,23,personer,ssb_07459,ekte
1825,alle,2017,1469,personer,ssb_07459,ekte
1826,0-17,2017,278,personer,ssb_07459,ekte
1826,18-29,2017,192,personer,ssb_07459,ekte
1826,30-49,2017,296,personer,ssb_07459,ekte
1826,50-66,2017,313,personer,ssb_07459,ekte
1826,67-79,2017,237,personer,ssb_07459,ekte
1826,80-89,2017,75,personer,ssb_07459,ekte
1826,90+,2017,23,personer,ssb_07459,ekte
1826,alle,2017,1414,personer,ssb_07459,ekte
1827,0-17,2017,277,personer,ssb_07459,ekte
1827,18-29,2017,199,personer,ssb_07459,ekte
1827,30-49,2017,300,personer,ssb_07459,ekte
1827,50-66,2017,350,personer,ssb_07459,ekte
1827,67-79,2017,207,personer,ssb_07459,ekte
1827,80-89,2017,57,personer,ssb_07459,ekte
1827,90+,2017,20,personer,ssb_07459,ekte
1827,alle,2017,1410,personer,ssb_07459,ekte
1828,0-17,2017,391,personer,ssb_07459,ekte
1828,18-29,2017,305,personer,ssb_07459,ekte
1828,30-49,2017,452,personer,ssb_07459,ekte
1828,50-66,2017,393,personer,ssb_07459,ekte
1828,67-79,2017,208,personer,ssb_07459,ekte
1828,80-89,2017,59,personer,ssb_07459,ekte
1828,90+,2017,29,personer,ssb_07459,ekte
1828,alle,2017,1837,personer,ssb_07459,ekte
1832,0-17,2017,913,personer,ssb_07459,ekte
1832,18-29,2017,670,personer,ssb_07459,ekte
1832,30-49,2017,1003,personer,ssb_07459,ekte
1832,50-66,2017,1001,personer,ssb_07459,ekte
1832,67-79,2017,642,personer,ssb_07459,ekte
1832,80-89,2017,232,personer,ssb_07459,ekte
1832,90+,2017,63,personer,ssb_07459,ekte
1832,alle,2017,4524,personer,ssb_07459,ekte
1833,0-17,2017,5342,personer,ssb_07459,ekte
1833,18-29,2017,4120,personer,ssb_07459,ekte
1833,30-49,2017,6486,personer,ssb_07459,ekte
1833,50-66,2017,5820,personer,ssb_07459,ekte
1833,67-79,2017,3041,personer,ssb_07459,ekte
1833,80-89,2017,1048,personer,ssb_07459,ekte
1833,90+,2017,244,personer,ssb_07459,ekte
1833,alle,2017,26101,personer,ssb_07459,ekte
1834,0-17,2017,386,personer,ssb_07459,ekte
1834,18-29,2017,268,personer,ssb_07459,ekte
1834,30-49,2017,435,personer,ssb_07459,ekte
1834,50-66,2017,427,personer,ssb_07459,ekte
1834,67-79,2017,289,personer,ssb_07459,ekte
1834,80-89,2017,98,personer,ssb_07459,ekte
1834,90+,2017,17,personer,ssb_07459,ekte
1834,alle,2017,1920,personer,ssb_07459,ekte
1835,0-17,2017,91,personer,ssb_07459,ekte
1835,18-29,2017,76,personer,ssb_07459,ekte
1835,30-49,2017,137,personer,ssb_07459,ekte
1835,50-66,2017,92,personer,ssb_07459,ekte
1835,67-79,2017,44,personer,ssb_07459,ekte
1835,80-89,2017,23,personer,ssb_07459,ekte
1835,90+,2017,2,personer,ssb_07459,ekte
1835,alle,2017,465,personer,ssb_07459,ekte
1836,0-17,2017,296,personer,ssb_07459,ekte
1836,18-29,2017,192,personer,ssb_07459,ekte
1836,30-49,2017,259,personer,ssb_07459,ekte
1836,50-66,2017,282,personer,ssb_07459,ekte
1836,67-79,2017,165,personer,ssb_07459,ekte
1836,80-89,2017,60,personer,ssb_07459,ekte
1836,90+,2017,13,personer,ssb_07459,ekte
1836,alle,2017,1267,personer,ssb_07459,ekte
1837,0-17,2017,1359,personer,ssb_07459,ekte
1837,18-29,2017,986,personer,ssb_07459,ekte
1837,30-49,2017,1479,personer,ssb_07459,ekte
1837,50-66,2017,1452,personer,ssb_07459,ekte
1837,67-79,2017,769,personer,ssb_07459,ekte
1837,80-89,2017,311,personer,ssb_07459,ekte
1837,90+,2017,79,personer,ssb_07459,ekte
1837,alle,2017,6435,personer,ssb_07459,ekte
1838,0-17,2017,384,personer,ssb_07459,ekte
1838,18-29,2017,256,personer,ssb_07459,ekte
1838,30-49,2017,464,personer,ssb_07459,ekte
1838,50-66,2017,483,personer,ssb_07459,ekte
1838,67-79,2017,292,personer,ssb_07459,ekte
1838,80-89,2017,108,personer,ssb_07459,ekte
1838,90+,2017,37,personer,ssb_07459,ekte
1838,alle,2017,2024,personer,ssb_07459,ekte
1839,0-17,2017,170,personer,ssb_07459,ekte
1839,18-29,2017,108,personer,ssb_07459,ekte
1839,30-49,2017,212,personer,ssb_07459,ekte
1839,50-66,2017,289,personer,ssb_07459,ekte
1839,67-79,2017,182,personer,ssb_07459,ekte
1839,80-89,2017,66,personer,ssb_07459,ekte
1839,90+,2017,16,personer,ssb_07459,ekte
1839,alle,2017,1043,personer,ssb_07459,ekte
1840,0-17,2017,933,personer,ssb_07459,ekte
1840,18-29,2017,622,personer,ssb_07459,ekte
1840,30-49,2017,1082,personer,ssb_07459,ekte
1840,50-66,2017,1133,personer,ssb_07459,ekte
1840,67-79,2017,688,personer,ssb_07459,ekte
1840,80-89,2017,191,personer,ssb_07459,ekte
1840,90+,2017,53,personer,ssb_07459,ekte
1840,alle,2017,4702,personer,ssb_07459,ekte
1841,0-17,2017,1878,personer,ssb_07459,ekte
1841,18-29,2017,1432,personer,ssb_07459,ekte
1841,30-49,2017,2383,personer,ssb_07459,ekte
1841,50-66,2017,2230,personer,ssb_07459,ekte
1841,67-79,2017,1321,personer,ssb_07459,ekte
1841,80-89,2017,398,personer,ssb_07459,ekte
1841,90+,2017,87,personer,ssb_07459,ekte
1841,alle,2017,9729,personer,ssb_07459,ekte
1845,0-17,2017,380,personer,ssb_07459,ekte
1845,18-29,2017,248,personer,ssb_07459,ekte
1845,30-49,2017,433,personer,ssb_07459,ekte
1845,50-66,2017,466,personer,ssb_07459,ekte
1845,67-79,2017,319,personer,ssb_07459,ekte
1845,80-89,2017,87,personer,ssb_07459,ekte
1845,90+,2017,25,personer,ssb_07459,ekte
1845,alle,2017,1958,personer,ssb_07459,ekte
1848,0-17,2017,447,personer,ssb_07459,ekte
1848,18-29,2017,346,personer,ssb_07459,ekte
1848,30-49,2017,547,personer,ssb_07459,ekte
1848,50-66,2017,618,personer,ssb_07459,ekte
1848,67-79,2017,414,personer,ssb_07459,ekte
1848,80-89,2017,125,personer,ssb_07459,ekte
1848,90+,2017,46,personer,ssb_07459,ekte
1848,alle,2017,2543,personer,ssb_07459,ekte
1851,0-17,2017,381,personer,ssb_07459,ekte
1851,18-29,2017,262,personer,ssb_07459,ekte
1851,30-49,2017,438,personer,ssb_07459,ekte
1851,50-66,2017,553,personer,ssb_07459,ekte
1851,67-79,2017,354,personer,ssb_07459,ekte
1851,80-89,2017,118,personer,ssb_07459,ekte
1851,90+,2017,28,personer,ssb_07459,ekte
1851,alle,2017,2134,personer,ssb_07459,ekte
1853,0-17,2017,264,personer,ssb_07459,ekte
1853,18-29,2017,170,personer,ssb_07459,ekte
1853,30-49,2017,304,personer,ssb_07459,ekte
1853,50-66,2017,332,personer,ssb_07459,ekte
1853,67-79,2017,232,personer,ssb_07459,ekte
1853,80-89,2017,85,personer,ssb_07459,ekte
1853,90+,2017,15,personer,ssb_07459,ekte
1853,alle,2017,1402,personer,ssb_07459,ekte
1856,0-17,2017,92,personer,ssb_07459,ekte
1856,18-29,2017,68,personer,ssb_07459,ekte
1856,30-49,2017,129,personer,ssb_07459,ekte
1856,50-66,2017,140,personer,ssb_07459,ekte
1856,67-79,2017,67,personer,ssb_07459,ekte
1856,80-89,2017,32,personer,ssb_07459,ekte
1856,90+,2017,7,personer,ssb_07459,ekte
1856,alle,2017,535,personer,ssb_07459,ekte
1857,0-17,2017,143,personer,ssb_07459,ekte
1857,18-29,2017,107,personer,ssb_07459,ekte
1857,30-49,2017,199,personer,ssb_07459,ekte
1857,50-66,2017,149,personer,ssb_07459,ekte
1857,67-79,2017,106,personer,ssb_07459,ekte
1857,80-89,2017,32,personer,ssb_07459,ekte
1857,90+,2017,8,personer,ssb_07459,ekte
1857,alle,2017,744,personer,ssb_07459,ekte
1859,0-17,2017,250,personer,ssb_07459,ekte
1859,18-29,2017,206,personer,ssb_07459,ekte
1859,30-49,2017,286,personer,ssb_07459,ekte
1859,50-66,2017,320,personer,ssb_07459,ekte
1859,67-79,2017,186,personer,ssb_07459,ekte
1859,80-89,2017,84,personer,ssb_07459,ekte
1859,90+,2017,17,personer,ssb_07459,ekte
1859,alle,2017,1349,personer,ssb_07459,ekte
1860,0-17,2017,2502,personer,ssb_07459,ekte
1860,18-29,2017,1800,personer,ssb_07459,ekte
1860,30-49,2017,2694,personer,ssb_07459,ekte
1860,50-66,2017,2454,personer,ssb_07459,ekte
1860,67-79,2017,1270,personer,ssb_07459,ekte
1860,80-89,2017,482,personer,ssb_07459,ekte
1860,90+,2017,92,personer,ssb_07459,ekte
1860,alle,2017,11294,personer,ssb_07459,ekte
1865,0-17,2017,1942,personer,ssb_07459,ekte
1865,18-29,2017,1400,personer,ssb_07459,ekte
1865,30-49,2017,2446,personer,ssb_07459,ekte
1865,50-66,2017,2086,personer,ssb_07459,ekte
1865,67-79,2017,1120,personer,ssb_07459,ekte
1865,80-89,2017,358,personer,ssb_07459,ekte
1865,90+,2017,92,personer,ssb_07459,ekte
1865,alle,2017,9444,personer,ssb_07459,ekte
1866,0-17,2017,1599,personer,ssb_07459,ekte
1866,18-29,2017,1191,personer,ssb_07459,ekte
1866,30-49,2017,1863,personer,ssb_07459,ekte
1866,50-66,2017,1837,personer,ssb_07459,ekte
1866,67-79,2017,1107,personer,ssb_07459,ekte
1866,80-89,2017,334,personer,ssb_07459,ekte
1866,90+,2017,78,personer,ssb_07459,ekte
1866,alle,2017,8009,personer,ssb_07459,ekte
1867,0-17,2017,430,personer,ssb_07459,ekte
1867,18-29,2017,315,personer,ssb_07459,ekte
1867,30-49,2017,538,personer,ssb_07459,ekte
1867,50-66,2017,663,personer,ssb_07459,ekte
1867,67-79,2017,447,personer,ssb_07459,ekte
1867,80-89,2017,178,personer,ssb_07459,ekte
1867,90+,2017,53,personer,ssb_07459,ekte
1867,alle,2017,2624,personer,ssb_07459,ekte
1868,0-17,2017,895,personer,ssb_07459,ekte
1868,18-29,2017,689,personer,ssb_07459,ekte
1868,30-49,2017,1162,personer,ssb_07459,ekte
1868,50-66,2017,1045,personer,ssb_07459,ekte
1868,67-79,2017,551,personer,ssb_07459,ekte
1868,80-89,2017,200,personer,ssb_07459,ekte
1868,90+,2017,38,personer,ssb_07459,ekte
1868,alle,2017,4580,personer,ssb_07459,ekte
1870,0-17,2017,2318,personer,ssb_07459,ekte
1870,18-29,2017,1701,personer,ssb_07459,ekte
1870,30-49,2017,2570,personer,ssb_07459,ekte
1870,50-66,2017,2246,personer,ssb_07459,ekte
1870,67-79,2017,1118,personer,ssb_07459,ekte
1870,80-89,2017,326,personer,ssb_07459,ekte
1870,90+,2017,99,personer,ssb_07459,ekte
1870,alle,2017,10378,personer,ssb_07459,ekte
1871,0-17,2017,917,personer,ssb_07459,ekte
1871,18-29,2017,716,personer,ssb_07459,ekte
1871,30-49,2017,1075,personer,ssb_07459,ekte
1871,50-66,2017,1148,personer,ssb_07459,ekte
1871,67-79,2017,739,personer,ssb_07459,ekte
1871,80-89,2017,243,personer,ssb_07459,ekte
1871,90+,2017,70,personer,ssb_07459,ekte
1871,alle,2017,4908,personer,ssb_07459,ekte
1874,0-17,2017,167,personer,ssb_07459,ekte
1874,18-29,2017,133,personer,ssb_07459,ekte
1874,30-49,2017,287,personer,ssb_07459,ekte
1874,50-66,2017,238,personer,ssb_07459,ekte
1874,67-79,2017,157,personer,ssb_07459,ekte
1874,80-89,2017,78,personer,ssb_07459,ekte
1874,90+,2017,13,personer,ssb_07459,ekte
1874,alle,2017,1073,personer,ssb_07459,ekte
1875,alle,2017,0,personer,ssb_07459,ekte
5501,alle,2017,0,personer,ssb_07459,ekte
5503,alle,2017,0,personer,ssb_07459,ekte
5510,alle,2017,0,personer,ssb_07459,ekte
5512,alle,2017,0,personer,ssb_07459,ekte
5514,alle,2017,0,personer,ssb_07459,ekte
5516,alle,2017,0,personer,ssb_07459,ekte
5518,alle,2017,0,personer,ssb_07459,ekte
5520,alle,2017,0,personer,ssb_07459,ekte
5522,alle,2017,0,personer,ssb_07459,ekte
5524,alle,2017,0,personer,ssb_07459,ekte
5526,alle,2017,0,personer,ssb_07459,ekte
5528,alle,2017,0,personer,ssb_07459,ekte
5530,alle,2017,0,personer,ssb_07459,ekte
5532,alle,2017,0,personer,ssb_07459,ekte
5534,alle,2017,0,personer,ssb_07459,ekte
5536,alle,2017,0,personer,ssb_07459,ekte
5538,alle,2017,0,personer,ssb_07459,ekte
5540,alle,2017,0,personer,ssb_07459,ekte
5542,alle,2017,0,personer,ssb_07459,ekte
5544,alle,2017,0,personer,ssb_07459,ekte
5546,alle,2017,0,personer,ssb_07459,ekte
5601,alle,2017,0,personer,ssb_07459,ekte
5603,alle,2017,0,personer,ssb_07459,ekte
5605,alle,2017,0,personer,ssb_07459,ekte
5607,alle,2017,0,personer,ssb_07459,ekte
5610,alle,2017,0,personer,ssb_07459,ekte
5612,alle,2017,0,personer,ssb_07459,ekte
5614,alle,2017,0,personer,ssb_07459,ekte
5616,alle,2017,0,personer,ssb_07459,ekte
5618,alle,2017,0,personer,ssb_07459,ekte
5620,alle,2017,0,personer,ssb_07459,ekte
5622,alle,2017,0,personer,ssb_07459,ekte
5624,alle,2017,0,personer,ssb_07459,ekte
5626,alle,2017,0,personer,ssb_07459,ekte
5628,alle,2017,0,personer,ssb_07459,ekte
5630,alle,2017,0,personer,ssb_07459,ekte
5632,alle,2017,0,personer,ssb_07459,ekte
5634,alle,2017,0,personer,ssb_07459,ekte
5636,alle,2017,0,personer,ssb_07459,ekte
3101,alle,2018,0,personer,ssb_07459,ekte
3103,alle,2018,0,personer,ssb_07459,ekte
3105,alle,2018,0,personer,ssb_07459,ekte
3107,alle,2018,0,personer,ssb_07459,ekte
3110,alle,2018,0,personer,ssb_07459,ekte
3112,alle,2018,0,personer,ssb_07459,ekte
3114,alle,2018,0,personer,ssb_07459,ekte
3116,alle,2018,0,personer,ssb_07459,ekte
3118,alle,2018,0,personer,ssb_07459,ekte
3120,alle,2018,0,personer,ssb_07459,ekte
3122,alle,2018,0,personer,ssb_07459,ekte
3124,alle,2018,0,personer,ssb_07459,ekte
3201,alle,2018,0,personer,ssb_07459,ekte
3203,alle,2018,0,personer,ssb_07459,ekte
3205,alle,2018,0,personer,ssb_07459,ekte
3207,alle,2018,0,personer,ssb_07459,ekte
3209,alle,2018,0,personer,ssb_07459,ekte
3212,alle,2018,0,personer,ssb_07459,ekte
3214,alle,2018,0,personer,ssb_07459,ekte
3216,alle,2018,0,personer,ssb_07459,ekte
3218,alle,2018,0,personer,ssb_07459,ekte
3220,alle,2018,0,personer,ssb_07459,ekte
3222,alle,2018,0,personer,ssb_07459,ekte
3224,alle,2018,0,personer,ssb_07459,ekte
3226,alle,2018,0,personer,ssb_07459,ekte
3228,alle,2018,0,personer,ssb_07459,ekte
3230,alle,2018,0,personer,ssb_07459,ekte
3232,alle,2018,0,personer,ssb_07459,ekte
3234,alle,2018,0,personer,ssb_07459,ekte
3236,alle,2018,0,personer,ssb_07459,ekte
3238,alle,2018,0,personer,ssb_07459,ekte
3240,alle,2018,0,personer,ssb_07459,ekte
3242,alle,2018,0,personer,ssb_07459,ekte
0301,0-17,2018,132129,personer,ssb_07459,ekte
0301,18-29,2018,131935,personer,ssb_07459,ekte
0301,30-49,2018,221201,personer,ssb_07459,ekte
0301,50-66,2018,115258,personer,ssb_07459,ekte
0301,67-79,2018,52045,personer,ssb_07459,ekte
0301,80-89,2018,16059,personer,ssb_07459,ekte
0301,90+,2018,4842,personer,ssb_07459,ekte
0301,alle,2018,673469,personer,ssb_07459,ekte
3301,alle,2018,0,personer,ssb_07459,ekte
3303,alle,2018,0,personer,ssb_07459,ekte
3305,alle,2018,0,personer,ssb_07459,ekte
3310,alle,2018,0,personer,ssb_07459,ekte
3312,alle,2018,0,personer,ssb_07459,ekte
3314,alle,2018,0,personer,ssb_07459,ekte
3316,alle,2018,0,personer,ssb_07459,ekte
3318,alle,2018,0,personer,ssb_07459,ekte
3320,alle,2018,0,personer,ssb_07459,ekte
3322,alle,2018,0,personer,ssb_07459,ekte
3324,alle,2018,0,personer,ssb_07459,ekte
3326,alle,2018,0,personer,ssb_07459,ekte
3328,alle,2018,0,personer,ssb_07459,ekte
3330,alle,2018,0,personer,ssb_07459,ekte
3332,alle,2018,0,personer,ssb_07459,ekte
3334,alle,2018,0,personer,ssb_07459,ekte
3336,alle,2018,0,personer,ssb_07459,ekte
3338,alle,2018,0,personer,ssb_07459,ekte
3401,alle,2018,0,personer,ssb_07459,ekte
3403,alle,2018,0,personer,ssb_07459,ekte
3405,alle,2018,0,personer,ssb_07459,ekte
3407,alle,2018,0,personer,ssb_07459,ekte
3411,alle,2018,0,personer,ssb_07459,ekte
3412,alle,2018,0,personer,ssb_07459,ekte
3413,alle,2018,0,personer,ssb_07459,ekte
3414,alle,2018,0,personer,ssb_07459,ekte
3415,alle,2018,0,personer,ssb_07459,ekte
3416,alle,2018,0,personer,ssb_07459,ekte
3417,alle,2018,0,personer,ssb_07459,ekte
3418,alle,2018,0,personer,ssb_07459,ekte
3419,alle,2018,0,personer,ssb_07459,ekte
3420,alle,2018,0,personer,ssb_07459,ekte
3421,alle,2018,0,personer,ssb_07459,ekte
3422,alle,2018,0,personer,ssb_07459,ekte
3423,alle,2018,0,personer,ssb_07459,ekte
3424,alle,2018,0,personer,ssb_07459,ekte
3425,alle,2018,0,personer,ssb_07459,ekte
3426,alle,2018,0,personer,ssb_07459,ekte
3427,alle,2018,0,personer,ssb_07459,ekte
3428,alle,2018,0,personer,ssb_07459,ekte
3429,alle,2018,0,personer,ssb_07459,ekte
3430,alle,2018,0,personer,ssb_07459,ekte
3431,alle,2018,0,personer,ssb_07459,ekte
3432,alle,2018,0,personer,ssb_07459,ekte
3433,alle,2018,0,personer,ssb_07459,ekte
3434,alle,2018,0,personer,ssb_07459,ekte
3435,alle,2018,0,personer,ssb_07459,ekte
3436,alle,2018,0,personer,ssb_07459,ekte
3437,alle,2018,0,personer,ssb_07459,ekte
3438,alle,2018,0,personer,ssb_07459,ekte
3439,alle,2018,0,personer,ssb_07459,ekte
3440,alle,2018,0,personer,ssb_07459,ekte
3441,alle,2018,0,personer,ssb_07459,ekte
3442,alle,2018,0,personer,ssb_07459,ekte
3443,alle,2018,0,personer,ssb_07459,ekte
3446,alle,2018,0,personer,ssb_07459,ekte
3447,alle,2018,0,personer,ssb_07459,ekte
3448,alle,2018,0,personer,ssb_07459,ekte
3449,alle,2018,0,personer,ssb_07459,ekte
3450,alle,2018,0,personer,ssb_07459,ekte
3451,alle,2018,0,personer,ssb_07459,ekte
3452,alle,2018,0,personer,ssb_07459,ekte
3453,alle,2018,0,personer,ssb_07459,ekte
3454,alle,2018,0,personer,ssb_07459,ekte
3901,alle,2018,0,personer,ssb_07459,ekte
3903,alle,2018,0,personer,ssb_07459,ekte
3905,alle,2018,0,personer,ssb_07459,ekte
3907,alle,2018,0,personer,ssb_07459,ekte
3909,alle,2018,0,personer,ssb_07459,ekte
3911,alle,2018,0,personer,ssb_07459,ekte
4001,alle,2018,0,personer,ssb_07459,ekte
4003,alle,2018,0,personer,ssb_07459,ekte
4005,alle,2018,0,personer,ssb_07459,ekte
4010,alle,2018,0,personer,ssb_07459,ekte
4012,alle,2018,0,personer,ssb_07459,ekte
4014,alle,2018,0,personer,ssb_07459,ekte
4016,alle,2018,0,personer,ssb_07459,ekte
4018,alle,2018,0,personer,ssb_07459,ekte
4020,alle,2018,0,personer,ssb_07459,ekte
4022,alle,2018,0,personer,ssb_07459,ekte
4024,alle,2018,0,personer,ssb_07459,ekte
4026,alle,2018,0,personer,ssb_07459,ekte
4028,alle,2018,0,personer,ssb_07459,ekte
4030,alle,2018,0,personer,ssb_07459,ekte
4032,alle,2018,0,personer,ssb_07459,ekte
4034,alle,2018,0,personer,ssb_07459,ekte
4036,alle,2018,0,personer,ssb_07459,ekte
4201,alle,2018,0,personer,ssb_07459,ekte
4202,alle,2018,0,personer,ssb_07459,ekte
4203,alle,2018,0,personer,ssb_07459,ekte
4204,alle,2018,0,personer,ssb_07459,ekte
4205,alle,2018,0,personer,ssb_07459,ekte
4206,alle,2018,0,personer,ssb_07459,ekte
4207,alle,2018,0,personer,ssb_07459,ekte
4211,alle,2018,0,personer,ssb_07459,ekte
4212,alle,2018,0,personer,ssb_07459,ekte
4213,alle,2018,0,personer,ssb_07459,ekte
4214,alle,2018,0,personer,ssb_07459,ekte
4215,alle,2018,0,personer,ssb_07459,ekte
4216,alle,2018,0,personer,ssb_07459,ekte
4217,alle,2018,0,personer,ssb_07459,ekte
4218,alle,2018,0,personer,ssb_07459,ekte
4219,alle,2018,0,personer,ssb_07459,ekte
4220,alle,2018,0,personer,ssb_07459,ekte
4221,alle,2018,0,personer,ssb_07459,ekte
4222,alle,2018,0,personer,ssb_07459,ekte
4223,alle,2018,0,personer,ssb_07459,ekte
4224,alle,2018,0,personer,ssb_07459,ekte
4225,alle,2018,0,personer,ssb_07459,ekte
4226,alle,2018,0,personer,ssb_07459,ekte
4227,alle,2018,0,personer,ssb_07459,ekte
4228,alle,2018,0,personer,ssb_07459,ekte
1101,0-17,2018,3398,personer,ssb_07459,ekte
1101,18-29,2018,2306,personer,ssb_07459,ekte
1101,30-49,2018,3861,personer,ssb_07459,ekte
1101,50-66,2018,3116,personer,ssb_07459,ekte
1101,67-79,2018,1580,personer,ssb_07459,ekte
1101,80-89,2018,499,personer,ssb_07459,ekte
1101,90+,2018,138,personer,ssb_07459,ekte
1101,alle,2018,14898,personer,ssb_07459,ekte
1103,0-17,2018,29342,personer,ssb_07459,ekte
1103,18-29,2018,22436,personer,ssb_07459,ekte
1103,30-49,2018,39295,personer,ssb_07459,ekte
1103,50-66,2018,26201,personer,ssb_07459,ekte
1103,67-79,2018,11377,personer,ssb_07459,ekte
1103,80-89,2018,3560,personer,ssb_07459,ekte
1103,90+,2018,929,personer,ssb_07459,ekte
1103,alle,2018,133140,personer,ssb_07459,ekte
1106,0-17,2018,7847,personer,ssb_07459,ekte
1106,18-29,2018,5923,personer,ssb_07459,ekte
1106,30-49,2018,10704,personer,ssb_07459,ekte
1106,50-66,2018,7484,personer,ssb_07459,ekte
1106,67-79,2018,3725,personer,ssb_07459,ekte
1106,80-89,2018,1166,personer,ssb_07459,ekte
1106,90+,2018,318,personer,ssb_07459,ekte
1106,alle,2018,37167,personer,ssb_07459,ekte
1108,alle,2018,0,personer,ssb_07459,ekte
1111,0-17,2018,791,personer,ssb_07459,ekte
1111,18-29,2018,487,personer,ssb_07459,ekte
1111,30-49,2018,765,personer,ssb_07459,ekte
1111,50-66,2018,729,personer,ssb_07459,ekte
1111,67-79,2018,376,personer,ssb_07459,ekte
1111,80-89,2018,146,personer,ssb_07459,ekte
1111,90+,2018,37,personer,ssb_07459,ekte
1111,alle,2018,3331,personer,ssb_07459,ekte
1112,0-17,2018,773,personer,ssb_07459,ekte
1112,18-29,2018,505,personer,ssb_07459,ekte
1112,30-49,2018,747,personer,ssb_07459,ekte
1112,50-66,2018,697,personer,ssb_07459,ekte
1112,67-79,2018,347,personer,ssb_07459,ekte
1112,80-89,2018,127,personer,ssb_07459,ekte
1112,90+,2018,41,personer,ssb_07459,ekte
1112,alle,2018,3237,personer,ssb_07459,ekte
1114,0-17,2018,764,personer,ssb_07459,ekte
1114,18-29,2018,383,personer,ssb_07459,ekte
1114,30-49,2018,735,personer,ssb_07459,ekte
1114,50-66,2018,600,personer,ssb_07459,ekte
1114,67-79,2018,250,personer,ssb_07459,ekte
1114,80-89,2018,69,personer,ssb_07459,ekte
1114,90+,2018,25,personer,ssb_07459,ekte
1114,alle,2018,2826,personer,ssb_07459,ekte
1119,0-17,2018,5033,personer,ssb_07459,ekte
1119,18-29,2018,3006,personer,ssb_07459,ekte
1119,30-49,2018,5152,personer,ssb_07459,ekte
1119,50-66,2018,3391,personer,ssb_07459,ekte
1119,67-79,2018,1589,personer,ssb_07459,ekte
1119,80-89,2018,472,personer,ssb_07459,ekte
1119,90+,2018,119,personer,ssb_07459,ekte
1119,alle,2018,18762,personer,ssb_07459,ekte
1120,0-17,2018,4929,personer,ssb_07459,ekte
1120,18-29,2018,3145,personer,ssb_07459,ekte
1120,30-49,2018,5616,personer,ssb_07459,ekte
1120,50-66,2018,3332,personer,ssb_07459,ekte
1120,67-79,2018,1681,personer,ssb_07459,ekte
1120,80-89,2018,423,personer,ssb_07459,ekte
1120,90+,2018,91,personer,ssb_07459,ekte
1120,alle,2018,19217,personer,ssb_07459,ekte
1121,0-17,2018,4754,personer,ssb_07459,ekte
1121,18-29,2018,3078,personer,ssb_07459,ekte
1121,30-49,2018,5208,personer,ssb_07459,ekte
1121,50-66,2018,3486,personer,ssb_07459,ekte
1121,67-79,2018,1548,personer,ssb_07459,ekte
1121,80-89,2018,517,personer,ssb_07459,ekte
1121,90+,2018,108,personer,ssb_07459,ekte
1121,alle,2018,18699,personer,ssb_07459,ekte
1122,0-17,2018,3215,personer,ssb_07459,ekte
1122,18-29,2018,1933,personer,ssb_07459,ekte
1122,30-49,2018,3422,personer,ssb_07459,ekte
1122,50-66,2018,2210,personer,ssb_07459,ekte
1122,67-79,2018,816,personer,ssb_07459,ekte
1122,80-89,2018,224,personer,ssb_07459,ekte
1122,90+,2018,46,personer,ssb_07459,ekte
1122,alle,2018,11866,personer,ssb_07459,ekte
1124,0-17,2018,6555,personer,ssb_07459,ekte
1124,18-29,2018,4151,personer,ssb_07459,ekte
1124,30-49,2018,7663,personer,ssb_07459,ekte
1124,50-66,2018,5030,personer,ssb_07459,ekte
1124,67-79,2018,2057,personer,ssb_07459,ekte
1124,80-89,2018,667,personer,ssb_07459,ekte
1124,90+,2018,142,personer,ssb_07459,ekte
1124,alle,2018,26265,personer,ssb_07459,ekte
1127,0-17,2018,2769,personer,ssb_07459,ekte
1127,18-29,2018,1780,personer,ssb_07459,ekte
1127,30-49,2018,2947,personer,ssb_07459,ekte
1127,50-66,2018,2163,personer,ssb_07459,ekte
1127,67-79,2018,942,personer,ssb_07459,ekte
1127,80-89,2018,314,personer,ssb_07459,ekte
1127,90+,2018,57,personer,ssb_07459,ekte
1127,alle,2018,10972,personer,ssb_07459,ekte
1130,0-17,2018,3240,personer,ssb_07459,ekte
1130,18-29,2018,1981,personer,ssb_07459,ekte
1130,30-49,2018,3346,personer,ssb_07459,ekte
1130,50-66,2018,2358,personer,ssb_07459,ekte
1130,67-79,2018,1212,personer,ssb_07459,ekte
1130,80-89,2018,402,personer,ssb_07459,ekte
1130,90+,2018,99,personer,ssb_07459,ekte
1130,alle,2018,12638,personer,ssb_07459,ekte
1133,0-17,2018,677,personer,ssb_07459,ekte
1133,18-29,2018,336,personer,ssb_07459,ekte
1133,30-49,2018,650,personer,ssb_07459,ekte
1133,50-66,2018,569,personer,ssb_07459,ekte
1133,67-79,2018,348,personer,ssb_07459,ekte
1133,80-89,2018,114,personer,ssb_07459,ekte
1133,90+,2018,29,personer,ssb_07459,ekte
1133,alle,2018,2723,personer,ssb_07459,ekte
1134,0-17,2018,905,personer,ssb_07459,ekte
1134,18-29,2018,504,personer,ssb_07459,ekte
1134,30-49,2018,892,personer,ssb_07459,ekte
1134,50-66,2018,857,personer,ssb_07459,ekte
1134,67-79,2018,475,personer,ssb_07459,ekte
1134,80-89,2018,174,personer,ssb_07459,ekte
1134,90+,2018,42,personer,ssb_07459,ekte
1134,alle,2018,3849,personer,ssb_07459,ekte
1135,0-17,2018,957,personer,ssb_07459,ekte
1135,18-29,2018,659,personer,ssb_07459,ekte
1135,30-49,2018,1101,personer,ssb_07459,ekte
1135,50-66,2018,1075,personer,ssb_07459,ekte
1135,67-79,2018,537,personer,ssb_07459,ekte
1135,80-89,2018,281,personer,ssb_07459,ekte
1135,90+,2018,53,personer,ssb_07459,ekte
1135,alle,2018,4663,personer,ssb_07459,ekte
1144,0-17,2018,125,personer,ssb_07459,ekte
1144,18-29,2018,68,personer,ssb_07459,ekte
1144,30-49,2018,123,personer,ssb_07459,ekte
1144,50-66,2018,117,personer,ssb_07459,ekte
1144,67-79,2018,73,personer,ssb_07459,ekte
1144,80-89,2018,32,personer,ssb_07459,ekte
1144,90+,2018,4,personer,ssb_07459,ekte
1144,alle,2018,542,personer,ssb_07459,ekte
1145,0-17,2018,184,personer,ssb_07459,ekte
1145,18-29,2018,124,personer,ssb_07459,ekte
1145,30-49,2018,206,personer,ssb_07459,ekte
1145,50-66,2018,166,personer,ssb_07459,ekte
1145,67-79,2018,108,personer,ssb_07459,ekte
1145,80-89,2018,42,personer,ssb_07459,ekte
1145,90+,2018,14,personer,ssb_07459,ekte
1145,alle,2018,844,personer,ssb_07459,ekte
1146,0-17,2018,2928,personer,ssb_07459,ekte
1146,18-29,2018,1572,personer,ssb_07459,ekte
1146,30-49,2018,2983,personer,ssb_07459,ekte
1146,50-66,2018,2044,personer,ssb_07459,ekte
1146,67-79,2018,1117,personer,ssb_07459,ekte
1146,80-89,2018,312,personer,ssb_07459,ekte
1146,90+,2018,67,personer,ssb_07459,ekte
1146,alle,2018,11023,personer,ssb_07459,ekte
1149,0-17,2018,10037,personer,ssb_07459,ekte
1149,18-29,2018,6381,personer,ssb_07459,ekte
1149,30-49,2018,11331,personer,ssb_07459,ekte
1149,50-66,2018,8419,personer,ssb_07459,ekte
1149,67-79,2018,4419,personer,ssb_07459,ekte
1149,80-89,2018,1368,personer,ssb_07459,ekte
1149,90+,2018,288,personer,ssb_07459,ekte
1149,alle,2018,42243,personer,ssb_07459,ekte
1151,0-17,2018,46,personer,ssb_07459,ekte
1151,18-29,2018,28,personer,ssb_07459,ekte
1151,30-49,2018,51,personer,ssb_07459,ekte
1151,50-66,2018,51,personer,ssb_07459,ekte
1151,67-79,2018,23,personer,ssb_07459,ekte
1151,80-89,2018,6,personer,ssb_07459,ekte
1151,90+,2018,3,personer,ssb_07459,ekte
1151,alle,2018,208,personer,ssb_07459,ekte
1160,0-17,2018,2049,personer,ssb_07459,ekte
1160,18-29,2018,1317,personer,ssb_07459,ekte
1160,30-49,2018,2221,personer,ssb_07459,ekte
1160,50-66,2018,1875,personer,ssb_07459,ekte
1160,67-79,2018,865,personer,ssb_07459,ekte
1160,80-89,2018,362,personer,ssb_07459,ekte
1160,90+,2018,104,personer,ssb_07459,ekte
1160,alle,2018,8793,personer,ssb_07459,ekte
4601,alle,2018,0,personer,ssb_07459,ekte
4602,alle,2018,0,personer,ssb_07459,ekte
4611,alle,2018,0,personer,ssb_07459,ekte
4612,alle,2018,0,personer,ssb_07459,ekte
4613,alle,2018,0,personer,ssb_07459,ekte
4614,alle,2018,0,personer,ssb_07459,ekte
4615,alle,2018,0,personer,ssb_07459,ekte
4616,alle,2018,0,personer,ssb_07459,ekte
4617,alle,2018,0,personer,ssb_07459,ekte
4618,alle,2018,0,personer,ssb_07459,ekte
4619,alle,2018,0,personer,ssb_07459,ekte
4620,alle,2018,0,personer,ssb_07459,ekte
4621,alle,2018,0,personer,ssb_07459,ekte
4622,alle,2018,0,personer,ssb_07459,ekte
4623,alle,2018,0,personer,ssb_07459,ekte
4624,alle,2018,0,personer,ssb_07459,ekte
4625,alle,2018,0,personer,ssb_07459,ekte
4626,alle,2018,0,personer,ssb_07459,ekte
4627,alle,2018,0,personer,ssb_07459,ekte
4628,alle,2018,0,personer,ssb_07459,ekte
4629,alle,2018,0,personer,ssb_07459,ekte
4630,alle,2018,0,personer,ssb_07459,ekte
4631,alle,2018,0,personer,ssb_07459,ekte
4632,alle,2018,0,personer,ssb_07459,ekte
4633,alle,2018,0,personer,ssb_07459,ekte
4634,alle,2018,0,personer,ssb_07459,ekte
4635,alle,2018,0,personer,ssb_07459,ekte
4636,alle,2018,0,personer,ssb_07459,ekte
4637,alle,2018,0,personer,ssb_07459,ekte
4638,alle,2018,0,personer,ssb_07459,ekte
4639,alle,2018,0,personer,ssb_07459,ekte
4640,alle,2018,0,personer,ssb_07459,ekte
4641,alle,2018,0,personer,ssb_07459,ekte
4642,alle,2018,0,personer,ssb_07459,ekte
4643,alle,2018,0,personer,ssb_07459,ekte
4644,alle,2018,0,personer,ssb_07459,ekte
4645,alle,2018,0,personer,ssb_07459,ekte
4646,alle,2018,0,personer,ssb_07459,ekte
4647,alle,2018,0,personer,ssb_07459,ekte
4648,alle,2018,0,personer,ssb_07459,ekte
4649,alle,2018,0,personer,ssb_07459,ekte
4650,alle,2018,0,personer,ssb_07459,ekte
4651,alle,2018,0,personer,ssb_07459,ekte
1505,0-17,2018,4854,personer,ssb_07459,ekte
1505,18-29,2018,3628,personer,ssb_07459,ekte
1505,30-49,2018,6401,personer,ssb_07459,ekte
1505,50-66,2018,5356,personer,ssb_07459,ekte
1505,67-79,2018,3019,personer,ssb_07459,ekte
1505,80-89,2018,843,personer,ssb_07459,ekte
1505,90+,2018,199,personer,ssb_07459,ekte
1505,alle,2018,24300,personer,ssb_07459,ekte
1506,alle,2018,0,personer,ssb_07459,ekte
1508,alle,2018,0,personer,ssb_07459,ekte
1511,0-17,2018,560,personer,ssb_07459,ekte
1511,18-29,2018,433,personer,ssb_07459,ekte
1511,30-49,2018,624,personer,ssb_07459,ekte
1511,50-66,2018,803,personer,ssb_07459,ekte
1511,67-79,2018,511,personer,ssb_07459,ekte
1511,80-89,2018,183,personer,ssb_07459,ekte
1511,90+,2018,73,personer,ssb_07459,ekte
1511,alle,2018,3187,personer,ssb_07459,ekte
1514,0-17,2018,475,personer,ssb_07459,ekte
1514,18-29,2018,313,personer,ssb_07459,ekte
1514,30-49,2018,640,personer,ssb_07459,ekte
1514,50-66,2018,588,personer,ssb_07459,ekte
1514,67-79,2018,318,personer,ssb_07459,ekte
1514,80-89,2018,151,personer,ssb_07459,ekte
1514,90+,2018,37,personer,ssb_07459,ekte
1514,alle,2018,2522,personer,ssb_07459,ekte
1515,0-17,2018,1956,personer,ssb_07459,ekte
1515,18-29,2018,1211,personer,ssb_07459,ekte
1515,30-49,2018,2354,personer,ssb_07459,ekte
1515,50-66,2018,1925,personer,ssb_07459,ekte
1515,67-79,2018,1043,personer,ssb_07459,ekte
1515,80-89,2018,375,personer,ssb_07459,ekte
1515,90+,2018,101,personer,ssb_07459,ekte
1515,alle,2018,8965,personer,ssb_07459,ekte
1516,0-17,2018,2031,personer,ssb_07459,ekte
1516,18-29,2018,1261,personer,ssb_07459,ekte
1516,30-49,2018,2446,personer,ssb_07459,ekte
1516,50-66,2018,1665,personer,ssb_07459,ekte
1516,67-79,2018,826,personer,ssb_07459,ekte
1516,80-89,2018,264,personer,ssb_07459,ekte
1516,90+,2018,62,personer,ssb_07459,ekte
1516,alle,2018,8555,personer,ssb_07459,ekte
1517,0-17,2018,1165,personer,ssb_07459,ekte
1517,18-29,2018,771,personer,ssb_07459,ekte
1517,30-49,2018,1336,personer,ssb_07459,ekte
1517,50-66,2018,1082,personer,ssb_07459,ekte
1517,67-79,2018,528,personer,ssb_07459,ekte
1517,80-89,2018,204,personer,ssb_07459,ekte
1517,90+,2018,64,personer,ssb_07459,ekte
1517,alle,2018,5150,personer,ssb_07459,ekte
1520,0-17,2018,2402,personer,ssb_07459,ekte
1520,18-29,2018,1611,personer,ssb_07459,ekte
1520,30-49,2018,2660,personer,ssb_07459,ekte
1520,50-66,2018,2304,personer,ssb_07459,ekte
1520,67-79,2018,1225,personer,ssb_07459,ekte
1520,80-89,2018,474,personer,ssb_07459,ekte
1520,90+,2018,136,personer,ssb_07459,ekte
1520,alle,2018,10812,personer,ssb_07459,ekte
1525,0-17,2018,869,personer,ssb_07459,ekte
1525,18-29,2018,675,personer,ssb_07459,ekte
1525,30-49,2018,1158,personer,ssb_07459,ekte
1525,50-66,2018,958,personer,ssb_07459,ekte
1525,67-79,2018,588,personer,ssb_07459,ekte
1525,80-89,2018,272,personer,ssb_07459,ekte
1525,90+,2018,67,personer,ssb_07459,ekte
1525,alle,2018,4587,personer,ssb_07459,ekte
1528,0-17,2018,1712,personer,ssb_07459,ekte
1528,18-29,2018,1080,personer,ssb_07459,ekte
1528,30-49,2018,1925,personer,ssb_07459,ekte
1528,50-66,2018,1718,personer,ssb_07459,ekte
1528,67-79,2018,891,personer,ssb_07459,ekte
1528,80-89,2018,290,personer,ssb_07459,ekte
1528,90+,2018,79,personer,ssb_07459,ekte
1528,alle,2018,7695,personer,ssb_07459,ekte
1531,0-17,2018,2321,personer,ssb_07459,ekte
1531,18-29,2018,1296,personer,ssb_07459,ekte
1531,30-49,2018,2581,personer,ssb_07459,ekte
1531,50-66,2018,1696,personer,ssb_07459,ekte
1531,67-79,2018,825,personer,ssb_07459,ekte
1531,80-89,2018,327,personer,ssb_07459,ekte
1531,90+,2018,85,personer,ssb_07459,ekte
1531,alle,2018,9131,personer,ssb_07459,ekte
1532,0-17,2018,2144,personer,ssb_07459,ekte
1532,18-29,2018,1224,personer,ssb_07459,ekte
1532,30-49,2018,2233,personer,ssb_07459,ekte
1532,50-66,2018,1595,personer,ssb_07459,ekte
1532,67-79,2018,772,personer,ssb_07459,ekte
1532,80-89,2018,262,personer,ssb_07459,ekte
1532,90+,2018,62,personer,ssb_07459,ekte
1532,alle,2018,8292,personer,ssb_07459,ekte
1535,0-17,2018,1305,personer,ssb_07459,ekte
1535,18-29,2018,971,personer,ssb_07459,ekte
1535,30-49,2018,1562,personer,ssb_07459,ekte
1535,50-66,2018,1569,personer,ssb_07459,ekte
1535,67-79,2018,800,personer,ssb_07459,ekte
1535,80-89,2018,282,personer,ssb_07459,ekte
1535,90+,2018,70,personer,ssb_07459,ekte
1535,alle,2018,6559,personer,ssb_07459,ekte
1539,0-17,2018,1578,personer,ssb_07459,ekte
1539,18-29,2018,989,personer,ssb_07459,ekte
1539,30-49,2018,1777,personer,ssb_07459,ekte
1539,50-66,2018,1696,personer,ssb_07459,ekte
1539,67-79,2018,992,personer,ssb_07459,ekte
1539,80-89,2018,363,personer,ssb_07459,ekte
1539,90+,2018,112,personer,ssb_07459,ekte
1539,alle,2018,7507,personer,ssb_07459,ekte
1547,0-17,2018,823,personer,ssb_07459,ekte
1547,18-29,2018,520,personer,ssb_07459,ekte
1547,30-49,2018,915,personer,ssb_07459,ekte
1547,50-66,2018,672,personer,ssb_07459,ekte
1547,67-79,2018,438,personer,ssb_07459,ekte
1547,80-89,2018,156,personer,ssb_07459,ekte
1547,90+,2018,33,personer,ssb_07459,ekte
1547,alle,2018,3557,personer,ssb_07459,ekte
1554,0-17,2018,1251,personer,ssb_07459,ekte
1554,18-29,2018,805,personer,ssb_07459,ekte
1554,30-49,2018,1419,personer,ssb_07459,ekte
1554,50-66,2018,1374,personer,ssb_07459,ekte
1554,67-79,2018,751,personer,ssb_07459,ekte
1554,80-89,2018,197,personer,ssb_07459,ekte
1554,90+,2018,62,personer,ssb_07459,ekte
1554,alle,2018,5859,personer,ssb_07459,ekte
1557,0-17,2018,572,personer,ssb_07459,ekte
1557,18-29,2018,331,personer,ssb_07459,ekte
1557,30-49,2018,633,personer,ssb_07459,ekte
1557,50-66,2018,588,personer,ssb_07459,ekte
1557,67-79,2018,368,personer,ssb_07459,ekte
1557,80-89,2018,97,personer,ssb_07459,ekte
1557,90+,2018,34,personer,ssb_07459,ekte
1557,alle,2018,2623,personer,ssb_07459,ekte
1560,0-17,2018,600,personer,ssb_07459,ekte
1560,18-29,2018,410,personer,ssb_07459,ekte
1560,30-49,2018,696,personer,ssb_07459,ekte
1560,50-66,2018,697,personer,ssb_07459,ekte
1560,67-79,2018,477,personer,ssb_07459,ekte
1560,80-89,2018,156,personer,ssb_07459,ekte
1560,90+,2018,42,personer,ssb_07459,ekte
1560,alle,2018,3078,personer,ssb_07459,ekte
1563,0-17,2018,1392,personer,ssb_07459,ekte
1563,18-29,2018,1067,personer,ssb_07459,ekte
1563,30-49,2018,1616,personer,ssb_07459,ekte
1563,50-66,2018,1765,personer,ssb_07459,ekte
1563,67-79,2018,850,personer,ssb_07459,ekte
1563,80-89,2018,326,personer,ssb_07459,ekte
1563,90+,2018,103,personer,ssb_07459,ekte
1563,alle,2018,7119,personer,ssb_07459,ekte
1566,0-17,2018,1173,personer,ssb_07459,ekte
1566,18-29,2018,907,personer,ssb_07459,ekte
1566,30-49,2018,1355,personer,ssb_07459,ekte
1566,50-66,2018,1378,personer,ssb_07459,ekte
1566,67-79,2018,863,personer,ssb_07459,ekte
1566,80-89,2018,241,personer,ssb_07459,ekte
1566,90+,2018,61,personer,ssb_07459,ekte
1566,alle,2018,5978,personer,ssb_07459,ekte
1573,0-17,2018,392,personer,ssb_07459,ekte
1573,18-29,2018,302,personer,ssb_07459,ekte
1573,30-49,2018,480,personer,ssb_07459,ekte
1573,50-66,2018,547,personer,ssb_07459,ekte
1573,67-79,2018,305,personer,ssb_07459,ekte
1573,80-89,2018,115,personer,ssb_07459,ekte
1573,90+,2018,31,personer,ssb_07459,ekte
1573,alle,2018,2172,personer,ssb_07459,ekte
1576,0-17,2018,681,personer,ssb_07459,ekte
1576,18-29,2018,477,personer,ssb_07459,ekte
1576,30-49,2018,867,personer,ssb_07459,ekte
1576,50-66,2018,821,personer,ssb_07459,ekte
1576,67-79,2018,524,personer,ssb_07459,ekte
1576,80-89,2018,175,personer,ssb_07459,ekte
1576,90+,2018,48,personer,ssb_07459,ekte
1576,alle,2018,3593,personer,ssb_07459,ekte
1577,alle,2018,0,personer,ssb_07459,ekte
1578,alle,2018,0,personer,ssb_07459,ekte
1579,alle,2018,0,personer,ssb_07459,ekte
1580,alle,2018,0,personer,ssb_07459,ekte
5001,0-17,2018,39075,personer,ssb_07459,ekte
5001,18-29,2018,40277,personer,ssb_07459,ekte
5001,30-49,2018,54354,personer,ssb_07459,ekte
5001,50-66,2018,35851,personer,ssb_07459,ekte
5001,67-79,2018,17426,personer,ssb_07459,ekte
5001,80-89,2018,5191,personer,ssb_07459,ekte
5001,90+,2018,1327,personer,ssb_07459,ekte
5001,alle,2018,193501,personer,ssb_07459,ekte
5006,alle,2018,0,personer,ssb_07459,ekte
5007,alle,2018,0,personer,ssb_07459,ekte
5014,0-17,2018,987,personer,ssb_07459,ekte
5014,18-29,2018,848,personer,ssb_07459,ekte
5014,30-49,2018,1393,personer,ssb_07459,ekte
5014,50-66,2018,995,personer,ssb_07459,ekte
5014,67-79,2018,491,personer,ssb_07459,ekte
5014,80-89,2018,196,personer,ssb_07459,ekte
5014,90+,2018,52,personer,ssb_07459,ekte
5014,alle,2018,4962,personer,ssb_07459,ekte
5020,0-17,2018,162,personer,ssb_07459,ekte
5020,18-29,2018,126,personer,ssb_07459,ekte
5020,30-49,2018,193,personer,ssb_07459,ekte
5020,50-66,2018,234,personer,ssb_07459,ekte
5020,67-79,2018,176,personer,ssb_07459,ekte
5020,80-89,2018,54,personer,ssb_07459,ekte
5020,90+,2018,22,personer,ssb_07459,ekte
5020,alle,2018,967,personer,ssb_07459,ekte
5021,0-17,2018,1457,personer,ssb_07459,ekte
5021,18-29,2018,990,personer,ssb_07459,ekte
5021,30-49,2018,1657,personer,ssb_07459,ekte
5021,50-66,2018,1553,personer,ssb_07459,ekte
5021,67-79,2018,942,personer,ssb_07459,ekte
5021,80-89,2018,300,personer,ssb_07459,ekte
5021,90+,2018,71,personer,ssb_07459,ekte
5021,alle,2018,6970,personer,ssb_07459,ekte
5022,0-17,2018,485,personer,ssb_07459,ekte
5022,18-29,2018,358,personer,ssb_07459,ekte
5022,30-49,2018,542,personer,ssb_07459,ekte
5022,50-66,2018,580,personer,ssb_07459,ekte
5022,67-79,2018,425,personer,ssb_07459,ekte
5022,80-89,2018,114,personer,ssb_07459,ekte
5022,90+,2018,37,personer,ssb_07459,ekte
5022,alle,2018,2541,personer,ssb_07459,ekte
5025,0-17,2018,1006,personer,ssb_07459,ekte
5025,18-29,2018,811,personer,ssb_07459,ekte
5025,30-49,2018,1306,personer,ssb_07459,ekte
5025,50-66,2018,1356,personer,ssb_07459,ekte
5025,67-79,2018,842,personer,ssb_07459,ekte
5025,80-89,2018,279,personer,ssb_07459,ekte
5025,90+,2018,63,personer,ssb_07459,ekte
5025,alle,2018,5663,personer,ssb_07459,ekte
5026,0-17,2018,356,personer,ssb_07459,ekte
5026,18-29,2018,309,personer,ssb_07459,ekte
5026,30-49,2018,419,personer,ssb_07459,ekte
5026,50-66,2018,491,personer,ssb_07459,ekte
5026,67-79,2018,345,personer,ssb_07459,ekte
5026,80-89,2018,90,personer,ssb_07459,ekte
5026,90+,2018,18,personer,ssb_07459,ekte
5026,alle,2018,2028,personer,ssb_07459,ekte
5027,0-17,2018,1285,personer,ssb_07459,ekte
5027,18-29,2018,957,personer,ssb_07459,ekte
5027,30-49,2018,1561,personer,ssb_07459,ekte
5027,50-66,2018,1331,personer,ssb_07459,ekte
5027,67-79,2018,754,personer,ssb_07459,ekte
5027,80-89,2018,276,personer,ssb_07459,ekte
5027,90+,2018,61,personer,ssb_07459,ekte
5027,alle,2018,6225,personer,ssb_07459,ekte
5028,0-17,2018,3902,personer,ssb_07459,ekte
5028,18-29,2018,2428,personer,ssb_07459,ekte
5028,30-49,2018,4440,personer,ssb_07459,ekte
5028,50-66,2018,3245,personer,ssb_07459,ekte
5028,67-79,2018,1753,personer,ssb_07459,ekte
5028,80-89,2018,551,personer,ssb_07459,ekte
5028,90+,2018,105,personer,ssb_07459,ekte
5028,alle,2018,16424,personer,ssb_07459,ekte
5029,0-17,2018,2139,personer,ssb_07459,ekte
5029,18-29,2018,1157,personer,ssb_07459,ekte
5029,30-49,2018,2320,personer,ssb_07459,ekte
5029,50-66,2018,1516,personer,ssb_07459,ekte
5029,67-79,2018,756,personer,ssb_07459,ekte
5029,80-89,2018,204,personer,ssb_07459,ekte
5029,90+,2018,50,personer,ssb_07459,ekte
5029,alle,2018,8142,personer,ssb_07459,ekte
5031,0-17,2018,3476,personer,ssb_07459,ekte
5031,18-29,2018,1945,personer,ssb_07459,ekte
5031,30-49,2018,4093,personer,ssb_07459,ekte
5031,50-66,2018,2796,personer,ssb_07459,ekte
5031,67-79,2018,1239,personer,ssb_07459,ekte
5031,80-89,2018,339,personer,ssb_07459,ekte
5031,90+,2018,70,personer,ssb_07459,ekte
5031,alle,2018,13958,personer,ssb_07459,ekte
5032,0-17,2018,822,personer,ssb_07459,ekte
5032,18-29,2018,575,personer,ssb_07459,ekte
5032,30-49,2018,958,personer,ssb_07459,ekte
5032,50-66,2018,923,personer,ssb_07459,ekte
5032,67-79,2018,557,personer,ssb_07459,ekte
5032,80-89,2018,188,personer,ssb_07459,ekte
5032,90+,2018,70,personer,ssb_07459,ekte
5032,alle,2018,4093,personer,ssb_07459,ekte
5033,0-17,2018,140,personer,ssb_07459,ekte
5033,18-29,2018,132,personer,ssb_07459,ekte
5033,30-49,2018,152,personer,ssb_07459,ekte
5033,50-66,2018,228,personer,ssb_07459,ekte
5033,67-79,2018,111,personer,ssb_07459,ekte
5033,80-89,2018,60,personer,ssb_07459,ekte
5033,90+,2018,11,personer,ssb_07459,ekte
5033,alle,2018,834,personer,ssb_07459,ekte
5034,0-17,2018,470,personer,ssb_07459,ekte
5034,18-29,2018,322,personer,ssb_07459,ekte
5034,30-49,2018,565,personer,ssb_07459,ekte
5034,50-66,2018,597,personer,ssb_07459,ekte
5034,67-79,2018,363,personer,ssb_07459,ekte
5034,80-89,2018,111,personer,ssb_07459,ekte
5034,90+,2018,41,personer,ssb_07459,ekte
5034,alle,2018,2469,personer,ssb_07459,ekte
5035,0-17,2018,5510,personer,ssb_07459,ekte
5035,18-29,2018,3664,personer,ssb_07459,ekte
5035,30-49,2018,6138,personer,ssb_07459,ekte
5035,50-66,2018,4946,personer,ssb_07459,ekte
5035,67-79,2018,2727,personer,ssb_07459,ekte
5035,80-89,2018,788,personer,ssb_07459,ekte
5035,90+,2018,191,personer,ssb_07459,ekte
5035,alle,2018,23964,personer,ssb_07459,ekte
5036,0-17,2018,555,personer,ssb_07459,ekte
5036,18-29,2018,382,personer,ssb_07459,ekte
5036,30-49,2018,593,personer,ssb_07459,ekte
5036,50-66,2018,574,personer,ssb_07459,ekte
5036,67-79,2018,362,personer,ssb_07459,ekte
5036,80-89,2018,113,personer,ssb_07459,ekte
5036,90+,2018,37,personer,ssb_07459,ekte
5036,alle,2018,2616,personer,ssb_07459,ekte
5037,0-17,2018,4501,personer,ssb_07459,ekte
5037,18-29,2018,3298,personer,ssb_07459,ekte
5037,30-49,2018,4814,personer,ssb_07459,ekte
5037,50-66,2018,4373,personer,ssb_07459,ekte
5037,67-79,2018,2236,personer,ssb_07459,ekte
5037,80-89,2018,747,personer,ssb_07459,ekte
5037,90+,2018,146,personer,ssb_07459,ekte
5037,alle,2018,20115,personer,ssb_07459,ekte
5038,0-17,2018,3191,personer,ssb_07459,ekte
5038,18-29,2018,2314,personer,ssb_07459,ekte
5038,30-49,2018,3755,personer,ssb_07459,ekte
5038,50-66,2018,3166,personer,ssb_07459,ekte
5038,67-79,2018,1897,personer,ssb_07459,ekte
5038,80-89,2018,490,personer,ssb_07459,ekte
5038,90+,2018,130,personer,ssb_07459,ekte
5038,alle,2018,14943,personer,ssb_07459,ekte
5041,0-17,2018,431,personer,ssb_07459,ekte
5041,18-29,2018,295,personer,ssb_07459,ekte
5041,30-49,2018,429,personer,ssb_07459,ekte
5041,50-66,2018,488,personer,ssb_07459,ekte
5041,67-79,2018,318,personer,ssb_07459,ekte
5041,80-89,2018,111,personer,ssb_07459,ekte
5041,90+,2018,22,personer,ssb_07459,ekte
5041,alle,2018,2094,personer,ssb_07459,ekte
5042,0-17,2018,279,personer,ssb_07459,ekte
5042,18-29,2018,170,personer,ssb_07459,ekte
5042,30-49,2018,303,personer,ssb_07459,ekte
5042,50-66,2018,324,personer,ssb_07459,ekte
5042,67-79,2018,216,personer,ssb_07459,ekte
5042,80-89,2018,75,personer,ssb_07459,ekte
5042,90+,2018,12,personer,ssb_07459,ekte
5042,alle,2018,1379,personer,ssb_07459,ekte
5043,0-17,2018,97,personer,ssb_07459,ekte
5043,18-29,2018,49,personer,ssb_07459,ekte
5043,30-49,2018,102,personer,ssb_07459,ekte
5043,50-66,2018,113,personer,ssb_07459,ekte
5043,67-79,2018,79,personer,ssb_07459,ekte
5043,80-89,2018,22,personer,ssb_07459,ekte
5043,90+,2018,12,personer,ssb_07459,ekte
5043,alle,2018,474,personer,ssb_07459,ekte
5044,0-17,2018,164,personer,ssb_07459,ekte
5044,18-29,2018,113,personer,ssb_07459,ekte
5044,30-49,2018,193,personer,ssb_07459,ekte
5044,50-66,2018,221,personer,ssb_07459,ekte
5044,67-79,2018,140,personer,ssb_07459,ekte
5044,80-89,2018,62,personer,ssb_07459,ekte
5044,90+,2018,9,personer,ssb_07459,ekte
5044,alle,2018,902,personer,ssb_07459,ekte
5045,0-17,2018,467,personer,ssb_07459,ekte
5045,18-29,2018,361,personer,ssb_07459,ekte
5045,30-49,2018,499,personer,ssb_07459,ekte
5045,50-66,2018,576,personer,ssb_07459,ekte
5045,67-79,2018,314,personer,ssb_07459,ekte
5045,80-89,2018,147,personer,ssb_07459,ekte
5045,90+,2018,36,personer,ssb_07459,ekte
5045,alle,2018,2400,personer,ssb_07459,ekte
5046,0-17,2018,300,personer,ssb_07459,ekte
5046,18-29,2018,151,personer,ssb_07459,ekte
5046,30-49,2018,285,personer,ssb_07459,ekte
5046,50-66,2018,252,personer,ssb_07459,ekte
5046,67-79,2018,197,personer,ssb_07459,ekte
5046,80-89,2018,70,personer,ssb_07459,ekte
5046,90+,2018,13,personer,ssb_07459,ekte
5046,alle,2018,1268,personer,ssb_07459,ekte
5047,0-17,2018,920,personer,ssb_07459,ekte
5047,18-29,2018,573,personer,ssb_07459,ekte
5047,30-49,2018,921,personer,ssb_07459,ekte
5047,50-66,2018,810,personer,ssb_07459,ekte
5047,67-79,2018,427,personer,ssb_07459,ekte
5047,80-89,2018,156,personer,ssb_07459,ekte
5047,90+,2018,38,personer,ssb_07459,ekte
5047,alle,2018,3845,personer,ssb_07459,ekte
5049,0-17,2018,188,personer,ssb_07459,ekte
5049,18-29,2018,161,personer,ssb_07459,ekte
5049,30-49,2018,223,personer,ssb_07459,ekte
5049,50-66,2018,305,personer,ssb_07459,ekte
5049,67-79,2018,167,personer,ssb_07459,ekte
5049,80-89,2018,48,personer,ssb_07459,ekte
5049,90+,2018,13,personer,ssb_07459,ekte
5049,alle,2018,1105,personer,ssb_07459,ekte
5052,0-17,2018,86,personer,ssb_07459,ekte
5052,18-29,2018,87,personer,ssb_07459,ekte
5052,30-49,2018,97,personer,ssb_07459,ekte
5052,50-66,2018,156,personer,ssb_07459,ekte
5052,67-79,2018,110,personer,ssb_07459,ekte
5052,80-89,2018,37,personer,ssb_07459,ekte
5052,90+,2018,9,personer,ssb_07459,ekte
5052,alle,2018,582,personer,ssb_07459,ekte
5053,0-17,2018,1526,personer,ssb_07459,ekte
5053,18-29,2018,965,personer,ssb_07459,ekte
5053,30-49,2018,1528,personer,ssb_07459,ekte
5053,50-66,2018,1542,personer,ssb_07459,ekte
5053,67-79,2018,897,personer,ssb_07459,ekte
5053,80-89,2018,265,personer,ssb_07459,ekte
5053,90+,2018,62,personer,ssb_07459,ekte
5053,alle,2018,6785,personer,ssb_07459,ekte
5054,0-17,2018,2165,personer,ssb_07459,ekte
5054,18-29,2018,1311,personer,ssb_07459,ekte
5054,30-49,2018,2427,personer,ssb_07459,ekte
5054,50-66,2018,2244,personer,ssb_07459,ekte
5054,67-79,2018,1389,personer,ssb_07459,ekte
5054,80-89,2018,437,personer,ssb_07459,ekte
5054,90+,2018,117,personer,ssb_07459,ekte
5054,alle,2018,10090,personer,ssb_07459,ekte
5055,alle,2018,0,personer,ssb_07459,ekte
5056,alle,2018,0,personer,ssb_07459,ekte
5057,alle,2018,0,personer,ssb_07459,ekte
5058,alle,2018,0,personer,ssb_07459,ekte
5059,alle,2018,0,personer,ssb_07459,ekte
5060,alle,2018,0,personer,ssb_07459,ekte
5061,alle,2018,0,personer,ssb_07459,ekte
1804,0-17,2018,10967,personer,ssb_07459,ekte
1804,18-29,2018,9049,personer,ssb_07459,ekte
1804,30-49,2018,13990,personer,ssb_07459,ekte
1804,50-66,2018,10649,personer,ssb_07459,ekte
1804,67-79,2018,5078,personer,ssb_07459,ekte
1804,80-89,2018,1530,personer,ssb_07459,ekte
1804,90+,2018,295,personer,ssb_07459,ekte
1804,alle,2018,51558,personer,ssb_07459,ekte
1806,alle,2018,0,personer,ssb_07459,ekte
1811,0-17,2018,289,personer,ssb_07459,ekte
1811,18-29,2018,189,personer,ssb_07459,ekte
1811,30-49,2018,280,personer,ssb_07459,ekte
1811,50-66,2018,376,personer,ssb_07459,ekte
1811,67-79,2018,253,personer,ssb_07459,ekte
1811,80-89,2018,84,personer,ssb_07459,ekte
1811,90+,2018,15,personer,ssb_07459,ekte
1811,alle,2018,1486,personer,ssb_07459,ekte
1812,0-17,2018,411,personer,ssb_07459,ekte
1812,18-29,2018,280,personer,ssb_07459,ekte
1812,30-49,2018,458,personer,ssb_07459,ekte
1812,50-66,2018,473,personer,ssb_07459,ekte
1812,67-79,2018,276,personer,ssb_07459,ekte
1812,80-89,2018,99,personer,ssb_07459,ekte
1812,90+,2018,23,personer,ssb_07459,ekte
1812,alle,2018,2020,personer,ssb_07459,ekte
1813,0-17,2018,1750,personer,ssb_07459,ekte
1813,18-29,2018,1199,personer,ssb_07459,ekte
1813,30-49,2018,1959,personer,ssb_07459,ekte
1813,50-66,2018,1805,personer,ssb_07459,ekte
1813,67-79,2018,877,personer,ssb_07459,ekte
1813,80-89,2018,302,personer,ssb_07459,ekte
1813,90+,2018,56,personer,ssb_07459,ekte
1813,alle,2018,7948,personer,ssb_07459,ekte
1815,0-17,2018,222,personer,ssb_07459,ekte
1815,18-29,2018,161,personer,ssb_07459,ekte
1815,30-49,2018,253,personer,ssb_07459,ekte
1815,50-66,2018,303,personer,ssb_07459,ekte
1815,67-79,2018,208,personer,ssb_07459,ekte
1815,80-89,2018,60,personer,ssb_07459,ekte
1815,90+,2018,14,personer,ssb_07459,ekte
1815,alle,2018,1221,personer,ssb_07459,ekte
1816,0-17,2018,95,personer,ssb_07459,ekte
1816,18-29,2018,64,personer,ssb_07459,ekte
1816,30-49,2018,117,personer,ssb_07459,ekte
1816,50-66,2018,119,personer,ssb_07459,ekte
1816,67-79,2018,89,personer,ssb_07459,ekte
1816,80-89,2018,18,personer,ssb_07459,ekte
1816,90+,2018,4,personer,ssb_07459,ekte
1816,alle,2018,506,personer,ssb_07459,ekte
1818,0-17,2018,346,personer,ssb_07459,ekte
1818,18-29,2018,261,personer,ssb_07459,ekte
1818,30-49,2018,406,personer,ssb_07459,ekte
1818,50-66,2018,441,personer,ssb_07459,ekte
1818,67-79,2018,254,personer,ssb_07459,ekte
1818,80-89,2018,61,personer,ssb_07459,ekte
1818,90+,2018,21,personer,ssb_07459,ekte
1818,alle,2018,1790,personer,ssb_07459,ekte
1820,0-17,2018,1520,personer,ssb_07459,ekte
1820,18-29,2018,1165,personer,ssb_07459,ekte
1820,30-49,2018,1804,personer,ssb_07459,ekte
1820,50-66,2018,1675,personer,ssb_07459,ekte
1820,67-79,2018,978,personer,ssb_07459,ekte
1820,80-89,2018,255,personer,ssb_07459,ekte
1820,90+,2018,53,personer,ssb_07459,ekte
1820,alle,2018,7450,personer,ssb_07459,ekte
1822,0-17,2018,522,personer,ssb_07459,ekte
1822,18-29,2018,319,personer,ssb_07459,ekte
1822,30-49,2018,555,personer,ssb_07459,ekte
1822,50-66,2018,543,personer,ssb_07459,ekte
1822,67-79,2018,250,personer,ssb_07459,ekte
1822,80-89,2018,86,personer,ssb_07459,ekte
1822,90+,2018,32,personer,ssb_07459,ekte
1822,alle,2018,2307,personer,ssb_07459,ekte
1824,0-17,2018,2643,personer,ssb_07459,ekte
1824,18-29,2018,2077,personer,ssb_07459,ekte
1824,30-49,2018,3173,personer,ssb_07459,ekte
1824,50-66,2018,3032,personer,ssb_07459,ekte
1824,67-79,2018,1771,personer,ssb_07459,ekte
1824,80-89,2018,605,personer,ssb_07459,ekte
1824,90+,2018,147,personer,ssb_07459,ekte
1824,alle,2018,13448,personer,ssb_07459,ekte
1825,0-17,2018,278,personer,ssb_07459,ekte
1825,18-29,2018,190,personer,ssb_07459,ekte
1825,30-49,2018,325,personer,ssb_07459,ekte
1825,50-66,2018,349,personer,ssb_07459,ekte
1825,67-79,2018,221,personer,ssb_07459,ekte
1825,80-89,2018,77,personer,ssb_07459,ekte
1825,90+,2018,23,personer,ssb_07459,ekte
1825,alle,2018,1463,personer,ssb_07459,ekte
1826,0-17,2018,274,personer,ssb_07459,ekte
1826,18-29,2018,198,personer,ssb_07459,ekte
1826,30-49,2018,292,personer,ssb_07459,ekte
1826,50-66,2018,310,personer,ssb_07459,ekte
1826,67-79,2018,236,personer,ssb_07459,ekte
1826,80-89,2018,80,personer,ssb_07459,ekte
1826,90+,2018,21,personer,ssb_07459,ekte
1826,alle,2018,1411,personer,ssb_07459,ekte
1827,0-17,2018,274,personer,ssb_07459,ekte
1827,18-29,2018,196,personer,ssb_07459,ekte
1827,30-49,2018,302,personer,ssb_07459,ekte
1827,50-66,2018,351,personer,ssb_07459,ekte
1827,67-79,2018,209,personer,ssb_07459,ekte
1827,80-89,2018,57,personer,ssb_07459,ekte
1827,90+,2018,14,personer,ssb_07459,ekte
1827,alle,2018,1403,personer,ssb_07459,ekte
1828,0-17,2018,369,personer,ssb_07459,ekte
1828,18-29,2018,303,personer,ssb_07459,ekte
1828,30-49,2018,426,personer,ssb_07459,ekte
1828,50-66,2018,404,personer,ssb_07459,ekte
1828,67-79,2018,211,personer,ssb_07459,ekte
1828,80-89,2018,68,personer,ssb_07459,ekte
1828,90+,2018,24,personer,ssb_07459,ekte
1828,alle,2018,1805,personer,ssb_07459,ekte
1832,0-17,2018,887,personer,ssb_07459,ekte
1832,18-29,2018,681,personer,ssb_07459,ekte
1832,30-49,2018,997,personer,ssb_07459,ekte
1832,50-66,2018,997,personer,ssb_07459,ekte
1832,67-79,2018,648,personer,ssb_07459,ekte
1832,80-89,2018,235,personer,ssb_07459,ekte
1832,90+,2018,58,personer,ssb_07459,ekte
1832,alle,2018,4503,personer,ssb_07459,ekte
1833,0-17,2018,5325,personer,ssb_07459,ekte
1833,18-29,2018,4200,personer,ssb_07459,ekte
1833,30-49,2018,6360,personer,ssb_07459,ekte
1833,50-66,2018,5943,personer,ssb_07459,ekte
1833,67-79,2018,3096,personer,ssb_07459,ekte
1833,80-89,2018,1056,personer,ssb_07459,ekte
1833,90+,2018,250,personer,ssb_07459,ekte
1833,alle,2018,26230,personer,ssb_07459,ekte
1834,0-17,2018,375,personer,ssb_07459,ekte
1834,18-29,2018,265,personer,ssb_07459,ekte
1834,30-49,2018,438,personer,ssb_07459,ekte
1834,50-66,2018,435,personer,ssb_07459,ekte
1834,67-79,2018,287,personer,ssb_07459,ekte
1834,80-89,2018,101,personer,ssb_07459,ekte
1834,90+,2018,19,personer,ssb_07459,ekte
1834,alle,2018,1920,personer,ssb_07459,ekte
1835,0-17,2018,86,personer,ssb_07459,ekte
1835,18-29,2018,76,personer,ssb_07459,ekte
1835,30-49,2018,127,personer,ssb_07459,ekte
1835,50-66,2018,93,personer,ssb_07459,ekte
1835,67-79,2018,51,personer,ssb_07459,ekte
1835,80-89,2018,20,personer,ssb_07459,ekte
1835,90+,2018,1,personer,ssb_07459,ekte
1835,alle,2018,454,personer,ssb_07459,ekte
1836,0-17,2018,286,personer,ssb_07459,ekte
1836,18-29,2018,182,personer,ssb_07459,ekte
1836,30-49,2018,258,personer,ssb_07459,ekte
1836,50-66,2018,280,personer,ssb_07459,ekte
1836,67-79,2018,173,personer,ssb_07459,ekte
1836,80-89,2018,57,personer,ssb_07459,ekte
1836,90+,2018,13,personer,ssb_07459,ekte
1836,alle,2018,1249,personer,ssb_07459,ekte
1837,0-17,2018,1319,personer,ssb_07459,ekte
1837,18-29,2018,961,personer,ssb_07459,ekte
1837,30-49,2018,1431,personer,ssb_07459,ekte
1837,50-66,2018,1460,personer,ssb_07459,ekte
1837,67-79,2018,795,personer,ssb_07459,ekte
1837,80-89,2018,294,personer,ssb_07459,ekte
1837,90+,2018,86,personer,ssb_07459,ekte
1837,alle,2018,6346,personer,ssb_07459,ekte
1838,0-17,2018,367,personer,ssb_07459,ekte
1838,18-29,2018,252,personer,ssb_07459,ekte
1838,30-49,2018,464,personer,ssb_07459,ekte
1838,50-66,2018,477,personer,ssb_07459,ekte
1838,67-79,2018,306,personer,ssb_07459,ekte
1838,80-89,2018,102,personer,ssb_07459,ekte
1838,90+,2018,30,personer,ssb_07459,ekte
1838,alle,2018,1998,personer,ssb_07459,ekte
1839,0-17,2018,149,personer,ssb_07459,ekte
1839,18-29,2018,115,personer,ssb_07459,ekte
1839,30-49,2018,203,personer,ssb_07459,ekte
1839,50-66,2018,292,personer,ssb_07459,ekte
1839,67-79,2018,187,personer,ssb_07459,ekte
1839,80-89,2018,64,personer,ssb_07459,ekte
1839,90+,2018,19,personer,ssb_07459,ekte
1839,alle,2018,1029,personer,ssb_07459,ekte
1840,0-17,2018,931,personer,ssb_07459,ekte
1840,18-29,2018,608,personer,ssb_07459,ekte
1840,30-49,2018,1062,personer,ssb_07459,ekte
1840,50-66,2018,1136,personer,ssb_07459,ekte
1840,67-79,2018,696,personer,ssb_07459,ekte
1840,80-89,2018,209,personer,ssb_07459,ekte
1840,90+,2018,49,personer,ssb_07459,ekte
1840,alle,2018,4691,personer,ssb_07459,ekte
1841,0-17,2018,1863,personer,ssb_07459,ekte
1841,18-29,2018,1451,personer,ssb_07459,ekte
1841,30-49,2018,2376,personer,ssb_07459,ekte
1841,50-66,2018,2242,personer,ssb_07459,ekte
1841,67-79,2018,1355,personer,ssb_07459,ekte
1841,80-89,2018,394,personer,ssb_07459,ekte
1841,90+,2018,94,personer,ssb_07459,ekte
1841,alle,2018,9775,personer,ssb_07459,ekte
1845,0-17,2018,387,personer,ssb_07459,ekte
1845,18-29,2018,247,personer,ssb_07459,ekte
1845,30-49,2018,443,personer,ssb_07459,ekte
1845,50-66,2018,454,personer,ssb_07459,ekte
1845,67-79,2018,332,personer,ssb_07459,ekte
1845,80-89,2018,86,personer,ssb_07459,ekte
1845,90+,2018,30,personer,ssb_07459,ekte
1845,alle,2018,1979,personer,ssb_07459,ekte
1848,0-17,2018,438,personer,ssb_07459,ekte
1848,18-29,2018,338,personer,ssb_07459,ekte
1848,30-49,2018,549,personer,ssb_07459,ekte
1848,50-66,2018,607,personer,ssb_07459,ekte
1848,67-79,2018,428,personer,ssb_07459,ekte
1848,80-89,2018,130,personer,ssb_07459,ekte
1848,90+,2018,44,personer,ssb_07459,ekte
1848,alle,2018,2534,personer,ssb_07459,ekte
1851,0-17,2018,354,personer,ssb_07459,ekte
1851,18-29,2018,252,personer,ssb_07459,ekte
1851,30-49,2018,426,personer,ssb_07459,ekte
1851,50-66,2018,557,personer,ssb_07459,ekte
1851,67-79,2018,365,personer,ssb_07459,ekte
1851,80-89,2018,113,personer,ssb_07459,ekte
1851,90+,2018,35,personer,ssb_07459,ekte
1851,alle,2018,2102,personer,ssb_07459,ekte
1853,0-17,2018,252,personer,ssb_07459,ekte
1853,18-29,2018,172,personer,ssb_07459,ekte
1853,30-49,2018,302,personer,ssb_07459,ekte
1853,50-66,2018,318,personer,ssb_07459,ekte
1853,67-79,2018,245,personer,ssb_07459,ekte
1853,80-89,2018,81,personer,ssb_07459,ekte
1853,90+,2018,17,personer,ssb_07459,ekte
1853,alle,2018,1387,personer,ssb_07459,ekte
1856,0-17,2018,83,personer,ssb_07459,ekte
1856,18-29,2018,65,personer,ssb_07459,ekte
1856,30-49,2018,124,personer,ssb_07459,ekte
1856,50-66,2018,141,personer,ssb_07459,ekte
1856,67-79,2018,64,personer,ssb_07459,ekte
1856,80-89,2018,34,personer,ssb_07459,ekte
1856,90+,2018,6,personer,ssb_07459,ekte
1856,alle,2018,517,personer,ssb_07459,ekte
1857,0-17,2018,143,personer,ssb_07459,ekte
1857,18-29,2018,104,personer,ssb_07459,ekte
1857,30-49,2018,197,personer,ssb_07459,ekte
1857,50-66,2018,157,personer,ssb_07459,ekte
1857,67-79,2018,104,personer,ssb_07459,ekte
1857,80-89,2018,32,personer,ssb_07459,ekte
1857,90+,2018,9,personer,ssb_07459,ekte
1857,alle,2018,746,personer,ssb_07459,ekte
1859,0-17,2018,236,personer,ssb_07459,ekte
1859,18-29,2018,188,personer,ssb_07459,ekte
1859,30-49,2018,258,personer,ssb_07459,ekte
1859,50-66,2018,333,personer,ssb_07459,ekte
1859,67-79,2018,184,personer,ssb_07459,ekte
1859,80-89,2018,84,personer,ssb_07459,ekte
1859,90+,2018,18,personer,ssb_07459,ekte
1859,alle,2018,1301,personer,ssb_07459,ekte
1860,0-17,2018,2494,personer,ssb_07459,ekte
1860,18-29,2018,1850,personer,ssb_07459,ekte
1860,30-49,2018,2676,personer,ssb_07459,ekte
1860,50-66,2018,2514,personer,ssb_07459,ekte
1860,67-79,2018,1297,personer,ssb_07459,ekte
1860,80-89,2018,468,personer,ssb_07459,ekte
1860,90+,2018,98,personer,ssb_07459,ekte
1860,alle,2018,11397,personer,ssb_07459,ekte
1865,0-17,2018,1959,personer,ssb_07459,ekte
1865,18-29,2018,1458,personer,ssb_07459,ekte
1865,30-49,2018,2484,personer,ssb_07459,ekte
1865,50-66,2018,2101,personer,ssb_07459,ekte
1865,67-79,2018,1163,personer,ssb_07459,ekte
1865,80-89,2018,353,personer,ssb_07459,ekte
1865,90+,2018,93,personer,ssb_07459,ekte
1865,alle,2018,9611,personer,ssb_07459,ekte
1866,0-17,2018,1582,personer,ssb_07459,ekte
1866,18-29,2018,1223,personer,ssb_07459,ekte
1866,30-49,2018,1835,personer,ssb_07459,ekte
1866,50-66,2018,1864,personer,ssb_07459,ekte
1866,67-79,2018,1121,personer,ssb_07459,ekte
1866,80-89,2018,339,personer,ssb_07459,ekte
1866,90+,2018,78,personer,ssb_07459,ekte
1866,alle,2018,8042,personer,ssb_07459,ekte
1867,0-17,2018,421,personer,ssb_07459,ekte
1867,18-29,2018,328,personer,ssb_07459,ekte
1867,30-49,2018,532,personer,ssb_07459,ekte
1867,50-66,2018,667,personer,ssb_07459,ekte
1867,67-79,2018,440,personer,ssb_07459,ekte
1867,80-89,2018,187,personer,ssb_07459,ekte
1867,90+,2018,48,personer,ssb_07459,ekte
1867,alle,2018,2623,personer,ssb_07459,ekte
1868,0-17,2018,883,personer,ssb_07459,ekte
1868,18-29,2018,679,personer,ssb_07459,ekte
1868,30-49,2018,1118,personer,ssb_07459,ekte
1868,50-66,2018,1049,personer,ssb_07459,ekte
1868,67-79,2018,568,personer,ssb_07459,ekte
1868,80-89,2018,205,personer,ssb_07459,ekte
1868,90+,2018,39,personer,ssb_07459,ekte
1868,alle,2018,4541,personer,ssb_07459,ekte
1870,0-17,2018,2239,personer,ssb_07459,ekte
1870,18-29,2018,1713,personer,ssb_07459,ekte
1870,30-49,2018,2586,personer,ssb_07459,ekte
1870,50-66,2018,2263,personer,ssb_07459,ekte
1870,67-79,2018,1158,personer,ssb_07459,ekte
1870,80-89,2018,336,personer,ssb_07459,ekte
1870,90+,2018,106,personer,ssb_07459,ekte
1870,alle,2018,10401,personer,ssb_07459,ekte
1871,0-17,2018,896,personer,ssb_07459,ekte
1871,18-29,2018,756,personer,ssb_07459,ekte
1871,30-49,2018,1024,personer,ssb_07459,ekte
1871,50-66,2018,1151,personer,ssb_07459,ekte
1871,67-79,2018,748,personer,ssb_07459,ekte
1871,80-89,2018,250,personer,ssb_07459,ekte
1871,90+,2018,77,personer,ssb_07459,ekte
1871,alle,2018,4902,personer,ssb_07459,ekte
1874,0-17,2018,157,personer,ssb_07459,ekte
1874,18-29,2018,144,personer,ssb_07459,ekte
1874,30-49,2018,279,personer,ssb_07459,ekte
1874,50-66,2018,240,personer,ssb_07459,ekte
1874,67-79,2018,155,personer,ssb_07459,ekte
1874,80-89,2018,77,personer,ssb_07459,ekte
1874,90+,2018,16,personer,ssb_07459,ekte
1874,alle,2018,1068,personer,ssb_07459,ekte
1875,alle,2018,0,personer,ssb_07459,ekte
5501,alle,2018,0,personer,ssb_07459,ekte
5503,alle,2018,0,personer,ssb_07459,ekte
5510,alle,2018,0,personer,ssb_07459,ekte
5512,alle,2018,0,personer,ssb_07459,ekte
5514,alle,2018,0,personer,ssb_07459,ekte
5516,alle,2018,0,personer,ssb_07459,ekte
5518,alle,2018,0,personer,ssb_07459,ekte
5520,alle,2018,0,personer,ssb_07459,ekte
5522,alle,2018,0,personer,ssb_07459,ekte
5524,alle,2018,0,personer,ssb_07459,ekte
5526,alle,2018,0,personer,ssb_07459,ekte
5528,alle,2018,0,personer,ssb_07459,ekte
5530,alle,2018,0,personer,ssb_07459,ekte
5532,alle,2018,0,personer,ssb_07459,ekte
5534,alle,2018,0,personer,ssb_07459,ekte
5536,alle,2018,0,personer,ssb_07459,ekte
5538,alle,2018,0,personer,ssb_07459,ekte
5540,alle,2018,0,personer,ssb_07459,ekte
5542,alle,2018,0,personer,ssb_07459,ekte
5544,alle,2018,0,personer,ssb_07459,ekte
5546,alle,2018,0,personer,ssb_07459,ekte
5601,alle,2018,0,personer,ssb_07459,ekte
5603,alle,2018,0,personer,ssb_07459,ekte
5605,alle,2018,0,personer,ssb_07459,ekte
5607,alle,2018,0,personer,ssb_07459,ekte
5610,alle,2018,0,personer,ssb_07459,ekte
5612,alle,2018,0,personer,ssb_07459,ekte
5614,alle,2018,0,personer,ssb_07459,ekte
5616,alle,2018,0,personer,ssb_07459,ekte
5618,alle,2018,0,personer,ssb_07459,ekte
5620,alle,2018,0,personer,ssb_07459,ekte
5622,alle,2018,0,personer,ssb_07459,ekte
5624,alle,2018,0,personer,ssb_07459,ekte
5626,alle,2018,0,personer,ssb_07459,ekte
5628,alle,2018,0,personer,ssb_07459,ekte
5630,alle,2018,0,personer,ssb_07459,ekte
5632,alle,2018,0,personer,ssb_07459,ekte
5634,alle,2018,0,personer,ssb_07459,ekte
5636,alle,2018,0,personer,ssb_07459,ekte
3101,alle,2019,0,personer,ssb_07459,ekte
3103,alle,2019,0,personer,ssb_07459,ekte
3105,alle,2019,0,personer,ssb_07459,ekte
3107,alle,2019,0,personer,ssb_07459,ekte
3110,alle,2019,0,personer,ssb_07459,ekte
3112,alle,2019,0,personer,ssb_07459,ekte
3114,alle,2019,0,personer,ssb_07459,ekte
3116,alle,2019,0,personer,ssb_07459,ekte
3118,alle,2019,0,personer,ssb_07459,ekte
3120,alle,2019,0,personer,ssb_07459,ekte
3122,alle,2019,0,personer,ssb_07459,ekte
3124,alle,2019,0,personer,ssb_07459,ekte
3201,alle,2019,0,personer,ssb_07459,ekte
3203,alle,2019,0,personer,ssb_07459,ekte
3205,alle,2019,0,personer,ssb_07459,ekte
3207,alle,2019,0,personer,ssb_07459,ekte
3209,alle,2019,0,personer,ssb_07459,ekte
3212,alle,2019,0,personer,ssb_07459,ekte
3214,alle,2019,0,personer,ssb_07459,ekte
3216,alle,2019,0,personer,ssb_07459,ekte
3218,alle,2019,0,personer,ssb_07459,ekte
3220,alle,2019,0,personer,ssb_07459,ekte
3222,alle,2019,0,personer,ssb_07459,ekte
3224,alle,2019,0,personer,ssb_07459,ekte
3226,alle,2019,0,personer,ssb_07459,ekte
3228,alle,2019,0,personer,ssb_07459,ekte
3230,alle,2019,0,personer,ssb_07459,ekte
3232,alle,2019,0,personer,ssb_07459,ekte
3234,alle,2019,0,personer,ssb_07459,ekte
3236,alle,2019,0,personer,ssb_07459,ekte
3238,alle,2019,0,personer,ssb_07459,ekte
3240,alle,2019,0,personer,ssb_07459,ekte
3242,alle,2019,0,personer,ssb_07459,ekte
0301,0-17,2019,132210,personer,ssb_07459,ekte
0301,18-29,2019,132545,personer,ssb_07459,ekte
0301,30-49,2019,224438,personer,ssb_07459,ekte
0301,50-66,2019,117297,personer,ssb_07459,ekte
0301,67-79,2019,53622,personer,ssb_07459,ekte
0301,80-89,2019,16162,personer,ssb_07459,ekte
0301,90+,2019,4797,personer,ssb_07459,ekte
0301,alle,2019,681071,personer,ssb_07459,ekte
3301,alle,2019,0,personer,ssb_07459,ekte
3303,alle,2019,0,personer,ssb_07459,ekte
3305,alle,2019,0,personer,ssb_07459,ekte
3310,alle,2019,0,personer,ssb_07459,ekte
3312,alle,2019,0,personer,ssb_07459,ekte
3314,alle,2019,0,personer,ssb_07459,ekte
3316,alle,2019,0,personer,ssb_07459,ekte
3318,alle,2019,0,personer,ssb_07459,ekte
3320,alle,2019,0,personer,ssb_07459,ekte
3322,alle,2019,0,personer,ssb_07459,ekte
3324,alle,2019,0,personer,ssb_07459,ekte
3326,alle,2019,0,personer,ssb_07459,ekte
3328,alle,2019,0,personer,ssb_07459,ekte
3330,alle,2019,0,personer,ssb_07459,ekte
3332,alle,2019,0,personer,ssb_07459,ekte
3334,alle,2019,0,personer,ssb_07459,ekte
3336,alle,2019,0,personer,ssb_07459,ekte
3338,alle,2019,0,personer,ssb_07459,ekte
3401,alle,2019,0,personer,ssb_07459,ekte
3403,alle,2019,0,personer,ssb_07459,ekte
3405,alle,2019,0,personer,ssb_07459,ekte
3407,alle,2019,0,personer,ssb_07459,ekte
3411,alle,2019,0,personer,ssb_07459,ekte
3412,alle,2019,0,personer,ssb_07459,ekte
3413,alle,2019,0,personer,ssb_07459,ekte
3414,alle,2019,0,personer,ssb_07459,ekte
3415,alle,2019,0,personer,ssb_07459,ekte
3416,alle,2019,0,personer,ssb_07459,ekte
3417,alle,2019,0,personer,ssb_07459,ekte
3418,alle,2019,0,personer,ssb_07459,ekte
3419,alle,2019,0,personer,ssb_07459,ekte
3420,alle,2019,0,personer,ssb_07459,ekte
3421,alle,2019,0,personer,ssb_07459,ekte
3422,alle,2019,0,personer,ssb_07459,ekte
3423,alle,2019,0,personer,ssb_07459,ekte
3424,alle,2019,0,personer,ssb_07459,ekte
3425,alle,2019,0,personer,ssb_07459,ekte
3426,alle,2019,0,personer,ssb_07459,ekte
3427,alle,2019,0,personer,ssb_07459,ekte
3428,alle,2019,0,personer,ssb_07459,ekte
3429,alle,2019,0,personer,ssb_07459,ekte
3430,alle,2019,0,personer,ssb_07459,ekte
3431,alle,2019,0,personer,ssb_07459,ekte
3432,alle,2019,0,personer,ssb_07459,ekte
3433,alle,2019,0,personer,ssb_07459,ekte
3434,alle,2019,0,personer,ssb_07459,ekte
3435,alle,2019,0,personer,ssb_07459,ekte
3436,alle,2019,0,personer,ssb_07459,ekte
3437,alle,2019,0,personer,ssb_07459,ekte
3438,alle,2019,0,personer,ssb_07459,ekte
3439,alle,2019,0,personer,ssb_07459,ekte
3440,alle,2019,0,personer,ssb_07459,ekte
3441,alle,2019,0,personer,ssb_07459,ekte
3442,alle,2019,0,personer,ssb_07459,ekte
3443,alle,2019,0,personer,ssb_07459,ekte
3446,alle,2019,0,personer,ssb_07459,ekte
3447,alle,2019,0,personer,ssb_07459,ekte
3448,alle,2019,0,personer,ssb_07459,ekte
3449,alle,2019,0,personer,ssb_07459,ekte
3450,alle,2019,0,personer,ssb_07459,ekte
3451,alle,2019,0,personer,ssb_07459,ekte
3452,alle,2019,0,personer,ssb_07459,ekte
3453,alle,2019,0,personer,ssb_07459,ekte
3454,alle,2019,0,personer,ssb_07459,ekte
3901,alle,2019,0,personer,ssb_07459,ekte
3903,alle,2019,0,personer,ssb_07459,ekte
3905,alle,2019,0,personer,ssb_07459,ekte
3907,alle,2019,0,personer,ssb_07459,ekte
3909,alle,2019,0,personer,ssb_07459,ekte
3911,alle,2019,0,personer,ssb_07459,ekte
4001,alle,2019,0,personer,ssb_07459,ekte
4003,alle,2019,0,personer,ssb_07459,ekte
4005,alle,2019,0,personer,ssb_07459,ekte
4010,alle,2019,0,personer,ssb_07459,ekte
4012,alle,2019,0,personer,ssb_07459,ekte
4014,alle,2019,0,personer,ssb_07459,ekte
4016,alle,2019,0,personer,ssb_07459,ekte
4018,alle,2019,0,personer,ssb_07459,ekte
4020,alle,2019,0,personer,ssb_07459,ekte
4022,alle,2019,0,personer,ssb_07459,ekte
4024,alle,2019,0,personer,ssb_07459,ekte
4026,alle,2019,0,personer,ssb_07459,ekte
4028,alle,2019,0,personer,ssb_07459,ekte
4030,alle,2019,0,personer,ssb_07459,ekte
4032,alle,2019,0,personer,ssb_07459,ekte
4034,alle,2019,0,personer,ssb_07459,ekte
4036,alle,2019,0,personer,ssb_07459,ekte
4201,alle,2019,0,personer,ssb_07459,ekte
4202,alle,2019,0,personer,ssb_07459,ekte
4203,alle,2019,0,personer,ssb_07459,ekte
4204,alle,2019,0,personer,ssb_07459,ekte
4205,alle,2019,0,personer,ssb_07459,ekte
4206,alle,2019,0,personer,ssb_07459,ekte
4207,alle,2019,0,personer,ssb_07459,ekte
4211,alle,2019,0,personer,ssb_07459,ekte
4212,alle,2019,0,personer,ssb_07459,ekte
4213,alle,2019,0,personer,ssb_07459,ekte
4214,alle,2019,0,personer,ssb_07459,ekte
4215,alle,2019,0,personer,ssb_07459,ekte
4216,alle,2019,0,personer,ssb_07459,ekte
4217,alle,2019,0,personer,ssb_07459,ekte
4218,alle,2019,0,personer,ssb_07459,ekte
4219,alle,2019,0,personer,ssb_07459,ekte
4220,alle,2019,0,personer,ssb_07459,ekte
4221,alle,2019,0,personer,ssb_07459,ekte
4222,alle,2019,0,personer,ssb_07459,ekte
4223,alle,2019,0,personer,ssb_07459,ekte
4224,alle,2019,0,personer,ssb_07459,ekte
4225,alle,2019,0,personer,ssb_07459,ekte
4226,alle,2019,0,personer,ssb_07459,ekte
4227,alle,2019,0,personer,ssb_07459,ekte
4228,alle,2019,0,personer,ssb_07459,ekte
1101,0-17,2019,3329,personer,ssb_07459,ekte
1101,18-29,2019,2270,personer,ssb_07459,ekte
1101,30-49,2019,3811,personer,ssb_07459,ekte
1101,50-66,2019,3116,personer,ssb_07459,ekte
1101,67-79,2019,1672,personer,ssb_07459,ekte
1101,80-89,2019,508,personer,ssb_07459,ekte
1101,90+,2019,124,personer,ssb_07459,ekte
1101,alle,2019,14830,personer,ssb_07459,ekte
1103,0-17,2019,29234,personer,ssb_07459,ekte
1103,18-29,2019,22674,personer,ssb_07459,ekte
1103,30-49,2019,39181,personer,ssb_07459,ekte
1103,50-66,2019,26629,personer,ssb_07459,ekte
1103,67-79,2019,11762,personer,ssb_07459,ekte
1103,80-89,2019,3609,personer,ssb_07459,ekte
1103,90+,2019,948,personer,ssb_07459,ekte
1103,alle,2019,134037,personer,ssb_07459,ekte
1106,0-17,2019,7770,personer,ssb_07459,ekte
1106,18-29,2019,5860,personer,ssb_07459,ekte
1106,30-49,2019,10588,personer,ssb_07459,ekte
1106,50-66,2019,7693,personer,ssb_07459,ekte
1106,67-79,2019,3846,personer,ssb_07459,ekte
1106,80-89,2019,1175,personer,ssb_07459,ekte
1106,90+,2019,318,personer,ssb_07459,ekte
1106,alle,2019,37250,personer,ssb_07459,ekte
1108,alle,2019,0,personer,ssb_07459,ekte
1111,0-17,2019,784,personer,ssb_07459,ekte
1111,18-29,2019,457,personer,ssb_07459,ekte
1111,30-49,2019,769,personer,ssb_07459,ekte
1111,50-66,2019,729,personer,ssb_07459,ekte
1111,67-79,2019,382,personer,ssb_07459,ekte
1111,80-89,2019,148,personer,ssb_07459,ekte
1111,90+,2019,36,personer,ssb_07459,ekte
1111,alle,2019,3305,personer,ssb_07459,ekte
1112,0-17,2019,751,personer,ssb_07459,ekte
1112,18-29,2019,501,personer,ssb_07459,ekte
1112,30-49,2019,744,personer,ssb_07459,ekte
1112,50-66,2019,703,personer,ssb_07459,ekte
1112,67-79,2019,347,personer,ssb_07459,ekte
1112,80-89,2019,129,personer,ssb_07459,ekte
1112,90+,2019,38,personer,ssb_07459,ekte
1112,alle,2019,3213,personer,ssb_07459,ekte
1114,0-17,2019,750,personer,ssb_07459,ekte
1114,18-29,2019,387,personer,ssb_07459,ekte
1114,30-49,2019,710,personer,ssb_07459,ekte
1114,50-66,2019,609,personer,ssb_07459,ekte
1114,67-79,2019,264,personer,ssb_07459,ekte
1114,80-89,2019,67,personer,ssb_07459,ekte
1114,90+,2019,20,personer,ssb_07459,ekte
1114,alle,2019,2807,personer,ssb_07459,ekte
1119,0-17,2019,4978,personer,ssb_07459,ekte
1119,18-29,2019,2944,personer,ssb_07459,ekte
1119,30-49,2019,5159,personer,ssb_07459,ekte
1119,50-66,2019,3479,personer,ssb_07459,ekte
1119,67-79,2019,1641,personer,ssb_07459,ekte
1119,80-89,2019,497,personer,ssb_07459,ekte
1119,90+,2019,116,personer,ssb_07459,ekte
1119,alle,2019,18814,personer,ssb_07459,ekte
1120,0-17,2019,4899,personer,ssb_07459,ekte
1120,18-29,2019,3178,personer,ssb_07459,ekte
1120,30-49,2019,5567,personer,ssb_07459,ekte
1120,50-66,2019,3452,personer,ssb_07459,ekte
1120,67-79,2019,1712,personer,ssb_07459,ekte
1120,80-89,2019,456,personer,ssb_07459,ekte
1120,90+,2019,90,personer,ssb_07459,ekte
1120,alle,2019,19354,personer,ssb_07459,ekte
1121,0-17,2019,4746,personer,ssb_07459,ekte
1121,18-29,2019,2992,personer,ssb_07459,ekte
1121,30-49,2019,5211,personer,ssb_07459,ekte
1121,50-66,2019,3586,personer,ssb_07459,ekte
1121,67-79,2019,1619,personer,ssb_07459,ekte
1121,80-89,2019,535,personer,ssb_07459,ekte
1121,90+,2019,106,personer,ssb_07459,ekte
1121,alle,2019,18795,personer,ssb_07459,ekte
1122,0-17,2019,3177,personer,ssb_07459,ekte
1122,18-29,2019,1896,personer,ssb_07459,ekte
1122,30-49,2019,3441,personer,ssb_07459,ekte
1122,50-66,2019,2243,personer,ssb_07459,ekte
1122,67-79,2019,884,personer,ssb_07459,ekte
1122,80-89,2019,217,personer,ssb_07459,ekte
1122,90+,2019,41,personer,ssb_07459,ekte
1122,alle,2019,11899,personer,ssb_07459,ekte
1124,0-17,2019,6544,personer,ssb_07459,ekte
1124,18-29,2019,4125,personer,ssb_07459,ekte
1124,30-49,2019,7767,personer,ssb_07459,ekte
1124,50-66,2019,5192,personer,ssb_07459,ekte
1124,67-79,2019,2132,personer,ssb_07459,ekte
1124,80-89,2019,674,personer,ssb_07459,ekte
1124,90+,2019,148,personer,ssb_07459,ekte
1124,alle,2019,26582,personer,ssb_07459,ekte
1127,0-17,2019,2769,personer,ssb_07459,ekte
1127,18-29,2019,1781,personer,ssb_07459,ekte
1127,30-49,2019,2904,personer,ssb_07459,ekte
1127,50-66,2019,2213,personer,ssb_07459,ekte
1127,67-79,2019,982,personer,ssb_07459,ekte
1127,80-89,2019,343,personer,ssb_07459,ekte
1127,90+,2019,61,personer,ssb_07459,ekte
1127,alle,2019,11053,personer,ssb_07459,ekte
1130,0-17,2019,3187,personer,ssb_07459,ekte
1130,18-29,2019,1975,personer,ssb_07459,ekte
1130,30-49,2019,3411,personer,ssb_07459,ekte
1130,50-66,2019,2385,personer,ssb_07459,ekte
1130,67-79,2019,1245,personer,ssb_07459,ekte
1130,80-89,2019,421,personer,ssb_07459,ekte
1130,90+,2019,96,personer,ssb_07459,ekte
1130,alle,2019,12720,personer,ssb_07459,ekte
1133,0-17,2019,657,personer,ssb_07459,ekte
1133,18-29,2019,323,personer,ssb_07459,ekte
1133,30-49,2019,636,personer,ssb_07459,ekte
1133,50-66,2019,573,personer,ssb_07459,ekte
1133,67-79,2019,352,personer,ssb_07459,ekte
1133,80-89,2019,111,personer,ssb_07459,ekte
1133,90+,2019,32,personer,ssb_07459,ekte
1133,alle,2019,2684,personer,ssb_07459,ekte
1134,0-17,2019,872,personer,ssb_07459,ekte
1134,18-29,2019,505,personer,ssb_07459,ekte
1134,30-49,2019,867,personer,ssb_07459,ekte
1134,50-66,2019,856,personer,ssb_07459,ekte
1134,67-79,2019,490,personer,ssb_07459,ekte
1134,80-89,2019,165,personer,ssb_07459,ekte
1134,90+,2019,39,personer,ssb_07459,ekte
1134,alle,2019,3794,personer,ssb_07459,ekte
1135,0-17,2019,931,personer,ssb_07459,ekte
1135,18-29,2019,627,personer,ssb_07459,ekte
1135,30-49,2019,1091,personer,ssb_07459,ekte
1135,50-66,2019,1064,personer,ssb_07459,ekte
1135,67-79,2019,550,personer,ssb_07459,ekte
1135,80-89,2019,279,personer,ssb_07459,ekte
1135,90+,2019,55,personer,ssb_07459,ekte
1135,alle,2019,4597,personer,ssb_07459,ekte
1144,0-17,2019,104,personer,ssb_07459,ekte
1144,18-29,2019,67,personer,ssb_07459,ekte
1144,30-49,2019,110,personer,ssb_07459,ekte
1144,50-66,2019,128,personer,ssb_07459,ekte
1144,67-79,2019,70,personer,ssb_07459,ekte
1144,80-89,2019,29,personer,ssb_07459,ekte
1144,90+,2019,8,personer,ssb_07459,ekte
1144,alle,2019,516,personer,ssb_07459,ekte
1145,0-17,2019,178,personer,ssb_07459,ekte
1145,18-29,2019,118,personer,ssb_07459,ekte
1145,30-49,2019,210,personer,ssb_07459,ekte
1145,50-66,2019,171,personer,ssb_07459,ekte
1145,67-79,2019,107,personer,ssb_07459,ekte
1145,80-89,2019,45,personer,ssb_07459,ekte
1145,90+,2019,11,personer,ssb_07459,ekte
1145,alle,2019,840,personer,ssb_07459,ekte
1146,0-17,2019,2883,personer,ssb_07459,ekte
1146,18-29,2019,1543,personer,ssb_07459,ekte
1146,30-49,2019,2958,personer,ssb_07459,ekte
1146,50-66,2019,2086,personer,ssb_07459,ekte
1146,67-79,2019,1173,personer,ssb_07459,ekte
1146,80-89,2019,317,personer,ssb_07459,ekte
1146,90+,2019,68,personer,ssb_07459,ekte
1146,alle,2019,11028,personer,ssb_07459,ekte
1149,0-17,2019,9903,personer,ssb_07459,ekte
1149,18-29,2019,6288,personer,ssb_07459,ekte
1149,30-49,2019,11174,personer,ssb_07459,ekte
1149,50-66,2019,8520,personer,ssb_07459,ekte
1149,67-79,2019,4568,personer,ssb_07459,ekte
1149,80-89,2019,1397,personer,ssb_07459,ekte
1149,90+,2019,311,personer,ssb_07459,ekte
1149,alle,2019,42161,personer,ssb_07459,ekte
1151,0-17,2019,44,personer,ssb_07459,ekte
1151,18-29,2019,23,personer,ssb_07459,ekte
1151,30-49,2019,47,personer,ssb_07459,ekte
1151,50-66,2019,49,personer,ssb_07459,ekte
1151,67-79,2019,25,personer,ssb_07459,ekte
1151,80-89,2019,6,personer,ssb_07459,ekte
1151,90+,2019,2,personer,ssb_07459,ekte
1151,alle,2019,196,personer,ssb_07459,ekte
1160,0-17,2019,2002,personer,ssb_07459,ekte
1160,18-29,2019,1333,personer,ssb_07459,ekte
1160,30-49,2019,2171,personer,ssb_07459,ekte
1160,50-66,2019,1871,personer,ssb_07459,ekte
1160,67-79,2019,915,personer,ssb_07459,ekte
1160,80-89,2019,345,personer,ssb_07459,ekte
1160,90+,2019,106,personer,ssb_07459,ekte
1160,alle,2019,8743,personer,ssb_07459,ekte
4601,alle,2019,0,personer,ssb_07459,ekte
4602,alle,2019,0,personer,ssb_07459,ekte
4611,alle,2019,0,personer,ssb_07459,ekte
4612,alle,2019,0,personer,ssb_07459,ekte
4613,alle,2019,0,personer,ssb_07459,ekte
4614,alle,2019,0,personer,ssb_07459,ekte
4615,alle,2019,0,personer,ssb_07459,ekte
4616,alle,2019,0,personer,ssb_07459,ekte
4617,alle,2019,0,personer,ssb_07459,ekte
4618,alle,2019,0,personer,ssb_07459,ekte
4619,alle,2019,0,personer,ssb_07459,ekte
4620,alle,2019,0,personer,ssb_07459,ekte
4621,alle,2019,0,personer,ssb_07459,ekte
4622,alle,2019,0,personer,ssb_07459,ekte
4623,alle,2019,0,personer,ssb_07459,ekte
4624,alle,2019,0,personer,ssb_07459,ekte
4625,alle,2019,0,personer,ssb_07459,ekte
4626,alle,2019,0,personer,ssb_07459,ekte
4627,alle,2019,0,personer,ssb_07459,ekte
4628,alle,2019,0,personer,ssb_07459,ekte
4629,alle,2019,0,personer,ssb_07459,ekte
4630,alle,2019,0,personer,ssb_07459,ekte
4631,alle,2019,0,personer,ssb_07459,ekte
4632,alle,2019,0,personer,ssb_07459,ekte
4633,alle,2019,0,personer,ssb_07459,ekte
4634,alle,2019,0,personer,ssb_07459,ekte
4635,alle,2019,0,personer,ssb_07459,ekte
4636,alle,2019,0,personer,ssb_07459,ekte
4637,alle,2019,0,personer,ssb_07459,ekte
4638,alle,2019,0,personer,ssb_07459,ekte
4639,alle,2019,0,personer,ssb_07459,ekte
4640,alle,2019,0,personer,ssb_07459,ekte
4641,alle,2019,0,personer,ssb_07459,ekte
4642,alle,2019,0,personer,ssb_07459,ekte
4643,alle,2019,0,personer,ssb_07459,ekte
4644,alle,2019,0,personer,ssb_07459,ekte
4645,alle,2019,0,personer,ssb_07459,ekte
4646,alle,2019,0,personer,ssb_07459,ekte
4647,alle,2019,0,personer,ssb_07459,ekte
4648,alle,2019,0,personer,ssb_07459,ekte
4649,alle,2019,0,personer,ssb_07459,ekte
4650,alle,2019,0,personer,ssb_07459,ekte
4651,alle,2019,0,personer,ssb_07459,ekte
1505,0-17,2019,4788,personer,ssb_07459,ekte
1505,18-29,2019,3536,personer,ssb_07459,ekte
1505,30-49,2019,6340,personer,ssb_07459,ekte
1505,50-66,2019,5424,personer,ssb_07459,ekte
1505,67-79,2019,3142,personer,ssb_07459,ekte
1505,80-89,2019,846,personer,ssb_07459,ekte
1505,90+,2019,198,personer,ssb_07459,ekte
1505,alle,2019,24274,personer,ssb_07459,ekte
1506,alle,2019,0,personer,ssb_07459,ekte
1508,alle,2019,0,personer,ssb_07459,ekte
1511,0-17,2019,524,personer,ssb_07459,ekte
1511,18-29,2019,451,personer,ssb_07459,ekte
1511,30-49,2019,607,personer,ssb_07459,ekte
1511,50-66,2019,798,personer,ssb_07459,ekte
1511,67-79,2019,546,personer,ssb_07459,ekte
1511,80-89,2019,172,personer,ssb_07459,ekte
1511,90+,2019,65,personer,ssb_07459,ekte
1511,alle,2019,3163,personer,ssb_07459,ekte
1514,0-17,2019,460,personer,ssb_07459,ekte
1514,18-29,2019,314,personer,ssb_07459,ekte
1514,30-49,2019,629,personer,ssb_07459,ekte
1514,50-66,2019,584,personer,ssb_07459,ekte
1514,67-79,2019,326,personer,ssb_07459,ekte
1514,80-89,2019,143,personer,ssb_07459,ekte
1514,90+,2019,37,personer,ssb_07459,ekte
1514,alle,2019,2493,personer,ssb_07459,ekte
1515,0-17,2019,1913,personer,ssb_07459,ekte
1515,18-29,2019,1210,personer,ssb_07459,ekte
1515,30-49,2019,2307,personer,ssb_07459,ekte
1515,50-66,2019,1951,personer,ssb_07459,ekte
1515,67-79,2019,1069,personer,ssb_07459,ekte
1515,80-89,2019,372,personer,ssb_07459,ekte
1515,90+,2019,105,personer,ssb_07459,ekte
1515,alle,2019,8927,personer,ssb_07459,ekte
1516,0-17,2019,1997,personer,ssb_07459,ekte
1516,18-29,2019,1271,personer,ssb_07459,ekte
1516,30-49,2019,2406,personer,ssb_07459,ekte
1516,50-66,2019,1747,personer,ssb_07459,ekte
1516,67-79,2019,855,personer,ssb_07459,ekte
1516,80-89,2019,263,personer,ssb_07459,ekte
1516,90+,2019,70,personer,ssb_07459,ekte
1516,alle,2019,8609,personer,ssb_07459,ekte
1517,0-17,2019,1159,personer,ssb_07459,ekte
1517,18-29,2019,759,personer,ssb_07459,ekte
1517,30-49,2019,1344,personer,ssb_07459,ekte
1517,50-66,2019,1083,personer,ssb_07459,ekte
1517,67-79,2019,549,personer,ssb_07459,ekte
1517,80-89,2019,198,personer,ssb_07459,ekte
1517,90+,2019,63,personer,ssb_07459,ekte
1517,alle,2019,5155,personer,ssb_07459,ekte
1520,0-17,2019,2394,personer,ssb_07459,ekte
1520,18-29,2019,1602,personer,ssb_07459,ekte
1520,30-49,2019,2673,personer,ssb_07459,ekte
1520,50-66,2019,2310,personer,ssb_07459,ekte
1520,67-79,2019,1273,personer,ssb_07459,ekte
1520,80-89,2019,467,personer,ssb_07459,ekte
1520,90+,2019,138,personer,ssb_07459,ekte
1520,alle,2019,10857,personer,ssb_07459,ekte
1525,0-17,2019,860,personer,ssb_07459,ekte
1525,18-29,2019,637,personer,ssb_07459,ekte
1525,30-49,2019,1171,personer,ssb_07459,ekte
1525,50-66,2019,968,personer,ssb_07459,ekte
1525,67-79,2019,597,personer,ssb_07459,ekte
1525,80-89,2019,259,personer,ssb_07459,ekte
1525,90+,2019,73,personer,ssb_07459,ekte
1525,alle,2019,4565,personer,ssb_07459,ekte
1528,0-17,2019,1671,personer,ssb_07459,ekte
1528,18-29,2019,1061,personer,ssb_07459,ekte
1528,30-49,2019,1905,personer,ssb_07459,ekte
1528,50-66,2019,1726,personer,ssb_07459,ekte
1528,67-79,2019,927,personer,ssb_07459,ekte
1528,80-89,2019,280,personer,ssb_07459,ekte
1528,90+,2019,87,personer,ssb_07459,ekte
1528,alle,2019,7657,personer,ssb_07459,ekte
1531,0-17,2019,2337,personer,ssb_07459,ekte
1531,18-29,2019,1323,personer,ssb_07459,ekte
1531,30-49,2019,2603,personer,ssb_07459,ekte
1531,50-66,2019,1721,personer,ssb_07459,ekte
1531,67-79,2019,867,personer,ssb_07459,ekte
1531,80-89,2019,322,personer,ssb_07459,ekte
1531,90+,2019,98,personer,ssb_07459,ekte
1531,alle,2019,9271,personer,ssb_07459,ekte
1532,0-17,2019,2166,personer,ssb_07459,ekte
1532,18-29,2019,1198,personer,ssb_07459,ekte
1532,30-49,2019,2249,personer,ssb_07459,ekte
1532,50-66,2019,1634,personer,ssb_07459,ekte
1532,67-79,2019,813,personer,ssb_07459,ekte
1532,80-89,2019,270,personer,ssb_07459,ekte
1532,90+,2019,68,personer,ssb_07459,ekte
1532,alle,2019,8398,personer,ssb_07459,ekte
1535,0-17,2019,1299,personer,ssb_07459,ekte
1535,18-29,2019,951,personer,ssb_07459,ekte
1535,30-49,2019,1525,personer,ssb_07459,ekte
1535,50-66,2019,1583,personer,ssb_07459,ekte
1535,67-79,2019,835,personer,ssb_07459,ekte
1535,80-89,2019,276,personer,ssb_07459,ekte
1535,90+,2019,67,personer,ssb_07459,ekte
1535,alle,2019,6536,personer,ssb_07459,ekte
1539,0-17,2019,1555,personer,ssb_07459,ekte
1539,18-29,2019,986,personer,ssb_07459,ekte
1539,30-49,2019,1754,personer,ssb_07459,ekte
1539,50-66,2019,1691,personer,ssb_07459,ekte
1539,67-79,2019,1045,personer,ssb_07459,ekte
1539,80-89,2019,345,personer,ssb_07459,ekte
1539,90+,2019,111,personer,ssb_07459,ekte
1539,alle,2019,7487,personer,ssb_07459,ekte
1547,0-17,2019,823,personer,ssb_07459,ekte
1547,18-29,2019,520,personer,ssb_07459,ekte
1547,30-49,2019,886,personer,ssb_07459,ekte
1547,50-66,2019,678,personer,ssb_07459,ekte
1547,67-79,2019,445,personer,ssb_07459,ekte
1547,80-89,2019,153,personer,ssb_07459,ekte
1547,90+,2019,34,personer,ssb_07459,ekte
1547,alle,2019,3539,personer,ssb_07459,ekte
1554,0-17,2019,1237,personer,ssb_07459,ekte
1554,18-29,2019,765,personer,ssb_07459,ekte
1554,30-49,2019,1427,personer,ssb_07459,ekte
1554,50-66,2019,1371,personer,ssb_07459,ekte
1554,67-79,2019,791,personer,ssb_07459,ekte
1554,80-89,2019,196,personer,ssb_07459,ekte
1554,90+,2019,62,personer,ssb_07459,ekte
1554,alle,2019,5849,personer,ssb_07459,ekte
1557,0-17,2019,576,personer,ssb_07459,ekte
1557,18-29,2019,340,personer,ssb_07459,ekte
1557,30-49,2019,628,personer,ssb_07459,ekte
1557,50-66,2019,579,personer,ssb_07459,ekte
1557,67-79,2019,385,personer,ssb_07459,ekte
1557,80-89,2019,102,personer,ssb_07459,ekte
1557,90+,2019,31,personer,ssb_07459,ekte
1557,alle,2019,2641,personer,ssb_07459,ekte
1560,0-17,2019,578,personer,ssb_07459,ekte
1560,18-29,2019,387,personer,ssb_07459,ekte
1560,30-49,2019,694,personer,ssb_07459,ekte
1560,50-66,2019,720,personer,ssb_07459,ekte
1560,67-79,2019,468,personer,ssb_07459,ekte
1560,80-89,2019,155,personer,ssb_07459,ekte
1560,90+,2019,43,personer,ssb_07459,ekte
1560,alle,2019,3045,personer,ssb_07459,ekte
1563,0-17,2019,1362,personer,ssb_07459,ekte
1563,18-29,2019,1064,personer,ssb_07459,ekte
1563,30-49,2019,1588,personer,ssb_07459,ekte
1563,50-66,2019,1791,personer,ssb_07459,ekte
1563,67-79,2019,876,personer,ssb_07459,ekte
1563,80-89,2019,326,personer,ssb_07459,ekte
1563,90+,2019,99,personer,ssb_07459,ekte
1563,alle,2019,7106,personer,ssb_07459,ekte
1566,0-17,2019,1128,personer,ssb_07459,ekte
1566,18-29,2019,912,personer,ssb_07459,ekte
1566,30-49,2019,1309,personer,ssb_07459,ekte
1566,50-66,2019,1383,personer,ssb_07459,ekte
1566,67-79,2019,884,personer,ssb_07459,ekte
1566,80-89,2019,251,personer,ssb_07459,ekte
1566,90+,2019,61,personer,ssb_07459,ekte
1566,alle,2019,5928,personer,ssb_07459,ekte
1573,0-17,2019,389,personer,ssb_07459,ekte
1573,18-29,2019,291,personer,ssb_07459,ekte
1573,30-49,2019,461,personer,ssb_07459,ekte
1573,50-66,2019,541,personer,ssb_07459,ekte
1573,67-79,2019,306,personer,ssb_07459,ekte
1573,80-89,2019,114,personer,ssb_07459,ekte
1573,90+,2019,32,personer,ssb_07459,ekte
1573,alle,2019,2134,personer,ssb_07459,ekte
1576,0-17,2019,658,personer,ssb_07459,ekte
1576,18-29,2019,451,personer,ssb_07459,ekte
1576,30-49,2019,838,personer,ssb_07459,ekte
1576,50-66,2019,840,personer,ssb_07459,ekte
1576,67-79,2019,534,personer,ssb_07459,ekte
1576,80-89,2019,180,personer,ssb_07459,ekte
1576,90+,2019,52,personer,ssb_07459,ekte
1576,alle,2019,3553,personer,ssb_07459,ekte
1577,alle,2019,0,personer,ssb_07459,ekte
1578,alle,2019,0,personer,ssb_07459,ekte
1579,alle,2019,0,personer,ssb_07459,ekte
1580,alle,2019,0,personer,ssb_07459,ekte
5001,0-17,2019,39075,personer,ssb_07459,ekte
5001,18-29,2019,40757,personer,ssb_07459,ekte
5001,30-49,2019,55015,personer,ssb_07459,ekte
5001,50-66,2019,36618,personer,ssb_07459,ekte
5001,67-79,2019,18130,personer,ssb_07459,ekte
5001,80-89,2019,5205,personer,ssb_07459,ekte
5001,90+,2019,1359,personer,ssb_07459,ekte
5001,alle,2019,196159,personer,ssb_07459,ekte
5006,alle,2019,0,personer,ssb_07459,ekte
5007,alle,2019,0,personer,ssb_07459,ekte
5014,0-17,2019,1000,personer,ssb_07459,ekte
5014,18-29,2019,845,personer,ssb_07459,ekte
5014,30-49,2019,1438,personer,ssb_07459,ekte
5014,50-66,2019,1033,personer,ssb_07459,ekte
5014,67-79,2019,510,personer,ssb_07459,ekte
5014,80-89,2019,193,personer,ssb_07459,ekte
5014,90+,2019,49,personer,ssb_07459,ekte
5014,alle,2019,5068,personer,ssb_07459,ekte
5020,0-17,2019,152,personer,ssb_07459,ekte
5020,18-29,2019,128,personer,ssb_07459,ekte
5020,30-49,2019,182,personer,ssb_07459,ekte
5020,50-66,2019,236,personer,ssb_07459,ekte
5020,67-79,2019,172,personer,ssb_07459,ekte
5020,80-89,2019,58,personer,ssb_07459,ekte
5020,90+,2019,19,personer,ssb_07459,ekte
5020,alle,2019,947,personer,ssb_07459,ekte
5021,0-17,2019,1441,personer,ssb_07459,ekte
5021,18-29,2019,984,personer,ssb_07459,ekte
5021,30-49,2019,1615,personer,ssb_07459,ekte
5021,50-66,2019,1606,personer,ssb_07459,ekte
5021,67-79,2019,949,personer,ssb_07459,ekte
5021,80-89,2019,315,personer,ssb_07459,ekte
5021,90+,2019,65,personer,ssb_07459,ekte
5021,alle,2019,6975,personer,ssb_07459,ekte
5022,0-17,2019,480,personer,ssb_07459,ekte
5022,18-29,2019,339,personer,ssb_07459,ekte
5022,30-49,2019,520,personer,ssb_07459,ekte
5022,50-66,2019,588,personer,ssb_07459,ekte
5022,67-79,2019,426,personer,ssb_07459,ekte
5022,80-89,2019,115,personer,ssb_07459,ekte
5022,90+,2019,33,personer,ssb_07459,ekte
5022,alle,2019,2501,personer,ssb_07459,ekte
5025,0-17,2019,958,personer,ssb_07459,ekte
5025,18-29,2019,824,personer,ssb_07459,ekte
5025,30-49,2019,1250,personer,ssb_07459,ekte
5025,50-66,2019,1362,personer,ssb_07459,ekte
5025,67-79,2019,878,personer,ssb_07459,ekte
5025,80-89,2019,269,personer,ssb_07459,ekte
5025,90+,2019,69,personer,ssb_07459,ekte
5025,alle,2019,5610,personer,ssb_07459,ekte
5026,0-17,2019,359,personer,ssb_07459,ekte
5026,18-29,2019,307,personer,ssb_07459,ekte
5026,30-49,2019,417,personer,ssb_07459,ekte
5026,50-66,2019,479,personer,ssb_07459,ekte
5026,67-79,2019,346,personer,ssb_07459,ekte
5026,80-89,2019,103,personer,ssb_07459,ekte
5026,90+,2019,14,personer,ssb_07459,ekte
5026,alle,2019,2025,personer,ssb_07459,ekte
5027,0-17,2019,1262,personer,ssb_07459,ekte
5027,18-29,2019,922,personer,ssb_07459,ekte
5027,30-49,2019,1581,personer,ssb_07459,ekte
5027,50-66,2019,1361,personer,ssb_07459,ekte
5027,67-79,2019,776,personer,ssb_07459,ekte
5027,80-89,2019,276,personer,ssb_07459,ekte
5027,90+,2019,68,personer,ssb_07459,ekte
5027,alle,2019,6246,personer,ssb_07459,ekte
5028,0-17,2019,3844,personer,ssb_07459,ekte
5028,18-29,2019,2481,personer,ssb_07459,ekte
5028,30-49,2019,4421,personer,ssb_07459,ekte
5028,50-66,2019,3328,personer,ssb_07459,ekte
5028,67-79,2019,1805,personer,ssb_07459,ekte
5028,80-89,2019,561,personer,ssb_07459,ekte
5028,90+,2019,122,personer,ssb_07459,ekte
5028,alle,2019,16562,personer,ssb_07459,ekte
5029,0-17,2019,2154,personer,ssb_07459,ekte
5029,18-29,2019,1141,personer,ssb_07459,ekte
5029,30-49,2019,2338,personer,ssb_07459,ekte
5029,50-66,2019,1552,personer,ssb_07459,ekte
5029,67-79,2019,767,personer,ssb_07459,ekte
5029,80-89,2019,223,personer,ssb_07459,ekte
5029,90+,2019,56,personer,ssb_07459,ekte
5029,alle,2019,8231,personer,ssb_07459,ekte
5031,0-17,2019,3476,personer,ssb_07459,ekte
5031,18-29,2019,1902,personer,ssb_07459,ekte
5031,30-49,2019,4080,personer,ssb_07459,ekte
5031,50-66,2019,2866,personer,ssb_07459,ekte
5031,67-79,2019,1286,personer,ssb_07459,ekte
5031,80-89,2019,353,personer,ssb_07459,ekte
5031,90+,2019,77,personer,ssb_07459,ekte
5031,alle,2019,14040,personer,ssb_07459,ekte
5032,0-17,2019,822,personer,ssb_07459,ekte
5032,18-29,2019,551,personer,ssb_07459,ekte
5032,30-49,2019,971,personer,ssb_07459,ekte
5032,50-66,2019,921,personer,ssb_07459,ekte
5032,67-79,2019,560,personer,ssb_07459,ekte
5032,80-89,2019,203,personer,ssb_07459,ekte
5032,90+,2019,60,personer,ssb_07459,ekte
5032,alle,2019,4088,personer,ssb_07459,ekte
5033,0-17,2019,129,personer,ssb_07459,ekte
5033,18-29,2019,110,personer,ssb_07459,ekte
5033,30-49,2019,144,personer,ssb_07459,ekte
5033,50-66,2019,228,personer,ssb_07459,ekte
5033,67-79,2019,112,personer,ssb_07459,ekte
5033,80-89,2019,61,personer,ssb_07459,ekte
5033,90+,2019,10,personer,ssb_07459,ekte
5033,alle,2019,794,personer,ssb_07459,ekte
5034,0-17,2019,458,personer,ssb_07459,ekte
5034,18-29,2019,299,personer,ssb_07459,ekte
5034,30-49,2019,558,personer,ssb_07459,ekte
5034,50-66,2019,597,personer,ssb_07459,ekte
5034,67-79,2019,374,personer,ssb_07459,ekte
5034,80-89,2019,107,personer,ssb_07459,ekte
5034,90+,2019,39,personer,ssb_07459,ekte
5034,alle,2019,2432,personer,ssb_07459,ekte
5035,0-17,2019,5446,personer,ssb_07459,ekte
5035,18-29,2019,3610,personer,ssb_07459,ekte
5035,30-49,2019,6113,personer,ssb_07459,ekte
5035,50-66,2019,5032,personer,ssb_07459,ekte
5035,67-79,2019,2827,personer,ssb_07459,ekte
5035,80-89,2019,805,personer,ssb_07459,ekte
5035,90+,2019,195,personer,ssb_07459,ekte
5035,alle,2019,24028,personer,ssb_07459,ekte
5036,0-17,2019,538,personer,ssb_07459,ekte
5036,18-29,2019,388,personer,ssb_07459,ekte
5036,30-49,2019,597,personer,ssb_07459,ekte
5036,50-66,2019,584,personer,ssb_07459,ekte
5036,67-79,2019,367,personer,ssb_07459,ekte
5036,80-89,2019,128,personer,ssb_07459,ekte
5036,90+,2019,30,personer,ssb_07459,ekte
5036,alle,2019,2632,personer,ssb_07459,ekte
5037,0-17,2019,4512,personer,ssb_07459,ekte
5037,18-29,2019,3262,personer,ssb_07459,ekte
5037,30-49,2019,4853,personer,ssb_07459,ekte
5037,50-66,2019,4405,personer,ssb_07459,ekte
5037,67-79,2019,2311,personer,ssb_07459,ekte
5037,80-89,2019,757,personer,ssb_07459,ekte
5037,90+,2019,154,personer,ssb_07459,ekte
5037,alle,2019,20254,personer,ssb_07459,ekte
5038,0-17,2019,3119,personer,ssb_07459,ekte
5038,18-29,2019,2349,personer,ssb_07459,ekte
5038,30-49,2019,3662,personer,ssb_07459,ekte
5038,50-66,2019,3212,personer,ssb_07459,ekte
5038,67-79,2019,1958,personer,ssb_07459,ekte
5038,80-89,2019,499,personer,ssb_07459,ekte
5038,90+,2019,134,personer,ssb_07459,ekte
5038,alle,2019,14933,personer,ssb_07459,ekte
5041,0-17,2019,427,personer,ssb_07459,ekte
5041,18-29,2019,291,personer,ssb_07459,ekte
5041,30-49,2019,423,personer,ssb_07459,ekte
5041,50-66,2019,504,personer,ssb_07459,ekte
5041,67-79,2019,314,personer,ssb_07459,ekte
5041,80-89,2019,119,personer,ssb_07459,ekte
5041,90+,2019,22,personer,ssb_07459,ekte
5041,alle,2019,2100,personer,ssb_07459,ekte
5042,0-17,2019,274,personer,ssb_07459,ekte
5042,18-29,2019,173,personer,ssb_07459,ekte
5042,30-49,2019,305,personer,ssb_07459,ekte
5042,50-66,2019,324,personer,ssb_07459,ekte
5042,67-79,2019,219,personer,ssb_07459,ekte
5042,80-89,2019,75,personer,ssb_07459,ekte
5042,90+,2019,16,personer,ssb_07459,ekte
5042,alle,2019,1386,personer,ssb_07459,ekte
5043,0-17,2019,97,personer,ssb_07459,ekte
5043,18-29,2019,54,personer,ssb_07459,ekte
5043,30-49,2019,106,personer,ssb_07459,ekte
5043,50-66,2019,107,personer,ssb_07459,ekte
5043,67-79,2019,86,personer,ssb_07459,ekte
5043,80-89,2019,19,personer,ssb_07459,ekte
5043,90+,2019,13,personer,ssb_07459,ekte
5043,alle,2019,482,personer,ssb_07459,ekte
5044,0-17,2019,159,personer,ssb_07459,ekte
5044,18-29,2019,114,personer,ssb_07459,ekte
5044,30-49,2019,174,personer,ssb_07459,ekte
5044,50-66,2019,214,personer,ssb_07459,ekte
5044,67-79,2019,135,personer,ssb_07459,ekte
5044,80-89,2019,64,personer,ssb_07459,ekte
5044,90+,2019,11,personer,ssb_07459,ekte
5044,alle,2019,871,personer,ssb_07459,ekte
5045,0-17,2019,454,personer,ssb_07459,ekte
5045,18-29,2019,338,personer,ssb_07459,ekte
5045,30-49,2019,487,personer,ssb_07459,ekte
5045,50-66,2019,574,personer,ssb_07459,ekte
5045,67-79,2019,330,personer,ssb_07459,ekte
5045,80-89,2019,148,personer,ssb_07459,ekte
5045,90+,2019,43,personer,ssb_07459,ekte
5045,alle,2019,2374,personer,ssb_07459,ekte
5046,0-17,2019,286,personer,ssb_07459,ekte
5046,18-29,2019,150,personer,ssb_07459,ekte
5046,30-49,2019,279,personer,ssb_07459,ekte
5046,50-66,2019,251,personer,ssb_07459,ekte
5046,67-79,2019,197,personer,ssb_07459,ekte
5046,80-89,2019,75,personer,ssb_07459,ekte
5046,90+,2019,16,personer,ssb_07459,ekte
5046,alle,2019,1254,personer,ssb_07459,ekte
5047,0-17,2019,937,personer,ssb_07459,ekte
5047,18-29,2019,556,personer,ssb_07459,ekte
5047,30-49,2019,944,personer,ssb_07459,ekte
5047,50-66,2019,807,personer,ssb_07459,ekte
5047,67-79,2019,438,personer,ssb_07459,ekte
5047,80-89,2019,159,personer,ssb_07459,ekte
5047,90+,2019,38,personer,ssb_07459,ekte
5047,alle,2019,3879,personer,ssb_07459,ekte
5049,0-17,2019,185,personer,ssb_07459,ekte
5049,18-29,2019,157,personer,ssb_07459,ekte
5049,30-49,2019,216,personer,ssb_07459,ekte
5049,50-66,2019,310,personer,ssb_07459,ekte
5049,67-79,2019,177,personer,ssb_07459,ekte
5049,80-89,2019,45,personer,ssb_07459,ekte
5049,90+,2019,13,personer,ssb_07459,ekte
5049,alle,2019,1103,personer,ssb_07459,ekte
5052,0-17,2019,90,personer,ssb_07459,ekte
5052,18-29,2019,81,personer,ssb_07459,ekte
5052,30-49,2019,94,personer,ssb_07459,ekte
5052,50-66,2019,150,personer,ssb_07459,ekte
5052,67-79,2019,111,personer,ssb_07459,ekte
5052,80-89,2019,34,personer,ssb_07459,ekte
5052,90+,2019,7,personer,ssb_07459,ekte
5052,alle,2019,567,personer,ssb_07459,ekte
5053,0-17,2019,1514,personer,ssb_07459,ekte
5053,18-29,2019,942,personer,ssb_07459,ekte
5053,30-49,2019,1524,personer,ssb_07459,ekte
5053,50-66,2019,1558,personer,ssb_07459,ekte
5053,67-79,2019,931,personer,ssb_07459,ekte
5053,80-89,2019,263,personer,ssb_07459,ekte
5053,90+,2019,72,personer,ssb_07459,ekte
5053,alle,2019,6804,personer,ssb_07459,ekte
5054,0-17,2019,2115,personer,ssb_07459,ekte
5054,18-29,2019,1299,personer,ssb_07459,ekte
5054,30-49,2019,2346,personer,ssb_07459,ekte
5054,50-66,2019,2251,personer,ssb_07459,ekte
5054,67-79,2019,1434,personer,ssb_07459,ekte
5054,80-89,2019,437,personer,ssb_07459,ekte
5054,90+,2019,106,personer,ssb_07459,ekte
5054,alle,2019,9988,personer,ssb_07459,ekte
5055,alle,2019,0,personer,ssb_07459,ekte
5056,alle,2019,0,personer,ssb_07459,ekte
5057,alle,2019,0,personer,ssb_07459,ekte
5058,alle,2019,0,personer,ssb_07459,ekte
5059,alle,2019,0,personer,ssb_07459,ekte
5060,alle,2019,0,personer,ssb_07459,ekte
5061,0-17,2019,414,personer,ssb_07459,ekte
5061,18-29,2019,293,personer,ssb_07459,ekte
5061,30-49,2019,449,personer,ssb_07459,ekte
5061,50-66,2019,424,personer,ssb_07459,ekte
5061,67-79,2019,302,personer,ssb_07459,ekte
5061,80-89,2019,116,personer,ssb_07459,ekte
5061,90+,2019,30,personer,ssb_07459,ekte
5061,alle,2019,2028,personer,ssb_07459,ekte
1804,0-17,2019,10923,personer,ssb_07459,ekte
1804,18-29,2019,9055,personer,ssb_07459,ekte
1804,30-49,2019,14046,personer,ssb_07459,ekte
1804,50-66,2019,10860,personer,ssb_07459,ekte
1804,67-79,2019,5238,personer,ssb_07459,ekte
1804,80-89,2019,1588,personer,ssb_07459,ekte
1804,90+,2019,314,personer,ssb_07459,ekte
1804,alle,2019,52024,personer,ssb_07459,ekte
1806,alle,2019,0,personer,ssb_07459,ekte
1811,0-17,2019,284,personer,ssb_07459,ekte
1811,18-29,2019,174,personer,ssb_07459,ekte
1811,30-49,2019,272,personer,ssb_07459,ekte
1811,50-66,2019,358,personer,ssb_07459,ekte
1811,67-79,2019,264,personer,ssb_07459,ekte
1811,80-89,2019,78,personer,ssb_07459,ekte
1811,90+,2019,20,personer,ssb_07459,ekte
1811,alle,2019,1450,personer,ssb_07459,ekte
1812,0-17,2019,405,personer,ssb_07459,ekte
1812,18-29,2019,275,personer,ssb_07459,ekte
1812,30-49,2019,453,personer,ssb_07459,ekte
1812,50-66,2019,489,personer,ssb_07459,ekte
1812,67-79,2019,278,personer,ssb_07459,ekte
1812,80-89,2019,94,personer,ssb_07459,ekte
1812,90+,2019,20,personer,ssb_07459,ekte
1812,alle,2019,2014,personer,ssb_07459,ekte
1813,0-17,2019,1708,personer,ssb_07459,ekte
1813,18-29,2019,1161,personer,ssb_07459,ekte
1813,30-49,2019,1957,personer,ssb_07459,ekte
1813,50-66,2019,1808,personer,ssb_07459,ekte
1813,67-79,2019,911,personer,ssb_07459,ekte
1813,80-89,2019,308,personer,ssb_07459,ekte
1813,90+,2019,63,personer,ssb_07459,ekte
1813,alle,2019,7916,personer,ssb_07459,ekte
1815,0-17,2019,222,personer,ssb_07459,ekte
1815,18-29,2019,165,personer,ssb_07459,ekte
1815,30-49,2019,253,personer,ssb_07459,ekte
1815,50-66,2019,308,personer,ssb_07459,ekte
1815,67-79,2019,208,personer,ssb_07459,ekte
1815,80-89,2019,58,personer,ssb_07459,ekte
1815,90+,2019,18,personer,ssb_07459,ekte
1815,alle,2019,1232,personer,ssb_07459,ekte
1816,0-17,2019,93,personer,ssb_07459,ekte
1816,18-29,2019,68,personer,ssb_07459,ekte
1816,30-49,2019,105,personer,ssb_07459,ekte
1816,50-66,2019,115,personer,ssb_07459,ekte
1816,67-79,2019,91,personer,ssb_07459,ekte
1816,80-89,2019,21,personer,ssb_07459,ekte
1816,90+,2019,4,personer,ssb_07459,ekte
1816,alle,2019,497,personer,ssb_07459,ekte
1818,0-17,2019,363,personer,ssb_07459,ekte
1818,18-29,2019,233,personer,ssb_07459,ekte
1818,30-49,2019,410,personer,ssb_07459,ekte
1818,50-66,2019,438,personer,ssb_07459,ekte
1818,67-79,2019,257,personer,ssb_07459,ekte
1818,80-89,2019,60,personer,ssb_07459,ekte
1818,90+,2019,19,personer,ssb_07459,ekte
1818,alle,2019,1780,personer,ssb_07459,ekte
1820,0-17,2019,1481,personer,ssb_07459,ekte
1820,18-29,2019,1119,personer,ssb_07459,ekte
1820,30-49,2019,1776,personer,ssb_07459,ekte
1820,50-66,2019,1703,personer,ssb_07459,ekte
1820,67-79,2019,1012,personer,ssb_07459,ekte
1820,80-89,2019,268,personer,ssb_07459,ekte
1820,90+,2019,56,personer,ssb_07459,ekte
1820,alle,2019,7415,personer,ssb_07459,ekte
1822,0-17,2019,537,personer,ssb_07459,ekte
1822,18-29,2019,306,personer,ssb_07459,ekte
1822,30-49,2019,548,personer,ssb_07459,ekte
1822,50-66,2019,544,personer,ssb_07459,ekte
1822,67-79,2019,268,personer,ssb_07459,ekte
1822,80-89,2019,85,personer,ssb_07459,ekte
1822,90+,2019,32,personer,ssb_07459,ekte
1822,alle,2019,2320,personer,ssb_07459,ekte
1824,0-17,2019,2596,personer,ssb_07459,ekte
1824,18-29,2019,2039,personer,ssb_07459,ekte
1824,30-49,2019,3156,personer,ssb_07459,ekte
1824,50-66,2019,3071,personer,ssb_07459,ekte
1824,67-79,2019,1768,personer,ssb_07459,ekte
1824,80-89,2019,624,personer,ssb_07459,ekte
1824,90+,2019,149,personer,ssb_07459,ekte
1824,alle,2019,13403,personer,ssb_07459,ekte
1825,0-17,2019,288,personer,ssb_07459,ekte
1825,18-29,2019,200,personer,ssb_07459,ekte
1825,30-49,2019,320,personer,ssb_07459,ekte
1825,50-66,2019,353,personer,ssb_07459,ekte
1825,67-79,2019,226,personer,ssb_07459,ekte
1825,80-89,2019,81,personer,ssb_07459,ekte
1825,90+,2019,25,personer,ssb_07459,ekte
1825,alle,2019,1493,personer,ssb_07459,ekte
1826,0-17,2019,252,personer,ssb_07459,ekte
1826,18-29,2019,176,personer,ssb_07459,ekte
1826,30-49,2019,283,personer,ssb_07459,ekte
1826,50-66,2019,314,personer,ssb_07459,ekte
1826,67-79,2019,230,personer,ssb_07459,ekte
1826,80-89,2019,83,personer,ssb_07459,ekte
1826,90+,2019,21,personer,ssb_07459,ekte
1826,alle,2019,1359,personer,ssb_07459,ekte
1827,0-17,2019,268,personer,ssb_07459,ekte
1827,18-29,2019,185,personer,ssb_07459,ekte
1827,30-49,2019,294,personer,ssb_07459,ekte
1827,50-66,2019,339,personer,ssb_07459,ekte
1827,67-79,2019,234,personer,ssb_07459,ekte
1827,80-89,2019,54,personer,ssb_07459,ekte
1827,90+,2019,17,personer,ssb_07459,ekte
1827,alle,2019,1391,personer,ssb_07459,ekte
1828,0-17,2019,362,personer,ssb_07459,ekte
1828,18-29,2019,286,personer,ssb_07459,ekte
1828,30-49,2019,428,personer,ssb_07459,ekte
1828,50-66,2019,403,personer,ssb_07459,ekte
1828,67-79,2019,215,personer,ssb_07459,ekte
1828,80-89,2019,74,personer,ssb_07459,ekte
1828,90+,2019,24,personer,ssb_07459,ekte
1828,alle,2019,1792,personer,ssb_07459,ekte
1832,0-17,2019,875,personer,ssb_07459,ekte
1832,18-29,2019,675,personer,ssb_07459,ekte
1832,30-49,2019,992,personer,ssb_07459,ekte
1832,50-66,2019,1001,personer,ssb_07459,ekte
1832,67-79,2019,653,personer,ssb_07459,ekte
1832,80-89,2019,245,personer,ssb_07459,ekte
1832,90+,2019,60,personer,ssb_07459,ekte
1832,alle,2019,4501,personer,ssb_07459,ekte
1833,0-17,2019,5280,personer,ssb_07459,ekte
1833,18-29,2019,4176,personer,ssb_07459,ekte
1833,30-49,2019,6348,personer,ssb_07459,ekte
1833,50-66,2019,6012,personer,ssb_07459,ekte
1833,67-79,2019,3160,personer,ssb_07459,ekte
1833,80-89,2019,1069,personer,ssb_07459,ekte
1833,90+,2019,270,personer,ssb_07459,ekte
1833,alle,2019,26315,personer,ssb_07459,ekte
1834,0-17,2019,370,personer,ssb_07459,ekte
1834,18-29,2019,257,personer,ssb_07459,ekte
1834,30-49,2019,422,personer,ssb_07459,ekte
1834,50-66,2019,456,personer,ssb_07459,ekte
1834,67-79,2019,278,personer,ssb_07459,ekte
1834,80-89,2019,105,personer,ssb_07459,ekte
1834,90+,2019,16,personer,ssb_07459,ekte
1834,alle,2019,1904,personer,ssb_07459,ekte
1835,0-17,2019,88,personer,ssb_07459,ekte
1835,18-29,2019,71,personer,ssb_07459,ekte
1835,30-49,2019,125,personer,ssb_07459,ekte
1835,50-66,2019,97,personer,ssb_07459,ekte
1835,67-79,2019,54,personer,ssb_07459,ekte
1835,80-89,2019,20,personer,ssb_07459,ekte
1835,90+,2019,1,personer,ssb_07459,ekte
1835,alle,2019,456,personer,ssb_07459,ekte
1836,0-17,2019,271,personer,ssb_07459,ekte
1836,18-29,2019,193,personer,ssb_07459,ekte
1836,30-49,2019,253,personer,ssb_07459,ekte
1836,50-66,2019,276,personer,ssb_07459,ekte
1836,67-79,2019,176,personer,ssb_07459,ekte
1836,80-89,2019,56,personer,ssb_07459,ekte
1836,90+,2019,13,personer,ssb_07459,ekte
1836,alle,2019,1238,personer,ssb_07459,ekte
1837,0-17,2019,1326,personer,ssb_07459,ekte
1837,18-29,2019,904,personer,ssb_07459,ekte
1837,30-49,2019,1438,personer,ssb_07459,ekte
1837,50-66,2019,1449,personer,ssb_07459,ekte
1837,67-79,2019,819,personer,ssb_07459,ekte
1837,80-89,2019,306,personer,ssb_07459,ekte
1837,90+,2019,89,personer,ssb_07459,ekte
1837,alle,2019,6331,personer,ssb_07459,ekte
1838,0-17,2019,357,personer,ssb_07459,ekte
1838,18-29,2019,234,personer,ssb_07459,ekte
1838,30-49,2019,462,personer,ssb_07459,ekte
1838,50-66,2019,482,personer,ssb_07459,ekte
1838,67-79,2019,306,personer,ssb_07459,ekte
1838,80-89,2019,107,personer,ssb_07459,ekte
1838,90+,2019,30,personer,ssb_07459,ekte
1838,alle,2019,1978,personer,ssb_07459,ekte
1839,0-17,2019,158,personer,ssb_07459,ekte
1839,18-29,2019,109,personer,ssb_07459,ekte
1839,30-49,2019,200,personer,ssb_07459,ekte
1839,50-66,2019,285,personer,ssb_07459,ekte
1839,67-79,2019,186,personer,ssb_07459,ekte
1839,80-89,2019,72,personer,ssb_07459,ekte
1839,90+,2019,12,personer,ssb_07459,ekte
1839,alle,2019,1022,personer,ssb_07459,ekte
1840,0-17,2019,909,personer,ssb_07459,ekte
1840,18-29,2019,596,personer,ssb_07459,ekte
1840,30-49,2019,1053,personer,ssb_07459,ekte
1840,50-66,2019,1130,personer,ssb_07459,ekte
1840,67-79,2019,717,personer,ssb_07459,ekte
1840,80-89,2019,204,personer,ssb_07459,ekte
1840,90+,2019,48,personer,ssb_07459,ekte
1840,alle,2019,4657,personer,ssb_07459,ekte
1841,0-17,2019,1825,personer,ssb_07459,ekte
1841,18-29,2019,1487,personer,ssb_07459,ekte
1841,30-49,2019,2319,personer,ssb_07459,ekte
1841,50-66,2019,2280,personer,ssb_07459,ekte
1841,67-79,2019,1356,personer,ssb_07459,ekte
1841,80-89,2019,405,personer,ssb_07459,ekte
1841,90+,2019,88,personer,ssb_07459,ekte
1841,alle,2019,9760,personer,ssb_07459,ekte
1845,0-17,2019,387,personer,ssb_07459,ekte
1845,18-29,2019,237,personer,ssb_07459,ekte
1845,30-49,2019,432,personer,ssb_07459,ekte
1845,50-66,2019,451,personer,ssb_07459,ekte
1845,67-79,2019,345,personer,ssb_07459,ekte
1845,80-89,2019,96,personer,ssb_07459,ekte
1845,90+,2019,27,personer,ssb_07459,ekte
1845,alle,2019,1975,personer,ssb_07459,ekte
1848,0-17,2019,452,personer,ssb_07459,ekte
1848,18-29,2019,336,personer,ssb_07459,ekte
1848,30-49,2019,577,personer,ssb_07459,ekte
1848,50-66,2019,616,personer,ssb_07459,ekte
1848,67-79,2019,440,personer,ssb_07459,ekte
1848,80-89,2019,118,personer,ssb_07459,ekte
1848,90+,2019,37,personer,ssb_07459,ekte
1848,alle,2019,2576,personer,ssb_07459,ekte
1851,0-17,2019,332,personer,ssb_07459,ekte
1851,18-29,2019,254,personer,ssb_07459,ekte
1851,30-49,2019,417,personer,ssb_07459,ekte
1851,50-66,2019,567,personer,ssb_07459,ekte
1851,67-79,2019,352,personer,ssb_07459,ekte
1851,80-89,2019,120,personer,ssb_07459,ekte
1851,90+,2019,35,personer,ssb_07459,ekte
1851,alle,2019,2077,personer,ssb_07459,ekte
1853,0-17,2019,241,personer,ssb_07459,ekte
1853,18-29,2019,176,personer,ssb_07459,ekte
1853,30-49,2019,297,personer,ssb_07459,ekte
1853,50-66,2019,329,personer,ssb_07459,ekte
1853,67-79,2019,249,personer,ssb_07459,ekte
1853,80-89,2019,74,personer,ssb_07459,ekte
1853,90+,2019,21,personer,ssb_07459,ekte
1853,alle,2019,1387,personer,ssb_07459,ekte
1856,0-17,2019,79,personer,ssb_07459,ekte
1856,18-29,2019,68,personer,ssb_07459,ekte
1856,30-49,2019,119,personer,ssb_07459,ekte
1856,50-66,2019,140,personer,ssb_07459,ekte
1856,67-79,2019,64,personer,ssb_07459,ekte
1856,80-89,2019,32,personer,ssb_07459,ekte
1856,90+,2019,6,personer,ssb_07459,ekte
1856,alle,2019,508,personer,ssb_07459,ekte
1857,0-17,2019,129,personer,ssb_07459,ekte
1857,18-29,2019,96,personer,ssb_07459,ekte
1857,30-49,2019,195,personer,ssb_07459,ekte
1857,50-66,2019,163,personer,ssb_07459,ekte
1857,67-79,2019,105,personer,ssb_07459,ekte
1857,80-89,2019,35,personer,ssb_07459,ekte
1857,90+,2019,9,personer,ssb_07459,ekte
1857,alle,2019,732,personer,ssb_07459,ekte
1859,0-17,2019,219,personer,ssb_07459,ekte
1859,18-29,2019,189,personer,ssb_07459,ekte
1859,30-49,2019,260,personer,ssb_07459,ekte
1859,50-66,2019,335,personer,ssb_07459,ekte
1859,67-79,2019,180,personer,ssb_07459,ekte
1859,80-89,2019,92,personer,ssb_07459,ekte
1859,90+,2019,17,personer,ssb_07459,ekte
1859,alle,2019,1292,personer,ssb_07459,ekte
1860,0-17,2019,2501,personer,ssb_07459,ekte
1860,18-29,2019,1798,personer,ssb_07459,ekte
1860,30-49,2019,2713,personer,ssb_07459,ekte
1860,50-66,2019,2530,personer,ssb_07459,ekte
1860,67-79,2019,1359,personer,ssb_07459,ekte
1860,80-89,2019,475,personer,ssb_07459,ekte
1860,90+,2019,104,personer,ssb_07459,ekte
1860,alle,2019,11480,personer,ssb_07459,ekte
1865,0-17,2019,1960,personer,ssb_07459,ekte
1865,18-29,2019,1388,personer,ssb_07459,ekte
1865,30-49,2019,2496,personer,ssb_07459,ekte
1865,50-66,2019,2126,personer,ssb_07459,ekte
1865,67-79,2019,1204,personer,ssb_07459,ekte
1865,80-89,2019,338,personer,ssb_07459,ekte
1865,90+,2019,83,personer,ssb_07459,ekte
1865,alle,2019,9595,personer,ssb_07459,ekte
1866,0-17,2019,1575,personer,ssb_07459,ekte
1866,18-29,2019,1211,personer,ssb_07459,ekte
1866,30-49,2019,1852,personer,ssb_07459,ekte
1866,50-66,2019,1879,personer,ssb_07459,ekte
1866,67-79,2019,1144,personer,ssb_07459,ekte
1866,80-89,2019,340,personer,ssb_07459,ekte
1866,90+,2019,90,personer,ssb_07459,ekte
1866,alle,2019,8091,personer,ssb_07459,ekte
1867,0-17,2019,414,personer,ssb_07459,ekte
1867,18-29,2019,331,personer,ssb_07459,ekte
1867,30-49,2019,512,personer,ssb_07459,ekte
1867,50-66,2019,681,personer,ssb_07459,ekte
1867,67-79,2019,438,personer,ssb_07459,ekte
1867,80-89,2019,195,personer,ssb_07459,ekte
1867,90+,2019,45,personer,ssb_07459,ekte
1867,alle,2019,2616,personer,ssb_07459,ekte
1868,0-17,2019,834,personer,ssb_07459,ekte
1868,18-29,2019,663,personer,ssb_07459,ekte
1868,30-49,2019,1082,personer,ssb_07459,ekte
1868,50-66,2019,1061,personer,ssb_07459,ekte
1868,67-79,2019,557,personer,ssb_07459,ekte
1868,80-89,2019,209,personer,ssb_07459,ekte
1868,90+,2019,43,personer,ssb_07459,ekte
1868,alle,2019,4449,personer,ssb_07459,ekte
1870,0-17,2019,2237,personer,ssb_07459,ekte
1870,18-29,2019,1740,personer,ssb_07459,ekte
1870,30-49,2019,2599,personer,ssb_07459,ekte
1870,50-66,2019,2297,personer,ssb_07459,ekte
1870,67-79,2019,1203,personer,ssb_07459,ekte
1870,80-89,2019,333,personer,ssb_07459,ekte
1870,90+,2019,109,personer,ssb_07459,ekte
1870,alle,2019,10518,personer,ssb_07459,ekte
1871,0-17,2019,847,personer,ssb_07459,ekte
1871,18-29,2019,716,personer,ssb_07459,ekte
1871,30-49,2019,993,personer,ssb_07459,ekte
1871,50-66,2019,1135,personer,ssb_07459,ekte
1871,67-79,2019,758,personer,ssb_07459,ekte
1871,80-89,2019,248,personer,ssb_07459,ekte
1871,90+,2019,74,personer,ssb_07459,ekte
1871,alle,2019,4771,personer,ssb_07459,ekte
1874,0-17,2019,142,personer,ssb_07459,ekte
1874,18-29,2019,139,personer,ssb_07459,ekte
1874,30-49,2019,280,personer,ssb_07459,ekte
1874,50-66,2019,235,personer,ssb_07459,ekte
1874,67-79,2019,150,personer,ssb_07459,ekte
1874,80-89,2019,78,personer,ssb_07459,ekte
1874,90+,2019,15,personer,ssb_07459,ekte
1874,alle,2019,1039,personer,ssb_07459,ekte
1875,alle,2019,0,personer,ssb_07459,ekte
5501,alle,2019,0,personer,ssb_07459,ekte
5503,alle,2019,0,personer,ssb_07459,ekte
5510,alle,2019,0,personer,ssb_07459,ekte
5512,alle,2019,0,personer,ssb_07459,ekte
5514,alle,2019,0,personer,ssb_07459,ekte
5516,alle,2019,0,personer,ssb_07459,ekte
5518,alle,2019,0,personer,ssb_07459,ekte
5520,alle,2019,0,personer,ssb_07459,ekte
5522,alle,2019,0,personer,ssb_07459,ekte
5524,alle,2019,0,personer,ssb_07459,ekte
5526,alle,2019,0,personer,ssb_07459,ekte
5528,alle,2019,0,personer,ssb_07459,ekte
5530,alle,2019,0,personer,ssb_07459,ekte
5532,alle,2019,0,personer,ssb_07459,ekte
5534,alle,2019,0,personer,ssb_07459,ekte
5536,alle,2019,0,personer,ssb_07459,ekte
5538,alle,2019,0,personer,ssb_07459,ekte
5540,alle,2019,0,personer,ssb_07459,ekte
5542,alle,2019,0,personer,ssb_07459,ekte
5544,alle,2019,0,personer,ssb_07459,ekte
5546,alle,2019,0,personer,ssb_07459,ekte
5601,alle,2019,0,personer,ssb_07459,ekte
5603,alle,2019,0,personer,ssb_07459,ekte
5605,alle,2019,0,personer,ssb_07459,ekte
5607,alle,2019,0,personer,ssb_07459,ekte
5610,alle,2019,0,personer,ssb_07459,ekte
5612,alle,2019,0,personer,ssb_07459,ekte
5614,alle,2019,0,personer,ssb_07459,ekte
5616,alle,2019,0,personer,ssb_07459,ekte
5618,alle,2019,0,personer,ssb_07459,ekte
5620,alle,2019,0,personer,ssb_07459,ekte
5622,alle,2019,0,personer,ssb_07459,ekte
5624,alle,2019,0,personer,ssb_07459,ekte
5626,alle,2019,0,personer,ssb_07459,ekte
5628,alle,2019,0,personer,ssb_07459,ekte
5630,alle,2019,0,personer,ssb_07459,ekte
5632,alle,2019,0,personer,ssb_07459,ekte
5634,alle,2019,0,personer,ssb_07459,ekte
5636,alle,2019,0,personer,ssb_07459,ekte
3101,alle,2020,0,personer,ssb_07459,ekte
3103,alle,2020,0,personer,ssb_07459,ekte
3105,alle,2020,0,personer,ssb_07459,ekte
3107,alle,2020,0,personer,ssb_07459,ekte
3110,alle,2020,0,personer,ssb_07459,ekte
3112,alle,2020,0,personer,ssb_07459,ekte
3114,alle,2020,0,personer,ssb_07459,ekte
3116,alle,2020,0,personer,ssb_07459,ekte
3118,alle,2020,0,personer,ssb_07459,ekte
3120,alle,2020,0,personer,ssb_07459,ekte
3122,alle,2020,0,personer,ssb_07459,ekte
3124,alle,2020,0,personer,ssb_07459,ekte
3201,alle,2020,0,personer,ssb_07459,ekte
3203,alle,2020,0,personer,ssb_07459,ekte
3205,alle,2020,0,personer,ssb_07459,ekte
3207,alle,2020,0,personer,ssb_07459,ekte
3209,alle,2020,0,personer,ssb_07459,ekte
3212,alle,2020,0,personer,ssb_07459,ekte
3214,alle,2020,0,personer,ssb_07459,ekte
3216,alle,2020,0,personer,ssb_07459,ekte
3218,alle,2020,0,personer,ssb_07459,ekte
3220,alle,2020,0,personer,ssb_07459,ekte
3222,alle,2020,0,personer,ssb_07459,ekte
3224,alle,2020,0,personer,ssb_07459,ekte
3226,alle,2020,0,personer,ssb_07459,ekte
3228,alle,2020,0,personer,ssb_07459,ekte
3230,alle,2020,0,personer,ssb_07459,ekte
3232,alle,2020,0,personer,ssb_07459,ekte
3234,alle,2020,0,personer,ssb_07459,ekte
3236,alle,2020,0,personer,ssb_07459,ekte
3238,alle,2020,0,personer,ssb_07459,ekte
3240,alle,2020,0,personer,ssb_07459,ekte
3242,alle,2020,0,personer,ssb_07459,ekte
0301,0-17,2020,133128,personer,ssb_07459,ekte
0301,18-29,2020,134308,personer,ssb_07459,ekte
0301,30-49,2020,229652,personer,ssb_07459,ekte
0301,50-66,2020,119992,personer,ssb_07459,ekte
0301,67-79,2020,55077,personer,ssb_07459,ekte
0301,80-89,2020,16475,personer,ssb_07459,ekte
0301,90+,2020,4862,personer,ssb_07459,ekte
0301,alle,2020,693494,personer,ssb_07459,ekte
3301,alle,2020,0,personer,ssb_07459,ekte
3303,alle,2020,0,personer,ssb_07459,ekte
3305,alle,2020,0,personer,ssb_07459,ekte
3310,alle,2020,0,personer,ssb_07459,ekte
3312,alle,2020,0,personer,ssb_07459,ekte
3314,alle,2020,0,personer,ssb_07459,ekte
3316,alle,2020,0,personer,ssb_07459,ekte
3318,alle,2020,0,personer,ssb_07459,ekte
3320,alle,2020,0,personer,ssb_07459,ekte
3322,alle,2020,0,personer,ssb_07459,ekte
3324,alle,2020,0,personer,ssb_07459,ekte
3326,alle,2020,0,personer,ssb_07459,ekte
3328,alle,2020,0,personer,ssb_07459,ekte
3330,alle,2020,0,personer,ssb_07459,ekte
3332,alle,2020,0,personer,ssb_07459,ekte
3334,alle,2020,0,personer,ssb_07459,ekte
3336,alle,2020,0,personer,ssb_07459,ekte
3338,alle,2020,0,personer,ssb_07459,ekte
3401,0-17,2020,3207,personer,ssb_07459,ekte
3401,18-29,2020,2433,personer,ssb_07459,ekte
3401,30-49,2020,4099,personer,ssb_07459,ekte
3401,50-66,2020,4321,personer,ssb_07459,ekte
3401,67-79,2020,2814,personer,ssb_07459,ekte
3401,80-89,2020,791,personer,ssb_07459,ekte
3401,90+,2020,164,personer,ssb_07459,ekte
3401,alle,2020,17829,personer,ssb_07459,ekte
3403,0-17,2020,5891,personer,ssb_07459,ekte
3403,18-29,2020,4810,personer,ssb_07459,ekte
3403,30-49,2020,7702,personer,ssb_07459,ekte
3403,50-66,2020,6825,personer,ssb_07459,ekte
3403,67-79,2020,4362,personer,ssb_07459,ekte
3403,80-89,2020,1389,personer,ssb_07459,ekte
3403,90+,2020,390,personer,ssb_07459,ekte
3403,alle,2020,31369,personer,ssb_07459,ekte
3405,0-17,2020,5390,personer,ssb_07459,ekte
3405,18-29,2020,4900,personer,ssb_07459,ekte
3405,30-49,2020,6768,personer,ssb_07459,ekte
3405,50-66,2020,6185,personer,ssb_07459,ekte
3405,67-79,2020,3584,personer,ssb_07459,ekte
3405,80-89,2020,1231,personer,ssb_07459,ekte
3405,90+,2020,287,personer,ssb_07459,ekte
3405,alle,2020,28345,personer,ssb_07459,ekte
3407,0-17,2020,5775,personer,ssb_07459,ekte
3407,18-29,2020,5130,personer,ssb_07459,ekte
3407,30-49,2020,7594,personer,ssb_07459,ekte
3407,50-66,2020,6649,personer,ssb_07459,ekte
3407,67-79,2020,3960,personer,ssb_07459,ekte
3407,80-89,2020,1167,personer,ssb_07459,ekte
3407,90+,2020,285,personer,ssb_07459,ekte
3407,alle,2020,30560,personer,ssb_07459,ekte
3411,0-17,2020,6893,personer,ssb_07459,ekte
3411,18-29,2020,5004,personer,ssb_07459,ekte
3411,30-49,2020,8795,personer,ssb_07459,ekte
3411,50-66,2020,7958,personer,ssb_07459,ekte
3411,67-79,2020,4445,personer,ssb_07459,ekte
3411,80-89,2020,1379,personer,ssb_07459,ekte
3411,90+,2020,294,personer,ssb_07459,ekte
3411,alle,2020,34768,personer,ssb_07459,ekte
3412,0-17,2020,1497,personer,ssb_07459,ekte
3412,18-29,2020,1030,personer,ssb_07459,ekte
3412,30-49,2020,1927,personer,ssb_07459,ekte
3412,50-66,2020,1805,personer,ssb_07459,ekte
3412,67-79,2020,1058,personer,ssb_07459,ekte
3412,80-89,2020,292,personer,ssb_07459,ekte
3412,90+,2020,65,personer,ssb_07459,ekte
3412,alle,2020,7674,personer,ssb_07459,ekte
3413,0-17,2020,4270,personer,ssb_07459,ekte
3413,18-29,2020,2883,personer,ssb_07459,ekte
3413,30-49,2020,5446,personer,ssb_07459,ekte
3413,50-66,2020,4793,personer,ssb_07459,ekte
3413,67-79,2020,2677,personer,ssb_07459,ekte
3413,80-89,2020,802,personer,ssb_07459,ekte
3413,90+,2020,193,personer,ssb_07459,ekte
3413,alle,2020,21064,personer,ssb_07459,ekte
3414,0-17,2020,821,personer,ssb_07459,ekte
3414,18-29,2020,638,personer,ssb_07459,ekte
3414,30-49,2020,1133,personer,ssb_07459,ekte
3414,50-66,2020,1302,personer,ssb_07459,ekte
3414,67-79,2020,810,personer,ssb_07459,ekte
3414,80-89,2020,266,personer,ssb_07459,ekte
3414,90+,2020,46,personer,ssb_07459,ekte
3414,alle,2020,5016,personer,ssb_07459,ekte
3415,0-17,2020,1417,personer,ssb_07459,ekte
3415,18-29,2020,1075,personer,ssb_07459,ekte
3415,30-49,2020,1981,personer,ssb_07459,ekte
3415,50-66,2020,1976,personer,ssb_07459,ekte
3415,67-79,2020,1081,personer,ssb_07459,ekte
3415,80-89,2020,306,personer,ssb_07459,ekte
3415,90+,2020,69,personer,ssb_07459,ekte
3415,alle,2020,7905,personer,ssb_07459,ekte
3416,0-17,2020,967,personer,ssb_07459,ekte
3416,18-29,2020,774,personer,ssb_07459,ekte
3416,30-49,2020,1287,personer,ssb_07459,ekte
3416,50-66,2020,1693,personer,ssb_07459,ekte
3416,67-79,2020,989,personer,ssb_07459,ekte
3416,80-89,2020,305,personer,ssb_07459,ekte
3416,90+,2020,91,personer,ssb_07459,ekte
3416,alle,2020,6106,personer,ssb_07459,ekte
3417,0-17,2020,652,personer,ssb_07459,ekte
3417,18-29,2020,580,personer,ssb_07459,ekte
3417,30-49,2020,887,personer,ssb_07459,ekte
3417,50-66,2020,1286,personer,ssb_07459,ekte
3417,67-79,2020,861,personer,ssb_07459,ekte
3417,80-89,2020,261,personer,ssb_07459,ekte
3417,90+,2020,85,personer,ssb_07459,ekte
3417,alle,2020,4612,personer,ssb_07459,ekte
3418,0-17,2020,1161,personer,ssb_07459,ekte
3418,18-29,2020,886,personer,ssb_07459,ekte
3418,30-49,2020,1594,personer,ssb_07459,ekte
3418,50-66,2020,1819,personer,ssb_07459,ekte
3418,67-79,2020,1246,personer,ssb_07459,ekte
3418,80-89,2020,410,personer,ssb_07459,ekte
3418,90+,2020,87,personer,ssb_07459,ekte
3418,alle,2020,7203,personer,ssb_07459,ekte
3419,0-17,2020,589,personer,ssb_07459,ekte
3419,18-29,2020,402,personer,ssb_07459,ekte
3419,30-49,2020,787,personer,ssb_07459,ekte
3419,50-66,2020,1000,personer,ssb_07459,ekte
3419,67-79,2020,638,personer,ssb_07459,ekte
3419,80-89,2020,197,personer,ssb_07459,ekte
3419,90+,2020,49,personer,ssb_07459,ekte
3419,alle,2020,3662,personer,ssb_07459,ekte
3420,0-17,2020,4295,personer,ssb_07459,ekte
3420,18-29,2020,3232,personer,ssb_07459,ekte
3420,30-49,2020,5299,personer,ssb_07459,ekte
3420,50-66,2020,4633,personer,ssb_07459,ekte
3420,67-79,2020,2766,personer,ssb_07459,ekte
3420,80-89,2020,831,personer,ssb_07459,ekte
3420,90+,2020,198,personer,ssb_07459,ekte
3420,alle,2020,21254,personer,ssb_07459,ekte
3421,0-17,2020,1143,personer,ssb_07459,ekte
3421,18-29,2020,825,personer,ssb_07459,ekte
3421,30-49,2020,1521,personer,ssb_07459,ekte
3421,50-66,2020,1619,personer,ssb_07459,ekte
3421,67-79,2020,1082,personer,ssb_07459,ekte
3421,80-89,2020,346,personer,ssb_07459,ekte
3421,90+,2020,91,personer,ssb_07459,ekte
3421,alle,2020,6627,personer,ssb_07459,ekte
3422,0-17,2020,751,personer,ssb_07459,ekte
3422,18-29,2020,867,personer,ssb_07459,ekte
3422,30-49,2020,931,personer,ssb_07459,ekte
3422,50-66,2020,950,personer,ssb_07459,ekte
3422,67-79,2020,606,personer,ssb_07459,ekte
3422,80-89,2020,201,personer,ssb_07459,ekte
3422,90+,2020,50,personer,ssb_07459,ekte
3422,alle,2020,4356,personer,ssb_07459,ekte
3423,0-17,2020,366,personer,ssb_07459,ekte
3423,18-29,2020,288,personer,ssb_07459,ekte
3423,30-49,2020,510,personer,ssb_07459,ekte
3423,50-66,2020,648,personer,ssb_07459,ekte
3423,67-79,2020,414,personer,ssb_07459,ekte
3423,80-89,2020,160,personer,ssb_07459,ekte
3423,90+,2020,33,personer,ssb_07459,ekte
3423,alle,2020,2419,personer,ssb_07459,ekte
3424,0-17,2020,283,personer,ssb_07459,ekte
3424,18-29,2020,182,personer,ssb_07459,ekte
3424,30-49,2020,331,personer,ssb_07459,ekte
3424,50-66,2020,494,personer,ssb_07459,ekte
3424,67-79,2020,360,personer,ssb_07459,ekte
3424,80-89,2020,99,personer,ssb_07459,ekte
3424,90+,2020,31,personer,ssb_07459,ekte
3424,alle,2020,1780,personer,ssb_07459,ekte
3425,0-17,2020,211,personer,ssb_07459,ekte
3425,18-29,2020,157,personer,ssb_07459,ekte
3425,30-49,2020,231,personer,ssb_07459,ekte
3425,50-66,2020,334,personer,ssb_07459,ekte
3425,67-79,2020,242,personer,ssb_07459,ekte
3425,80-89,2020,78,personer,ssb_07459,ekte
3425,90+,2020,15,personer,ssb_07459,ekte
3425,alle,2020,1268,personer,ssb_07459,ekte
3426,0-17,2020,332,personer,ssb_07459,ekte
3426,18-29,2020,223,personer,ssb_07459,ekte
3426,30-49,2020,330,personer,ssb_07459,ekte
3426,50-66,2020,383,personer,ssb_07459,ekte
3426,67-79,2020,208,personer,ssb_07459,ekte
3426,80-89,2020,71,personer,ssb_07459,ekte
3426,90+,2020,15,personer,ssb_07459,ekte
3426,alle,2020,1562,personer,ssb_07459,ekte
3427,0-17,2020,1135,personer,ssb_07459,ekte
3427,18-29,2020,826,personer,ssb_07459,ekte
3427,30-49,2020,1288,personer,ssb_07459,ekte
3427,50-66,2020,1304,personer,ssb_07459,ekte
3427,67-79,2020,721,personer,ssb_07459,ekte
3427,80-89,2020,242,personer,ssb_07459,ekte
3427,90+,2020,62,personer,ssb_07459,ekte
3427,alle,2020,5578,personer,ssb_07459,ekte
3428,0-17,2020,543,personer,ssb_07459,ekte
3428,18-29,2020,338,personer,ssb_07459,ekte
3428,30-49,2020,538,personer,ssb_07459,ekte
3428,50-66,2020,576,personer,ssb_07459,ekte
3428,67-79,2020,295,personer,ssb_07459,ekte
3428,80-89,2020,102,personer,ssb_07459,ekte
3428,90+,2020,40,personer,ssb_07459,ekte
3428,alle,2020,2432,personer,ssb_07459,ekte
3429,0-17,2020,261,personer,ssb_07459,ekte
3429,18-29,2020,177,personer,ssb_07459,ekte
3429,30-49,2020,324,personer,ssb_07459,ekte
3429,50-66,2020,391,personer,ssb_07459,ekte
3429,67-79,2020,282,personer,ssb_07459,ekte
3429,80-89,2020,87,personer,ssb_07459,ekte
3429,90+,2020,23,personer,ssb_07459,ekte
3429,alle,2020,1545,personer,ssb_07459,ekte
3430,0-17,2020,308,personer,ssb_07459,ekte
3430,18-29,2020,279,personer,ssb_07459,ekte
3430,30-49,2020,417,personer,ssb_07459,ekte
3430,50-66,2020,475,personer,ssb_07459,ekte
3430,67-79,2020,294,personer,ssb_07459,ekte
3430,80-89,2020,98,personer,ssb_07459,ekte
3430,90+,2020,20,personer,ssb_07459,ekte
3430,alle,2020,1891,personer,ssb_07459,ekte
3431,0-17,2020,421,personer,ssb_07459,ekte
3431,18-29,2020,373,personer,ssb_07459,ekte
3431,30-49,2020,509,personer,ssb_07459,ekte
3431,50-66,2020,628,personer,ssb_07459,ekte
3431,67-79,2020,443,personer,ssb_07459,ekte
3431,80-89,2020,140,personer,ssb_07459,ekte
3431,90+,2020,39,personer,ssb_07459,ekte
3431,alle,2020,2553,personer,ssb_07459,ekte
3432,0-17,2020,405,personer,ssb_07459,ekte
3432,18-29,2020,254,personer,ssb_07459,ekte
3432,30-49,2020,408,personer,ssb_07459,ekte
3432,50-66,2020,486,personer,ssb_07459,ekte
3432,67-79,2020,292,personer,ssb_07459,ekte
3432,80-89,2020,96,personer,ssb_07459,ekte
3432,90+,2020,34,personer,ssb_07459,ekte
3432,alle,2020,1975,personer,ssb_07459,ekte
3433,0-17,2020,382,personer,ssb_07459,ekte
3433,18-29,2020,272,personer,ssb_07459,ekte
3433,30-49,2020,491,personer,ssb_07459,ekte
3433,50-66,2020,536,personer,ssb_07459,ekte
3433,67-79,2020,365,personer,ssb_07459,ekte
3433,80-89,2020,128,personer,ssb_07459,ekte
3433,90+,2020,23,personer,ssb_07459,ekte
3433,alle,2020,2197,personer,ssb_07459,ekte
3434,0-17,2020,402,personer,ssb_07459,ekte
3434,18-29,2020,282,personer,ssb_07459,ekte
3434,30-49,2020,486,personer,ssb_07459,ekte
3434,50-66,2020,585,personer,ssb_07459,ekte
3434,67-79,2020,330,personer,ssb_07459,ekte
3434,80-89,2020,117,personer,ssb_07459,ekte
3434,90+,2020,26,personer,ssb_07459,ekte
3434,alle,2020,2228,personer,ssb_07459,ekte
3435,0-17,2020,674,personer,ssb_07459,ekte
3435,18-29,2020,475,personer,ssb_07459,ekte
3435,30-49,2020,804,personer,ssb_07459,ekte
3435,50-66,2020,844,personer,ssb_07459,ekte
3435,67-79,2020,545,personer,ssb_07459,ekte
3435,80-89,2020,186,personer,ssb_07459,ekte
3435,90+,2020,42,personer,ssb_07459,ekte
3435,alle,2020,3570,personer,ssb_07459,ekte
3436,0-17,2020,1043,personer,ssb_07459,ekte
3436,18-29,2020,805,personer,ssb_07459,ekte
3436,30-49,2020,1203,personer,ssb_07459,ekte
3436,50-66,2020,1400,personer,ssb_07459,ekte
3436,67-79,2020,926,personer,ssb_07459,ekte
3436,80-89,2020,291,personer,ssb_07459,ekte
3436,90+,2020,55,personer,ssb_07459,ekte
3436,alle,2020,5723,personer,ssb_07459,ekte
3437,0-17,2020,1035,personer,ssb_07459,ekte
3437,18-29,2020,818,personer,ssb_07459,ekte
3437,30-49,2020,1232,personer,ssb_07459,ekte
3437,50-66,2020,1415,personer,ssb_07459,ekte
3437,67-79,2020,865,personer,ssb_07459,ekte
3437,80-89,2020,307,personer,ssb_07459,ekte
3437,90+,2020,67,personer,ssb_07459,ekte
3437,alle,2020,5739,personer,ssb_07459,ekte
3438,0-17,2020,610,personer,ssb_07459,ekte
3438,18-29,2020,405,personer,ssb_07459,ekte
3438,30-49,2020,737,personer,ssb_07459,ekte
3438,50-66,2020,725,personer,ssb_07459,ekte
3438,67-79,2020,444,personer,ssb_07459,ekte
3438,80-89,2020,155,personer,ssb_07459,ekte
3438,90+,2020,43,personer,ssb_07459,ekte
3438,alle,2020,3119,personer,ssb_07459,ekte
3439,0-17,2020,751,personer,ssb_07459,ekte
3439,18-29,2020,580,personer,ssb_07459,ekte
3439,30-49,2020,1040,personer,ssb_07459,ekte
3439,50-66,2020,1045,personer,ssb_07459,ekte
3439,67-79,2020,695,personer,ssb_07459,ekte
3439,80-89,2020,221,personer,ssb_07459,ekte
3439,90+,2020,60,personer,ssb_07459,ekte
3439,alle,2020,4392,personer,ssb_07459,ekte
3440,0-17,2020,965,personer,ssb_07459,ekte
3440,18-29,2020,744,personer,ssb_07459,ekte
3440,30-49,2020,1232,personer,ssb_07459,ekte
3440,50-66,2020,1202,personer,ssb_07459,ekte
3440,67-79,2020,666,personer,ssb_07459,ekte
3440,80-89,2020,231,personer,ssb_07459,ekte
3440,90+,2020,60,personer,ssb_07459,ekte
3440,alle,2020,5100,personer,ssb_07459,ekte
3441,0-17,2020,1095,personer,ssb_07459,ekte
3441,18-29,2020,815,personer,ssb_07459,ekte
3441,30-49,2020,1470,personer,ssb_07459,ekte
3441,50-66,2020,1486,personer,ssb_07459,ekte
3441,67-79,2020,867,personer,ssb_07459,ekte
3441,80-89,2020,309,personer,ssb_07459,ekte
3441,90+,2020,64,personer,ssb_07459,ekte
3441,alle,2020,6106,personer,ssb_07459,ekte
3442,0-17,2020,2814,personer,ssb_07459,ekte
3442,18-29,2020,1999,personer,ssb_07459,ekte
3442,30-49,2020,3656,personer,ssb_07459,ekte
3442,50-66,2020,3540,personer,ssb_07459,ekte
3442,67-79,2020,2131,personer,ssb_07459,ekte
3442,80-89,2020,684,personer,ssb_07459,ekte
3442,90+,2020,149,personer,ssb_07459,ekte
3442,alle,2020,14973,personer,ssb_07459,ekte
3443,0-17,2020,2510,personer,ssb_07459,ekte
3443,18-29,2020,1993,personer,ssb_07459,ekte
3443,30-49,2020,3341,personer,ssb_07459,ekte
3443,50-66,2020,3074,personer,ssb_07459,ekte
3443,67-79,2020,1808,personer,ssb_07459,ekte
3443,80-89,2020,587,personer,ssb_07459,ekte
3443,90+,2020,114,personer,ssb_07459,ekte
3443,alle,2020,13427,personer,ssb_07459,ekte
3446,0-17,2020,2660,personer,ssb_07459,ekte
3446,18-29,2020,1769,personer,ssb_07459,ekte
3446,30-49,2020,3270,personer,ssb_07459,ekte
3446,50-66,2020,3328,personer,ssb_07459,ekte
3446,67-79,2020,1863,personer,ssb_07459,ekte
3446,80-89,2020,615,personer,ssb_07459,ekte
3446,90+,2020,125,personer,ssb_07459,ekte
3446,alle,2020,13630,personer,ssb_07459,ekte
3447,0-17,2020,1010,personer,ssb_07459,ekte
3447,18-29,2020,721,personer,ssb_07459,ekte
3447,30-49,2020,1292,personer,ssb_07459,ekte
3447,50-66,2020,1478,personer,ssb_07459,ekte
3447,67-79,2020,812,personer,ssb_07459,ekte
3447,80-89,2020,255,personer,ssb_07459,ekte
3447,90+,2020,49,personer,ssb_07459,ekte
3447,alle,2020,5617,personer,ssb_07459,ekte
3448,0-17,2020,1226,personer,ssb_07459,ekte
3448,18-29,2020,899,personer,ssb_07459,ekte
3448,30-49,2020,1505,personer,ssb_07459,ekte
3448,50-66,2020,1637,personer,ssb_07459,ekte
3448,67-79,2020,995,personer,ssb_07459,ekte
3448,80-89,2020,312,personer,ssb_07459,ekte
3448,90+,2020,59,personer,ssb_07459,ekte
3448,alle,2020,6633,personer,ssb_07459,ekte
3449,0-17,2020,540,personer,ssb_07459,ekte
3449,18-29,2020,353,personer,ssb_07459,ekte
3449,30-49,2020,633,personer,ssb_07459,ekte
3449,50-66,2020,740,personer,ssb_07459,ekte
3449,67-79,2020,479,personer,ssb_07459,ekte
3449,80-89,2020,166,personer,ssb_07459,ekte
3449,90+,2020,43,personer,ssb_07459,ekte
3449,alle,2020,2954,personer,ssb_07459,ekte
3450,0-17,2020,229,personer,ssb_07459,ekte
3450,18-29,2020,164,personer,ssb_07459,ekte
3450,30-49,2020,271,personer,ssb_07459,ekte
3450,50-66,2020,313,personer,ssb_07459,ekte
3450,67-79,2020,199,personer,ssb_07459,ekte
3450,80-89,2020,86,personer,ssb_07459,ekte
3450,90+,2020,17,personer,ssb_07459,ekte
3450,alle,2020,1279,personer,ssb_07459,ekte
3451,0-17,2020,1164,personer,ssb_07459,ekte
3451,18-29,2020,860,personer,ssb_07459,ekte
3451,30-49,2020,1547,personer,ssb_07459,ekte
3451,50-66,2020,1493,personer,ssb_07459,ekte
3451,67-79,2020,973,personer,ssb_07459,ekte
3451,80-89,2020,310,personer,ssb_07459,ekte
3451,90+,2020,66,personer,ssb_07459,ekte
3451,alle,2020,6413,personer,ssb_07459,ekte
3452,0-17,2020,408,personer,ssb_07459,ekte
3452,18-29,2020,283,personer,ssb_07459,ekte
3452,30-49,2020,467,personer,ssb_07459,ekte
3452,50-66,2020,544,personer,ssb_07459,ekte
3452,67-79,2020,299,personer,ssb_07459,ekte
3452,80-89,2020,102,personer,ssb_07459,ekte
3452,90+,2020,22,personer,ssb_07459,ekte
3452,alle,2020,2125,personer,ssb_07459,ekte
3453,0-17,2020,607,personer,ssb_07459,ekte
3453,18-29,2020,435,personer,ssb_07459,ekte
3453,30-49,2020,786,personer,ssb_07459,ekte
3453,50-66,2020,761,personer,ssb_07459,ekte
3453,67-79,2020,486,personer,ssb_07459,ekte
3453,80-89,2020,120,personer,ssb_07459,ekte
3453,90+,2020,34,personer,ssb_07459,ekte
3453,alle,2020,3229,personer,ssb_07459,ekte
3454,0-17,2020,301,personer,ssb_07459,ekte
3454,18-29,2020,198,personer,ssb_07459,ekte
3454,30-49,2020,395,personer,ssb_07459,ekte
3454,50-66,2020,359,personer,ssb_07459,ekte
3454,67-79,2020,238,personer,ssb_07459,ekte
3454,80-89,2020,61,personer,ssb_07459,ekte
3454,90+,2020,26,personer,ssb_07459,ekte
3454,alle,2020,1578,personer,ssb_07459,ekte
3901,alle,2020,0,personer,ssb_07459,ekte
3903,alle,2020,0,personer,ssb_07459,ekte
3905,alle,2020,0,personer,ssb_07459,ekte
3907,alle,2020,0,personer,ssb_07459,ekte
3909,alle,2020,0,personer,ssb_07459,ekte
3911,alle,2020,0,personer,ssb_07459,ekte
4001,alle,2020,0,personer,ssb_07459,ekte
4003,alle,2020,0,personer,ssb_07459,ekte
4005,alle,2020,0,personer,ssb_07459,ekte
4010,alle,2020,0,personer,ssb_07459,ekte
4012,alle,2020,0,personer,ssb_07459,ekte
4014,alle,2020,0,personer,ssb_07459,ekte
4016,alle,2020,0,personer,ssb_07459,ekte
4018,alle,2020,0,personer,ssb_07459,ekte
4020,alle,2020,0,personer,ssb_07459,ekte
4022,alle,2020,0,personer,ssb_07459,ekte
4024,alle,2020,0,personer,ssb_07459,ekte
4026,alle,2020,0,personer,ssb_07459,ekte
4028,alle,2020,0,personer,ssb_07459,ekte
4030,alle,2020,0,personer,ssb_07459,ekte
4032,alle,2020,0,personer,ssb_07459,ekte
4034,alle,2020,0,personer,ssb_07459,ekte
4036,alle,2020,0,personer,ssb_07459,ekte
4201,0-17,2020,1207,personer,ssb_07459,ekte
4201,18-29,2020,900,personer,ssb_07459,ekte
4201,30-49,2020,1565,personer,ssb_07459,ekte
4201,50-66,2020,1641,personer,ssb_07459,ekte
4201,67-79,2020,1128,personer,ssb_07459,ekte
4201,80-89,2020,296,personer,ssb_07459,ekte
4201,90+,2020,72,personer,ssb_07459,ekte
4201,alle,2020,6809,personer,ssb_07459,ekte
4202,0-17,2020,5288,personer,ssb_07459,ekte
4202,18-29,2020,4030,personer,ssb_07459,ekte
4202,30-49,2020,6114,personer,ssb_07459,ekte
4202,50-66,2020,4668,personer,ssb_07459,ekte
4202,67-79,2020,2526,personer,ssb_07459,ekte
4202,80-89,2020,755,personer,ssb_07459,ekte
4202,90+,2020,163,personer,ssb_07459,ekte
4202,alle,2020,23544,personer,ssb_07459,ekte
4203,0-17,2020,9342,personer,ssb_07459,ekte
4203,18-29,2020,6159,personer,ssb_07459,ekte
4203,30-49,2020,11722,personer,ssb_07459,ekte
4203,50-66,2020,10200,personer,ssb_07459,ekte
4203,67-79,2020,5572,personer,ssb_07459,ekte
4203,80-89,2020,1639,personer,ssb_07459,ekte
4203,90+,2020,365,personer,ssb_07459,ekte
4203,alle,2020,44999,personer,ssb_07459,ekte
4204,0-17,2020,24364,personer,ssb_07459,ekte
4204,18-29,2020,20087,personer,ssb_07459,ekte
4204,30-49,2020,29537,personer,ssb_07459,ekte
4204,50-66,2020,22285,personer,ssb_07459,ekte
4204,67-79,2020,10980,personer,ssb_07459,ekte
4204,80-89,2020,3581,personer,ssb_07459,ekte
4204,90+,2020,799,personer,ssb_07459,ekte
4204,alle,2020,111633,personer,ssb_07459,ekte
4205,0-17,2020,5181,personer,ssb_07459,ekte
4205,18-29,2020,3271,personer,ssb_07459,ekte
4205,30-49,2020,5703,personer,ssb_07459,ekte
4205,50-66,2020,5011,personer,ssb_07459,ekte
4205,67-79,2020,2847,personer,ssb_07459,ekte
4205,80-89,2020,807,personer,ssb_07459,ekte
4205,90+,2020,226,personer,ssb_07459,ekte
4205,alle,2020,23046,personer,ssb_07459,ekte
4206,0-17,2020,2084,personer,ssb_07459,ekte
4206,18-29,2020,1432,personer,ssb_07459,ekte
4206,30-49,2020,2337,personer,ssb_07459,ekte
4206,50-66,2020,2044,personer,ssb_07459,ekte
4206,67-79,2020,1317,personer,ssb_07459,ekte
4206,80-89,2020,392,personer,ssb_07459,ekte
4206,90+,2020,85,personer,ssb_07459,ekte
4206,alle,2020,9691,personer,ssb_07459,ekte
4207,0-17,2020,1931,personer,ssb_07459,ekte
4207,18-29,2020,1258,personer,ssb_07459,ekte
4207,30-49,2020,2102,personer,ssb_07459,ekte
4207,50-66,2020,2053,personer,ssb_07459,ekte
4207,67-79,2020,1162,personer,ssb_07459,ekte
4207,80-89,2020,403,personer,ssb_07459,ekte
4207,90+,2020,119,personer,ssb_07459,ekte
4207,alle,2020,9028,personer,ssb_07459,ekte
4211,0-17,2020,445,personer,ssb_07459,ekte
4211,18-29,2020,345,personer,ssb_07459,ekte
4211,30-49,2020,585,personer,ssb_07459,ekte
4211,50-66,2020,570,personer,ssb_07459,ekte
4211,67-79,2020,353,personer,ssb_07459,ekte
4211,80-89,2020,103,personer,ssb_07459,ekte
4211,90+,2020,27,personer,ssb_07459,ekte
4211,alle,2020,2428,personer,ssb_07459,ekte
4212,0-17,2020,480,personer,ssb_07459,ekte
4212,18-29,2020,297,personer,ssb_07459,ekte
4212,30-49,2020,518,personer,ssb_07459,ekte
4212,50-66,2020,485,personer,ssb_07459,ekte
4212,67-79,2020,214,personer,ssb_07459,ekte
4212,80-89,2020,87,personer,ssb_07459,ekte
4212,90+,2020,16,personer,ssb_07459,ekte
4212,alle,2020,2097,personer,ssb_07459,ekte
4213,0-17,2020,1154,personer,ssb_07459,ekte
4213,18-29,2020,800,personer,ssb_07459,ekte
4213,30-49,2020,1486,personer,ssb_07459,ekte
4213,50-66,2020,1417,personer,ssb_07459,ekte
4213,67-79,2020,899,personer,ssb_07459,ekte
4213,80-89,2020,242,personer,ssb_07459,ekte
4213,90+,2020,55,personer,ssb_07459,ekte
4213,alle,2020,6053,personer,ssb_07459,ekte
4214,0-17,2020,1390,personer,ssb_07459,ekte
4214,18-29,2020,924,personer,ssb_07459,ekte
4214,30-49,2020,1641,personer,ssb_07459,ekte
4214,50-66,2020,1170,personer,ssb_07459,ekte
4214,67-79,2020,638,personer,ssb_07459,ekte
4214,80-89,2020,156,personer,ssb_07459,ekte
4214,90+,2020,32,personer,ssb_07459,ekte
4214,alle,2020,5951,personer,ssb_07459,ekte
4215,0-17,2020,2521,personer,ssb_07459,ekte
4215,18-29,2020,1473,personer,ssb_07459,ekte
4215,30-49,2020,2881,personer,ssb_07459,ekte
4215,50-66,2020,2426,personer,ssb_07459,ekte
4215,67-79,2020,1327,personer,ssb_07459,ekte
4215,80-89,2020,374,personer,ssb_07459,ekte
4215,90+,2020,72,personer,ssb_07459,ekte
4215,alle,2020,11074,personer,ssb_07459,ekte
4216,0-17,2020,1316,personer,ssb_07459,ekte
4216,18-29,2020,802,personer,ssb_07459,ekte
4216,30-49,2020,1355,personer,ssb_07459,ekte
4216,50-66,2020,986,personer,ssb_07459,ekte
4216,67-79,2020,590,personer,ssb_07459,ekte
4216,80-89,2020,143,personer,ssb_07459,ekte
4216,90+,2020,34,personer,ssb_07459,ekte
4216,alle,2020,5226,personer,ssb_07459,ekte
4217,0-17,2020,397,personer,ssb_07459,ekte
4217,18-29,2020,245,personer,ssb_07459,ekte
4217,30-49,2020,449,personer,ssb_07459,ekte
4217,50-66,2020,400,personer,ssb_07459,ekte
4217,67-79,2020,247,personer,ssb_07459,ekte
4217,80-89,2020,87,personer,ssb_07459,ekte
4217,90+,2020,11,personer,ssb_07459,ekte
4217,alle,2020,1836,personer,ssb_07459,ekte
4218,0-17,2020,341,personer,ssb_07459,ekte
4218,18-29,2020,176,personer,ssb_07459,ekte
4218,30-49,2020,354,personer,ssb_07459,ekte
4218,50-66,2020,285,personer,ssb_07459,ekte
4218,67-79,2020,131,personer,ssb_07459,ekte
4218,80-89,2020,32,personer,ssb_07459,ekte
4218,90+,2020,12,personer,ssb_07459,ekte
4218,alle,2020,1331,personer,ssb_07459,ekte
4219,0-17,2020,820,personer,ssb_07459,ekte
4219,18-29,2020,489,personer,ssb_07459,ekte
4219,30-49,2020,923,personer,ssb_07459,ekte
4219,50-66,2020,759,personer,ssb_07459,ekte
4219,67-79,2020,469,personer,ssb_07459,ekte
4219,80-89,2020,134,personer,ssb_07459,ekte
4219,90+,2020,40,personer,ssb_07459,ekte
4219,alle,2020,3634,personer,ssb_07459,ekte
4220,0-17,2020,204,personer,ssb_07459,ekte
4220,18-29,2020,147,personer,ssb_07459,ekte
4220,30-49,2020,281,personer,ssb_07459,ekte
4220,50-66,2020,267,personer,ssb_07459,ekte
4220,67-79,2020,196,personer,ssb_07459,ekte
4220,80-89,2020,54,personer,ssb_07459,ekte
4220,90+,2020,13,personer,ssb_07459,ekte
4220,alle,2020,1162,personer,ssb_07459,ekte
4221,0-17,2020,205,personer,ssb_07459,ekte
4221,18-29,2020,174,personer,ssb_07459,ekte
4221,30-49,2020,270,personer,ssb_07459,ekte
4221,50-66,2020,276,personer,ssb_07459,ekte
4221,67-79,2020,173,personer,ssb_07459,ekte
4221,80-89,2020,50,personer,ssb_07459,ekte
4221,90+,2020,16,personer,ssb_07459,ekte
4221,alle,2020,1164,personer,ssb_07459,ekte
4222,0-17,2020,192,personer,ssb_07459,ekte
4222,18-29,2020,158,personer,ssb_07459,ekte
4222,30-49,2020,273,personer,ssb_07459,ekte
4222,50-66,2020,224,personer,ssb_07459,ekte
4222,67-79,2020,91,personer,ssb_07459,ekte
4222,80-89,2020,23,personer,ssb_07459,ekte
4222,90+,2020,4,personer,ssb_07459,ekte
4222,alle,2020,965,personer,ssb_07459,ekte
4223,0-17,2020,3397,personer,ssb_07459,ekte
4223,18-29,2020,2388,personer,ssb_07459,ekte
4223,30-49,2020,4027,personer,ssb_07459,ekte
4223,50-66,2020,2973,personer,ssb_07459,ekte
4223,67-79,2020,1444,personer,ssb_07459,ekte
4223,80-89,2020,449,personer,ssb_07459,ekte
4223,90+,2020,96,personer,ssb_07459,ekte
4223,alle,2020,14774,personer,ssb_07459,ekte
4224,0-17,2020,200,personer,ssb_07459,ekte
4224,18-29,2020,164,personer,ssb_07459,ekte
4224,30-49,2020,202,personer,ssb_07459,ekte
4224,50-66,2020,228,personer,ssb_07459,ekte
4224,67-79,2020,86,personer,ssb_07459,ekte
4224,80-89,2020,43,personer,ssb_07459,ekte
4224,90+,2020,9,personer,ssb_07459,ekte
4224,alle,2020,932,personer,ssb_07459,ekte
4225,0-17,2020,2602,personer,ssb_07459,ekte
4225,18-29,2020,1584,personer,ssb_07459,ekte
4225,30-49,2020,2629,personer,ssb_07459,ekte
4225,50-66,2020,2001,personer,ssb_07459,ekte
4225,67-79,2020,1133,personer,ssb_07459,ekte
4225,80-89,2020,340,personer,ssb_07459,ekte
4225,90+,2020,76,personer,ssb_07459,ekte
4225,alle,2020,10365,personer,ssb_07459,ekte
4226,0-17,2020,396,personer,ssb_07459,ekte
4226,18-29,2020,253,personer,ssb_07459,ekte
4226,30-49,2020,439,personer,ssb_07459,ekte
4226,50-66,2020,322,personer,ssb_07459,ekte
4226,67-79,2020,185,personer,ssb_07459,ekte
4226,80-89,2020,69,personer,ssb_07459,ekte
4226,90+,2020,16,personer,ssb_07459,ekte
4226,alle,2020,1680,personer,ssb_07459,ekte
4227,0-17,2020,1325,personer,ssb_07459,ekte
4227,18-29,2020,902,personer,ssb_07459,ekte
4227,30-49,2020,1422,personer,ssb_07459,ekte
4227,50-66,2020,1353,personer,ssb_07459,ekte
4227,67-79,2020,674,personer,ssb_07459,ekte
4227,80-89,2020,250,personer,ssb_07459,ekte
4227,90+,2020,61,personer,ssb_07459,ekte
4227,alle,2020,5987,personer,ssb_07459,ekte
4228,0-17,2020,413,personer,ssb_07459,ekte
4228,18-29,2020,258,personer,ssb_07459,ekte
4228,30-49,2020,450,personer,ssb_07459,ekte
4228,50-66,2020,374,personer,ssb_07459,ekte
4228,67-79,2020,224,personer,ssb_07459,ekte
4228,80-89,2020,75,personer,ssb_07459,ekte
4228,90+,2020,28,personer,ssb_07459,ekte
4228,alle,2020,1822,personer,ssb_07459,ekte
1101,0-17,2020,3272,personer,ssb_07459,ekte
1101,18-29,2020,2253,personer,ssb_07459,ekte
1101,30-49,2020,3783,personer,ssb_07459,ekte
1101,50-66,2020,3126,personer,ssb_07459,ekte
1101,67-79,2020,1735,personer,ssb_07459,ekte
1101,80-89,2020,525,personer,ssb_07459,ekte
1101,90+,2020,117,personer,ssb_07459,ekte
1101,alle,2020,14811,personer,ssb_07459,ekte
1103,0-17,2020,31398,personer,ssb_07459,ekte
1103,18-29,2020,23774,personer,ssb_07459,ekte
1103,30-49,2020,41673,personer,ssb_07459,ekte
1103,50-66,2020,28788,personer,ssb_07459,ekte
1103,67-79,2020,13050,personer,ssb_07459,ekte
1103,80-89,2020,3835,personer,ssb_07459,ekte
1103,90+,2020,1056,personer,ssb_07459,ekte
1103,alle,2020,143574,personer,ssb_07459,ekte
1106,0-17,2020,7669,personer,ssb_07459,ekte
1106,18-29,2020,5818,personer,ssb_07459,ekte
1106,30-49,2020,10541,personer,ssb_07459,ekte
1106,50-66,2020,7785,personer,ssb_07459,ekte
1106,67-79,2020,4013,personer,ssb_07459,ekte
1106,80-89,2020,1195,personer,ssb_07459,ekte
1106,90+,2020,336,personer,ssb_07459,ekte
1106,alle,2020,37357,personer,ssb_07459,ekte
1108,0-17,2020,19651,personer,ssb_07459,ekte
1108,18-29,2020,12125,personer,ssb_07459,ekte
1108,30-49,2020,23791,personer,ssb_07459,ekte
1108,50-66,2020,15129,personer,ssb_07459,ekte
1108,67-79,2020,6518,personer,ssb_07459,ekte
1108,80-89,2020,1901,personer,ssb_07459,ekte
1108,90+,2020,422,personer,ssb_07459,ekte
1108,alle,2020,79537,personer,ssb_07459,ekte
1111,0-17,2020,754,personer,ssb_07459,ekte
1111,18-29,2020,445,personer,ssb_07459,ekte
1111,30-49,2020,752,personer,ssb_07459,ekte
1111,50-66,2020,746,personer,ssb_07459,ekte
1111,67-79,2020,397,personer,ssb_07459,ekte
1111,80-89,2020,143,personer,ssb_07459,ekte
1111,90+,2020,43,personer,ssb_07459,ekte
1111,alle,2020,3280,personer,ssb_07459,ekte
1112,0-17,2020,754,personer,ssb_07459,ekte
1112,18-29,2020,489,personer,ssb_07459,ekte
1112,30-49,2020,730,personer,ssb_07459,ekte
1112,50-66,2020,707,personer,ssb_07459,ekte
1112,67-79,2020,357,personer,ssb_07459,ekte
1112,80-89,2020,132,personer,ssb_07459,ekte
1112,90+,2020,33,personer,ssb_07459,ekte
1112,alle,2020,3202,personer,ssb_07459,ekte
1114,0-17,2020,727,personer,ssb_07459,ekte
1114,18-29,2020,376,personer,ssb_07459,ekte
1114,30-49,2020,716,personer,ssb_07459,ekte
1114,50-66,2020,600,personer,ssb_07459,ekte
1114,67-79,2020,281,personer,ssb_07459,ekte
1114,80-89,2020,72,personer,ssb_07459,ekte
1114,90+,2020,15,personer,ssb_07459,ekte
1114,alle,2020,2787,personer,ssb_07459,ekte
1119,0-17,2020,5002,personer,ssb_07459,ekte
1119,18-29,2020,2896,personer,ssb_07459,ekte
1119,30-49,2020,5210,personer,ssb_07459,ekte
1119,50-66,2020,3511,personer,ssb_07459,ekte
1119,67-79,2020,1720,personer,ssb_07459,ekte
1119,80-89,2020,539,personer,ssb_07459,ekte
1119,90+,2020,113,personer,ssb_07459,ekte
1119,alle,2020,18991,personer,ssb_07459,ekte
1120,0-17,2020,4899,personer,ssb_07459,ekte
1120,18-29,2020,3212,personer,ssb_07459,ekte
1120,30-49,2020,5550,personer,ssb_07459,ekte
1120,50-66,2020,3607,personer,ssb_07459,ekte
1120,67-79,2020,1739,personer,ssb_07459,ekte
1120,80-89,2020,496,personer,ssb_07459,ekte
1120,90+,2020,85,personer,ssb_07459,ekte
1120,alle,2020,19588,personer,ssb_07459,ekte
1121,0-17,2020,4678,personer,ssb_07459,ekte
1121,18-29,2020,2997,personer,ssb_07459,ekte
1121,30-49,2020,5244,personer,ssb_07459,ekte
1121,50-66,2020,3668,personer,ssb_07459,ekte
1121,67-79,2020,1668,personer,ssb_07459,ekte
1121,80-89,2020,556,personer,ssb_07459,ekte
1121,90+,2020,105,personer,ssb_07459,ekte
1121,alle,2020,18916,personer,ssb_07459,ekte
1122,0-17,2020,3181,personer,ssb_07459,ekte
1122,18-29,2020,1871,personer,ssb_07459,ekte
1122,30-49,2020,3430,personer,ssb_07459,ekte
1122,50-66,2020,2334,personer,ssb_07459,ekte
1122,67-79,2020,907,personer,ssb_07459,ekte
1122,80-89,2020,235,personer,ssb_07459,ekte
1122,90+,2020,44,personer,ssb_07459,ekte
1122,alle,2020,12002,personer,ssb_07459,ekte
1124,0-17,2020,6683,personer,ssb_07459,ekte
1124,18-29,2020,4117,personer,ssb_07459,ekte
1124,30-49,2020,7943,personer,ssb_07459,ekte
1124,50-66,2020,5315,personer,ssb_07459,ekte
1124,67-79,2020,2218,personer,ssb_07459,ekte
1124,80-89,2020,712,personer,ssb_07459,ekte
1124,90+,2020,165,personer,ssb_07459,ekte
1124,alle,2020,27153,personer,ssb_07459,ekte
1127,0-17,2020,2753,personer,ssb_07459,ekte
1127,18-29,2020,1803,personer,ssb_07459,ekte
1127,30-49,2020,2882,personer,ssb_07459,ekte
1127,50-66,2020,2321,personer,ssb_07459,ekte
1127,67-79,2020,1043,personer,ssb_07459,ekte
1127,80-89,2020,353,personer,ssb_07459,ekte
1127,90+,2020,66,personer,ssb_07459,ekte
1127,alle,2020,11221,personer,ssb_07459,ekte
1130,0-17,2020,3246,personer,ssb_07459,ekte
1130,18-29,2020,1966,personer,ssb_07459,ekte
1130,30-49,2020,3450,personer,ssb_07459,ekte
1130,50-66,2020,2447,personer,ssb_07459,ekte
1130,67-79,2020,1313,personer,ssb_07459,ekte
1130,80-89,2020,452,personer,ssb_07459,ekte
1130,90+,2020,94,personer,ssb_07459,ekte
1130,alle,2020,12968,personer,ssb_07459,ekte
1133,0-17,2020,611,personer,ssb_07459,ekte
1133,18-29,2020,304,personer,ssb_07459,ekte
1133,30-49,2020,612,personer,ssb_07459,ekte
1133,50-66,2020,561,personer,ssb_07459,ekte
1133,67-79,2020,352,personer,ssb_07459,ekte
1133,80-89,2020,105,personer,ssb_07459,ekte
1133,90+,2020,29,personer,ssb_07459,ekte
1133,alle,2020,2574,personer,ssb_07459,ekte
1134,0-17,2020,867,personer,ssb_07459,ekte
1134,18-29,2020,503,personer,ssb_07459,ekte
1134,30-49,2020,862,personer,ssb_07459,ekte
1134,50-66,2020,858,personer,ssb_07459,ekte
1134,67-79,2020,511,personer,ssb_07459,ekte
1134,80-89,2020,172,personer,ssb_07459,ekte
1134,90+,2020,31,personer,ssb_07459,ekte
1134,alle,2020,3804,personer,ssb_07459,ekte
1135,0-17,2020,959,personer,ssb_07459,ekte
1135,18-29,2020,592,personer,ssb_07459,ekte
1135,30-49,2020,1087,personer,ssb_07459,ekte
1135,50-66,2020,1079,personer,ssb_07459,ekte
1135,67-79,2020,539,personer,ssb_07459,ekte
1135,80-89,2020,277,personer,ssb_07459,ekte
1135,90+,2020,62,personer,ssb_07459,ekte
1135,alle,2020,4595,personer,ssb_07459,ekte
1144,0-17,2020,104,personer,ssb_07459,ekte
1144,18-29,2020,63,personer,ssb_07459,ekte
1144,30-49,2020,109,personer,ssb_07459,ekte
1144,50-66,2020,134,personer,ssb_07459,ekte
1144,67-79,2020,65,personer,ssb_07459,ekte
1144,80-89,2020,33,personer,ssb_07459,ekte
1144,90+,2020,9,personer,ssb_07459,ekte
1144,alle,2020,517,personer,ssb_07459,ekte
1145,0-17,2020,178,personer,ssb_07459,ekte
1145,18-29,2020,125,personer,ssb_07459,ekte
1145,30-49,2020,200,personer,ssb_07459,ekte
1145,50-66,2020,182,personer,ssb_07459,ekte
1145,67-79,2020,109,personer,ssb_07459,ekte
1145,80-89,2020,47,personer,ssb_07459,ekte
1145,90+,2020,11,personer,ssb_07459,ekte
1145,alle,2020,852,personer,ssb_07459,ekte
1146,0-17,2020,2845,personer,ssb_07459,ekte
1146,18-29,2020,1555,personer,ssb_07459,ekte
1146,30-49,2020,2955,personer,ssb_07459,ekte
1146,50-66,2020,2093,personer,ssb_07459,ekte
1146,67-79,2020,1220,personer,ssb_07459,ekte
1146,80-89,2020,330,personer,ssb_07459,ekte
1146,90+,2020,67,personer,ssb_07459,ekte
1146,alle,2020,11065,personer,ssb_07459,ekte
1149,0-17,2020,9805,personer,ssb_07459,ekte
1149,18-29,2020,6227,personer,ssb_07459,ekte
1149,30-49,2020,11061,personer,ssb_07459,ekte
1149,50-66,2020,8681,personer,ssb_07459,ekte
1149,67-79,2020,4635,personer,ssb_07459,ekte
1149,80-89,2020,1461,personer,ssb_07459,ekte
1149,90+,2020,316,personer,ssb_07459,ekte
1149,alle,2020,42186,personer,ssb_07459,ekte
1151,0-17,2020,40,personer,ssb_07459,ekte
1151,18-29,2020,27,personer,ssb_07459,ekte
1151,30-49,2020,45,personer,ssb_07459,ekte
1151,50-66,2020,50,personer,ssb_07459,ekte
1151,67-79,2020,25,personer,ssb_07459,ekte
1151,80-89,2020,9,personer,ssb_07459,ekte
1151,90+,2020,2,personer,ssb_07459,ekte
1151,alle,2020,198,personer,ssb_07459,ekte
1160,0-17,2020,1956,personer,ssb_07459,ekte
1160,18-29,2020,1324,personer,ssb_07459,ekte
1160,30-49,2020,2163,personer,ssb_07459,ekte
1160,50-66,2020,1883,personer,ssb_07459,ekte
1160,67-79,2020,936,personer,ssb_07459,ekte
1160,80-89,2020,353,personer,ssb_07459,ekte
1160,90+,2020,99,personer,ssb_07459,ekte
1160,alle,2020,8714,personer,ssb_07459,ekte
4601,0-17,2020,56126,personer,ssb_07459,ekte
4601,18-29,2020,53085,personer,ssb_07459,ekte
4601,30-49,2020,80403,personer,ssb_07459,ekte
4601,50-66,2020,55005,personer,ssb_07459,ekte
4601,67-79,2020,27233,personer,ssb_07459,ekte
4601,80-89,2020,9561,personer,ssb_07459,ekte
4601,90+,2020,2516,personer,ssb_07459,ekte
4601,alle,2020,283929,personer,ssb_07459,ekte
4602,0-17,2020,3762,personer,ssb_07459,ekte
4602,18-29,2020,2585,personer,ssb_07459,ekte
4602,30-49,2020,4176,personer,ssb_07459,ekte
4602,50-66,2020,3906,personer,ssb_07459,ekte
4602,67-79,2020,1959,personer,ssb_07459,ekte
4602,80-89,2020,651,personer,ssb_07459,ekte
4602,90+,2020,168,personer,ssb_07459,ekte
4602,alle,2020,17207,personer,ssb_07459,ekte
4611,0-17,2020,920,personer,ssb_07459,ekte
4611,18-29,2020,528,personer,ssb_07459,ekte
4611,30-49,2020,993,personer,ssb_07459,ekte
4611,50-66,2020,865,personer,ssb_07459,ekte
4611,67-79,2020,518,personer,ssb_07459,ekte
4611,80-89,2020,175,personer,ssb_07459,ekte
4611,90+,2020,63,personer,ssb_07459,ekte
4611,alle,2020,4062,personer,ssb_07459,ekte
4612,0-17,2020,1424,personer,ssb_07459,ekte
4612,18-29,2020,805,personer,ssb_07459,ekte
4612,30-49,2020,1550,personer,ssb_07459,ekte
4612,50-66,2020,1128,personer,ssb_07459,ekte
4612,67-79,2020,652,personer,ssb_07459,ekte
4612,80-89,2020,170,personer,ssb_07459,ekte
4612,90+,2020,37,personer,ssb_07459,ekte
4612,alle,2020,5766,personer,ssb_07459,ekte
4613,0-17,2020,2886,personer,ssb_07459,ekte
4613,18-29,2020,1761,personer,ssb_07459,ekte
4613,30-49,2020,3052,personer,ssb_07459,ekte
4613,50-66,2020,2381,personer,ssb_07459,ekte
4613,67-79,2020,1376,personer,ssb_07459,ekte
4613,80-89,2020,360,personer,ssb_07459,ekte
4613,90+,2020,141,personer,ssb_07459,ekte
4613,alle,2020,11957,personer,ssb_07459,ekte
4614,0-17,2020,4339,personer,ssb_07459,ekte
4614,18-29,2020,2948,personer,ssb_07459,ekte
4614,30-49,2020,4822,personer,ssb_07459,ekte
4614,50-66,2020,3825,personer,ssb_07459,ekte
4614,67-79,2020,2061,personer,ssb_07459,ekte
4614,80-89,2020,623,personer,ssb_07459,ekte
4614,90+,2020,141,personer,ssb_07459,ekte
4614,alle,2020,18759,personer,ssb_07459,ekte
4615,0-17,2020,764,personer,ssb_07459,ekte
4615,18-29,2020,438,personer,ssb_07459,ekte
4615,30-49,2020,809,personer,ssb_07459,ekte
4615,50-66,2020,674,personer,ssb_07459,ekte
4615,67-79,2020,374,personer,ssb_07459,ekte
4615,80-89,2020,101,personer,ssb_07459,ekte
4615,90+,2020,29,personer,ssb_07459,ekte
4615,alle,2020,3189,personer,ssb_07459,ekte
4616,0-17,2020,574,personer,ssb_07459,ekte
4616,18-29,2020,379,personer,ssb_07459,ekte
4616,30-49,2020,611,personer,ssb_07459,ekte
4616,50-66,2020,630,personer,ssb_07459,ekte
4616,67-79,2020,476,personer,ssb_07459,ekte
4616,80-89,2020,165,personer,ssb_07459,ekte
4616,90+,2020,34,personer,ssb_07459,ekte
4616,alle,2020,2869,personer,ssb_07459,ekte
4617,0-17,2020,2757,personer,ssb_07459,ekte
4617,18-29,2020,1795,personer,ssb_07459,ekte
4617,30-49,2020,3022,personer,ssb_07459,ekte
4617,50-66,2020,2913,personer,ssb_07459,ekte
4617,67-79,2020,1780,personer,ssb_07459,ekte
4617,80-89,2020,648,personer,ssb_07459,ekte
4617,90+,2020,156,personer,ssb_07459,ekte
4617,alle,2020,13071,personer,ssb_07459,ekte
4618,0-17,2020,2071,personer,ssb_07459,ekte
4618,18-29,2020,1488,personer,ssb_07459,ekte
4618,30-49,2020,2497,personer,ssb_07459,ekte
4618,50-66,2020,2623,personer,ssb_07459,ekte
4618,67-79,2020,1555,personer,ssb_07459,ekte
4618,80-89,2020,622,personer,ssb_07459,ekte
4618,90+,2020,192,personer,ssb_07459,ekte
4618,alle,2020,11048,personer,ssb_07459,ekte
4619,0-17,2020,172,personer,ssb_07459,ekte
4619,18-29,2020,126,personer,ssb_07459,ekte
4619,30-49,2020,185,personer,ssb_07459,ekte
4619,50-66,2020,243,personer,ssb_07459,ekte
4619,67-79,2020,124,personer,ssb_07459,ekte
4619,80-89,2020,46,personer,ssb_07459,ekte
4619,90+,2020,10,personer,ssb_07459,ekte
4619,alle,2020,906,personer,ssb_07459,ekte
4620,0-17,2020,213,personer,ssb_07459,ekte
4620,18-29,2020,128,personer,ssb_07459,ekte
4620,30-49,2020,231,personer,ssb_07459,ekte
4620,50-66,2020,258,personer,ssb_07459,ekte
4620,67-79,2020,181,personer,ssb_07459,ekte
4620,80-89,2020,47,personer,ssb_07459,ekte
4620,90+,2020,22,personer,ssb_07459,ekte
4620,alle,2020,1080,personer,ssb_07459,ekte
4621,0-17,2020,3314,personer,ssb_07459,ekte
4621,18-29,2020,2222,personer,ssb_07459,ekte
4621,30-49,2020,3765,personer,ssb_07459,ekte
4621,50-66,2020,3420,personer,ssb_07459,ekte
4621,67-79,2020,1982,personer,ssb_07459,ekte
4621,80-89,2020,803,personer,ssb_07459,ekte
4621,90+,2020,234,personer,ssb_07459,ekte
4621,alle,2020,15740,personer,ssb_07459,ekte
4622,0-17,2020,1823,personer,ssb_07459,ekte
4622,18-29,2020,1135,personer,ssb_07459,ekte
4622,30-49,2020,1913,personer,ssb_07459,ekte
4622,50-66,2020,1890,personer,ssb_07459,ekte
4622,67-79,2020,1138,personer,ssb_07459,ekte
4622,80-89,2020,421,personer,ssb_07459,ekte
4622,90+,2020,137,personer,ssb_07459,ekte
4622,alle,2020,8457,personer,ssb_07459,ekte
4623,0-17,2020,506,personer,ssb_07459,ekte
4623,18-29,2020,317,personer,ssb_07459,ekte
4623,30-49,2020,591,personer,ssb_07459,ekte
4623,50-66,2020,585,personer,ssb_07459,ekte
4623,67-79,2020,357,personer,ssb_07459,ekte
4623,80-89,2020,92,personer,ssb_07459,ekte
4623,90+,2020,37,personer,ssb_07459,ekte
4623,alle,2020,2485,personer,ssb_07459,ekte
4624,0-17,2020,6046,personer,ssb_07459,ekte
4624,18-29,2020,3578,personer,ssb_07459,ekte
4624,30-49,2020,6782,personer,ssb_07459,ekte
4624,50-66,2020,4832,personer,ssb_07459,ekte
4624,67-79,2020,2722,personer,ssb_07459,ekte
4624,80-89,2020,776,personer,ssb_07459,ekte
4624,90+,2020,172,personer,ssb_07459,ekte
4624,alle,2020,24908,personer,ssb_07459,ekte
4625,0-17,2020,1319,personer,ssb_07459,ekte
4625,18-29,2020,717,personer,ssb_07459,ekte
4625,30-49,2020,1379,personer,ssb_07459,ekte
4625,50-66,2020,1024,personer,ssb_07459,ekte
4625,67-79,2020,564,personer,ssb_07459,ekte
4625,80-89,2020,184,personer,ssb_07459,ekte
4625,90+,2020,49,personer,ssb_07459,ekte
4625,alle,2020,5236,personer,ssb_07459,ekte
4626,0-17,2020,9394,personer,ssb_07459,ekte
4626,18-29,2020,5686,personer,ssb_07459,ekte
4626,30-49,2020,10510,personer,ssb_07459,ekte
4626,50-66,2020,7762,personer,ssb_07459,ekte
4626,67-79,2020,3834,personer,ssb_07459,ekte
4626,80-89,2020,894,personer,ssb_07459,ekte
4626,90+,2020,236,personer,ssb_07459,ekte
4626,alle,2020,38316,personer,ssb_07459,ekte
4627,0-17,2020,7667,personer,ssb_07459,ekte
4627,18-29,2020,4008,personer,ssb_07459,ekte
4627,30-49,2020,8647,personer,ssb_07459,ekte
4627,50-66,2020,5438,personer,ssb_07459,ekte
4627,67-79,2020,2887,personer,ssb_07459,ekte
4627,80-89,2020,755,personer,ssb_07459,ekte
4627,90+,2020,151,personer,ssb_07459,ekte
4627,alle,2020,29553,personer,ssb_07459,ekte
4628,0-17,2020,824,personer,ssb_07459,ekte
4628,18-29,2020,535,personer,ssb_07459,ekte
4628,30-49,2020,947,personer,ssb_07459,ekte
4628,50-66,2020,863,personer,ssb_07459,ekte
4628,67-79,2020,513,personer,ssb_07459,ekte
4628,80-89,2020,216,personer,ssb_07459,ekte
4628,90+,2020,79,personer,ssb_07459,ekte
4628,alle,2020,3977,personer,ssb_07459,ekte
4629,0-17,2020,96,personer,ssb_07459,ekte
4629,18-29,2020,56,personer,ssb_07459,ekte
4629,30-49,2020,90,personer,ssb_07459,ekte
4629,50-66,2020,83,personer,ssb_07459,ekte
4629,67-79,2020,37,personer,ssb_07459,ekte
4629,80-89,2020,23,personer,ssb_07459,ekte
4629,90+,2020,3,personer,ssb_07459,ekte
4629,alle,2020,388,personer,ssb_07459,ekte
4630,0-17,2020,1840,personer,ssb_07459,ekte
4630,18-29,2020,1182,personer,ssb_07459,ekte
4630,30-49,2020,2068,personer,ssb_07459,ekte
4630,50-66,2020,1639,personer,ssb_07459,ekte
4630,67-79,2020,961,personer,ssb_07459,ekte
4630,80-89,2020,309,personer,ssb_07459,ekte
4630,90+,2020,99,personer,ssb_07459,ekte
4630,alle,2020,8098,personer,ssb_07459,ekte
4631,0-17,2020,6949,personer,ssb_07459,ekte
4631,18-29,2020,4136,personer,ssb_07459,ekte
4631,30-49,2020,7642,personer,ssb_07459,ekte
4631,50-66,2020,5908,personer,ssb_07459,ekte
4631,67-79,2020,3434,personer,ssb_07459,ekte
4631,80-89,2020,910,personer,ssb_07459,ekte
4631,90+,2020,245,personer,ssb_07459,ekte
4631,alle,2020,29224,personer,ssb_07459,ekte
4632,0-17,2020,595,personer,ssb_07459,ekte
4632,18-29,2020,380,personer,ssb_07459,ekte
4632,30-49,2020,708,personer,ssb_07459,ekte
4632,50-66,2020,602,personer,ssb_07459,ekte
4632,67-79,2020,446,personer,ssb_07459,ekte
4632,80-89,2020,114,personer,ssb_07459,ekte
4632,90+,2020,25,personer,ssb_07459,ekte
4632,alle,2020,2870,personer,ssb_07459,ekte
4633,0-17,2020,113,personer,ssb_07459,ekte
4633,18-29,2020,59,personer,ssb_07459,ekte
4633,30-49,2020,104,personer,ssb_07459,ekte
4633,50-66,2020,140,personer,ssb_07459,ekte
4633,67-79,2020,81,personer,ssb_07459,ekte
4633,80-89,2020,36,personer,ssb_07459,ekte
4633,90+,2020,15,personer,ssb_07459,ekte
4633,alle,2020,548,personer,ssb_07459,ekte
4634,0-17,2020,358,personer,ssb_07459,ekte
4634,18-29,2020,214,personer,ssb_07459,ekte
4634,30-49,2020,346,personer,ssb_07459,ekte
4634,50-66,2020,404,personer,ssb_07459,ekte
4634,67-79,2020,238,personer,ssb_07459,ekte
4634,80-89,2020,97,personer,ssb_07459,ekte
4634,90+,2020,34,personer,ssb_07459,ekte
4634,alle,2020,1691,personer,ssb_07459,ekte
4635,0-17,2020,461,personer,ssb_07459,ekte
4635,18-29,2020,319,personer,ssb_07459,ekte
4635,30-49,2020,508,personer,ssb_07459,ekte
4635,50-66,2020,540,personer,ssb_07459,ekte
4635,67-79,2020,327,personer,ssb_07459,ekte
4635,80-89,2020,110,personer,ssb_07459,ekte
4635,90+,2020,32,personer,ssb_07459,ekte
4635,alle,2020,2297,personer,ssb_07459,ekte
4636,0-17,2020,139,personer,ssb_07459,ekte
4636,18-29,2020,96,personer,ssb_07459,ekte
4636,30-49,2020,177,personer,ssb_07459,ekte
4636,50-66,2020,200,personer,ssb_07459,ekte
4636,67-79,2020,137,personer,ssb_07459,ekte
4636,80-89,2020,43,personer,ssb_07459,ekte
4636,90+,2020,10,personer,ssb_07459,ekte
4636,alle,2020,802,personer,ssb_07459,ekte
4637,0-17,2020,214,personer,ssb_07459,ekte
4637,18-29,2020,175,personer,ssb_07459,ekte
4637,30-49,2020,300,personer,ssb_07459,ekte
4637,50-66,2020,315,personer,ssb_07459,ekte
4637,67-79,2020,232,personer,ssb_07459,ekte
4637,80-89,2020,72,personer,ssb_07459,ekte
4637,90+,2020,20,personer,ssb_07459,ekte
4637,alle,2020,1328,personer,ssb_07459,ekte
4638,0-17,2020,758,personer,ssb_07459,ekte
4638,18-29,2020,611,personer,ssb_07459,ekte
4638,30-49,2020,832,personer,ssb_07459,ekte
4638,50-66,2020,1044,personer,ssb_07459,ekte
4638,67-79,2020,578,personer,ssb_07459,ekte
4638,80-89,2020,210,personer,ssb_07459,ekte
4638,90+,2020,68,personer,ssb_07459,ekte
4638,alle,2020,4101,personer,ssb_07459,ekte
4639,0-17,2020,530,personer,ssb_07459,ekte
4639,18-29,2020,355,personer,ssb_07459,ekte
4639,30-49,2020,547,personer,ssb_07459,ekte
4639,50-66,2020,586,personer,ssb_07459,ekte
4639,67-79,2020,398,personer,ssb_07459,ekte
4639,80-89,2020,165,personer,ssb_07459,ekte
4639,90+,2020,54,personer,ssb_07459,ekte
4639,alle,2020,2635,personer,ssb_07459,ekte
4640,0-17,2020,2561,personer,ssb_07459,ekte
4640,18-29,2020,2137,personer,ssb_07459,ekte
4640,30-49,2020,2973,personer,ssb_07459,ekte
4640,50-66,2020,2340,personer,ssb_07459,ekte
4640,67-79,2020,1305,personer,ssb_07459,ekte
4640,80-89,2020,412,personer,ssb_07459,ekte
4640,90+,2020,119,personer,ssb_07459,ekte
4640,alle,2020,11847,personer,ssb_07459,ekte
4641,0-17,2020,302,personer,ssb_07459,ekte
4641,18-29,2020,283,personer,ssb_07459,ekte
4641,30-49,2020,446,personer,ssb_07459,ekte
4641,50-66,2020,410,personer,ssb_07459,ekte
4641,67-79,2020,228,personer,ssb_07459,ekte
4641,80-89,2020,80,personer,ssb_07459,ekte
4641,90+,2020,32,personer,ssb_07459,ekte
4641,alle,2020,1781,personer,ssb_07459,ekte
4642,0-17,2020,400,personer,ssb_07459,ekte
4642,18-29,2020,282,personer,ssb_07459,ekte
4642,30-49,2020,470,personer,ssb_07459,ekte
4642,50-66,2020,527,personer,ssb_07459,ekte
4642,67-79,2020,322,personer,ssb_07459,ekte
4642,80-89,2020,95,personer,ssb_07459,ekte
4642,90+,2020,30,personer,ssb_07459,ekte
4642,alle,2020,2126,personer,ssb_07459,ekte
4643,0-17,2020,913,personer,ssb_07459,ekte
4643,18-29,2020,732,personer,ssb_07459,ekte
4643,30-49,2020,1157,personer,ssb_07459,ekte
4643,50-66,2020,1306,personer,ssb_07459,ekte
4643,67-79,2020,719,personer,ssb_07459,ekte
4643,80-89,2020,297,personer,ssb_07459,ekte
4643,90+,2020,69,personer,ssb_07459,ekte
4643,alle,2020,5193,personer,ssb_07459,ekte
4644,0-17,2020,1139,personer,ssb_07459,ekte
4644,18-29,2020,701,personer,ssb_07459,ekte
4644,30-49,2020,1214,personer,ssb_07459,ekte
4644,50-66,2020,1149,personer,ssb_07459,ekte
4644,67-79,2020,654,personer,ssb_07459,ekte
4644,80-89,2020,248,personer,ssb_07459,ekte
4644,90+,2020,69,personer,ssb_07459,ekte
4644,alle,2020,5174,personer,ssb_07459,ekte
4645,0-17,2020,613,personer,ssb_07459,ekte
4645,18-29,2020,383,personer,ssb_07459,ekte
4645,30-49,2020,589,personer,ssb_07459,ekte
4645,50-66,2020,718,personer,ssb_07459,ekte
4645,67-79,2020,470,personer,ssb_07459,ekte
4645,80-89,2020,198,personer,ssb_07459,ekte
4645,90+,2020,40,personer,ssb_07459,ekte
4645,alle,2020,3011,personer,ssb_07459,ekte
4646,0-17,2020,660,personer,ssb_07459,ekte
4646,18-29,2020,417,personer,ssb_07459,ekte
4646,30-49,2020,602,personer,ssb_07459,ekte
4646,50-66,2020,550,personer,ssb_07459,ekte
4646,67-79,2020,408,personer,ssb_07459,ekte
4646,80-89,2020,140,personer,ssb_07459,ekte
4646,90+,2020,25,personer,ssb_07459,ekte
4646,alle,2020,2802,personer,ssb_07459,ekte
4647,0-17,2020,5225,personer,ssb_07459,ekte
4647,18-29,2020,3454,personer,ssb_07459,ekte
4647,30-49,2020,5596,personer,ssb_07459,ekte
4647,50-66,2020,4584,personer,ssb_07459,ekte
4647,67-79,2020,2222,personer,ssb_07459,ekte
4647,80-89,2020,739,personer,ssb_07459,ekte
4647,90+,2020,210,personer,ssb_07459,ekte
4647,alle,2020,22030,personer,ssb_07459,ekte
4648,0-17,2020,706,personer,ssb_07459,ekte
4648,18-29,2020,458,personer,ssb_07459,ekte
4648,30-49,2020,796,personer,ssb_07459,ekte
4648,50-66,2020,818,personer,ssb_07459,ekte
4648,67-79,2020,539,personer,ssb_07459,ekte
4648,80-89,2020,240,personer,ssb_07459,ekte
4648,90+,2020,72,personer,ssb_07459,ekte
4648,alle,2020,3629,personer,ssb_07459,ekte
4649,0-17,2020,2014,personer,ssb_07459,ekte
4649,18-29,2020,1385,personer,ssb_07459,ekte
4649,30-49,2020,2113,personer,ssb_07459,ekte
4649,50-66,2020,2168,personer,ssb_07459,ekte
4649,67-79,2020,1195,personer,ssb_07459,ekte
4649,80-89,2020,445,personer,ssb_07459,ekte
4649,90+,2020,137,personer,ssb_07459,ekte
4649,alle,2020,9457,personer,ssb_07459,ekte
4650,0-17,2020,1287,personer,ssb_07459,ekte
4650,18-29,2020,820,personer,ssb_07459,ekte
4650,30-49,2020,1333,personer,ssb_07459,ekte
4650,50-66,2020,1234,personer,ssb_07459,ekte
4650,67-79,2020,821,personer,ssb_07459,ekte
4650,80-89,2020,271,personer,ssb_07459,ekte
4650,90+,2020,88,personer,ssb_07459,ekte
4650,alle,2020,5854,personer,ssb_07459,ekte
4651,0-17,2020,1575,personer,ssb_07459,ekte
4651,18-29,2020,1043,personer,ssb_07459,ekte
4651,30-49,2020,1704,personer,ssb_07459,ekte
4651,50-66,2020,1532,personer,ssb_07459,ekte
4651,67-79,2020,901,personer,ssb_07459,ekte
4651,80-89,2020,293,personer,ssb_07459,ekte
4651,90+,2020,82,personer,ssb_07459,ekte
4651,alle,2020,7130,personer,ssb_07459,ekte
1505,0-17,2020,4703,personer,ssb_07459,ekte
1505,18-29,2020,3504,personer,ssb_07459,ekte
1505,30-49,2020,6253,personer,ssb_07459,ekte
1505,50-66,2020,5408,personer,ssb_07459,ekte
1505,67-79,2020,3236,personer,ssb_07459,ekte
1505,80-89,2020,876,personer,ssb_07459,ekte
1505,90+,2020,199,personer,ssb_07459,ekte
1505,alle,2020,24179,personer,ssb_07459,ekte
1506,0-17,2020,6514,personer,ssb_07459,ekte
1506,18-29,2020,4769,personer,ssb_07459,ekte
1506,30-49,2020,7917,personer,ssb_07459,ekte
1506,50-66,2020,7049,personer,ssb_07459,ekte
1506,67-79,2020,4051,personer,ssb_07459,ekte
1506,80-89,2020,1316,personer,ssb_07459,ekte
1506,90+,2020,351,personer,ssb_07459,ekte
1506,alle,2020,31967,personer,ssb_07459,ekte
1508,alle,2020,0,personer,ssb_07459,ekte
1511,0-17,2020,497,personer,ssb_07459,ekte
1511,18-29,2020,435,personer,ssb_07459,ekte
1511,30-49,2020,604,personer,ssb_07459,ekte
1511,50-66,2020,792,personer,ssb_07459,ekte
1511,67-79,2020,555,personer,ssb_07459,ekte
1511,80-89,2020,177,personer,ssb_07459,ekte
1511,90+,2020,57,personer,ssb_07459,ekte
1511,alle,2020,3117,personer,ssb_07459,ekte
1514,0-17,2020,454,personer,ssb_07459,ekte
1514,18-29,2020,297,personer,ssb_07459,ekte
1514,30-49,2020,614,personer,ssb_07459,ekte
1514,50-66,2020,586,personer,ssb_07459,ekte
1514,67-79,2020,338,personer,ssb_07459,ekte
1514,80-89,2020,133,personer,ssb_07459,ekte
1514,90+,2020,39,personer,ssb_07459,ekte
1514,alle,2020,2461,personer,ssb_07459,ekte
1515,0-17,2020,1891,personer,ssb_07459,ekte
1515,18-29,2020,1164,personer,ssb_07459,ekte
1515,30-49,2020,2269,personer,ssb_07459,ekte
1515,50-66,2020,1969,personer,ssb_07459,ekte
1515,67-79,2020,1117,personer,ssb_07459,ekte
1515,80-89,2020,385,personer,ssb_07459,ekte
1515,90+,2020,105,personer,ssb_07459,ekte
1515,alle,2020,8900,personer,ssb_07459,ekte
1516,0-17,2020,1969,personer,ssb_07459,ekte
1516,18-29,2020,1230,personer,ssb_07459,ekte
1516,30-49,2020,2340,personer,ssb_07459,ekte
1516,50-66,2020,1788,personer,ssb_07459,ekte
1516,67-79,2020,907,personer,ssb_07459,ekte
1516,80-89,2020,274,personer,ssb_07459,ekte
1516,90+,2020,63,personer,ssb_07459,ekte
1516,alle,2020,8571,personer,ssb_07459,ekte
1517,0-17,2020,1168,personer,ssb_07459,ekte
1517,18-29,2020,733,personer,ssb_07459,ekte
1517,30-49,2020,1356,personer,ssb_07459,ekte
1517,50-66,2020,1079,personer,ssb_07459,ekte
1517,67-79,2020,591,personer,ssb_07459,ekte
1517,80-89,2020,189,personer,ssb_07459,ekte
1517,90+,2020,59,personer,ssb_07459,ekte
1517,alle,2020,5175,personer,ssb_07459,ekte
1520,0-17,2020,2406,personer,ssb_07459,ekte
1520,18-29,2020,1587,personer,ssb_07459,ekte
1520,30-49,2020,2623,personer,ssb_07459,ekte
1520,50-66,2020,2300,personer,ssb_07459,ekte
1520,67-79,2020,1303,personer,ssb_07459,ekte
1520,80-89,2020,466,personer,ssb_07459,ekte
1520,90+,2020,140,personer,ssb_07459,ekte
1520,alle,2020,10825,personer,ssb_07459,ekte
1525,0-17,2020,837,personer,ssb_07459,ekte
1525,18-29,2020,628,personer,ssb_07459,ekte
1525,30-49,2020,1149,personer,ssb_07459,ekte
1525,50-66,2020,986,personer,ssb_07459,ekte
1525,67-79,2020,589,personer,ssb_07459,ekte
1525,80-89,2020,261,personer,ssb_07459,ekte
1525,90+,2020,73,personer,ssb_07459,ekte
1525,alle,2020,4523,personer,ssb_07459,ekte
1528,0-17,2020,1617,personer,ssb_07459,ekte
1528,18-29,2020,1064,personer,ssb_07459,ekte
1528,30-49,2020,1884,personer,ssb_07459,ekte
1528,50-66,2020,1711,personer,ssb_07459,ekte
1528,67-79,2020,978,personer,ssb_07459,ekte
1528,80-89,2020,282,personer,ssb_07459,ekte
1528,90+,2020,89,personer,ssb_07459,ekte
1528,alle,2020,7625,personer,ssb_07459,ekte
1531,0-17,2020,2302,personer,ssb_07459,ekte
1531,18-29,2020,1313,personer,ssb_07459,ekte
1531,30-49,2020,2613,personer,ssb_07459,ekte
1531,50-66,2020,1752,personer,ssb_07459,ekte
1531,67-79,2020,911,personer,ssb_07459,ekte
1531,80-89,2020,313,personer,ssb_07459,ekte
1531,90+,2020,106,personer,ssb_07459,ekte
1531,alle,2020,9310,personer,ssb_07459,ekte
1532,0-17,2020,2149,personer,ssb_07459,ekte
1532,18-29,2020,1175,personer,ssb_07459,ekte
1532,30-49,2020,2288,personer,ssb_07459,ekte
1532,50-66,2020,1663,personer,ssb_07459,ekte
1532,67-79,2020,842,personer,ssb_07459,ekte
1532,80-89,2020,271,personer,ssb_07459,ekte
1532,90+,2020,74,personer,ssb_07459,ekte
1532,alle,2020,8462,personer,ssb_07459,ekte
1535,0-17,2020,1291,personer,ssb_07459,ekte
1535,18-29,2020,930,personer,ssb_07459,ekte
1535,30-49,2020,1507,personer,ssb_07459,ekte
1535,50-66,2020,1580,personer,ssb_07459,ekte
1535,67-79,2020,881,personer,ssb_07459,ekte
1535,80-89,2020,276,personer,ssb_07459,ekte
1535,90+,2020,67,personer,ssb_07459,ekte
1535,alle,2020,6532,personer,ssb_07459,ekte
1539,0-17,2020,1542,personer,ssb_07459,ekte
1539,18-29,2020,954,personer,ssb_07459,ekte
1539,30-49,2020,1771,personer,ssb_07459,ekte
1539,50-66,2020,1671,personer,ssb_07459,ekte
1539,67-79,2020,1084,personer,ssb_07459,ekte
1539,80-89,2020,339,personer,ssb_07459,ekte
1539,90+,2020,107,personer,ssb_07459,ekte
1539,alle,2020,7468,personer,ssb_07459,ekte
1547,0-17,2020,792,personer,ssb_07459,ekte
1547,18-29,2020,522,personer,ssb_07459,ekte
1547,30-49,2020,868,personer,ssb_07459,ekte
1547,50-66,2020,677,personer,ssb_07459,ekte
1547,67-79,2020,455,personer,ssb_07459,ekte
1547,80-89,2020,161,personer,ssb_07459,ekte
1547,90+,2020,34,personer,ssb_07459,ekte
1547,alle,2020,3509,personer,ssb_07459,ekte
1554,0-17,2020,1205,personer,ssb_07459,ekte
1554,18-29,2020,730,personer,ssb_07459,ekte
1554,30-49,2020,1420,personer,ssb_07459,ekte
1554,50-66,2020,1359,personer,ssb_07459,ekte
1554,67-79,2020,803,personer,ssb_07459,ekte
1554,80-89,2020,213,personer,ssb_07459,ekte
1554,90+,2020,58,personer,ssb_07459,ekte
1554,alle,2020,5788,personer,ssb_07459,ekte
1557,0-17,2020,553,personer,ssb_07459,ekte
1557,18-29,2020,336,personer,ssb_07459,ekte
1557,30-49,2020,629,personer,ssb_07459,ekte
1557,50-66,2020,575,personer,ssb_07459,ekte
1557,67-79,2020,406,personer,ssb_07459,ekte
1557,80-89,2020,105,personer,ssb_07459,ekte
1557,90+,2020,25,personer,ssb_07459,ekte
1557,alle,2020,2629,personer,ssb_07459,ekte
1560,0-17,2020,576,personer,ssb_07459,ekte
1560,18-29,2020,368,personer,ssb_07459,ekte
1560,30-49,2020,682,personer,ssb_07459,ekte
1560,50-66,2020,720,personer,ssb_07459,ekte
1560,67-79,2020,483,personer,ssb_07459,ekte
1560,80-89,2020,153,personer,ssb_07459,ekte
1560,90+,2020,43,personer,ssb_07459,ekte
1560,alle,2020,3025,personer,ssb_07459,ekte
1563,0-17,2020,1337,personer,ssb_07459,ekte
1563,18-29,2020,1016,personer,ssb_07459,ekte
1563,30-49,2020,1541,personer,ssb_07459,ekte
1563,50-66,2020,1811,personer,ssb_07459,ekte
1563,67-79,2020,912,personer,ssb_07459,ekte
1563,80-89,2020,320,personer,ssb_07459,ekte
1563,90+,2020,99,personer,ssb_07459,ekte
1563,alle,2020,7036,personer,ssb_07459,ekte
1566,0-17,2020,1100,personer,ssb_07459,ekte
1566,18-29,2020,919,personer,ssb_07459,ekte
1566,30-49,2020,1283,personer,ssb_07459,ekte
1566,50-66,2020,1392,personer,ssb_07459,ekte
1566,67-79,2020,885,personer,ssb_07459,ekte
1566,80-89,2020,282,personer,ssb_07459,ekte
1566,90+,2020,59,personer,ssb_07459,ekte
1566,alle,2020,5920,personer,ssb_07459,ekte
1573,0-17,2020,377,personer,ssb_07459,ekte
1573,18-29,2020,305,personer,ssb_07459,ekte
1573,30-49,2020,465,personer,ssb_07459,ekte
1573,50-66,2020,534,personer,ssb_07459,ekte
1573,67-79,2020,327,personer,ssb_07459,ekte
1573,80-89,2020,108,personer,ssb_07459,ekte
1573,90+,2020,34,personer,ssb_07459,ekte
1573,alle,2020,2150,personer,ssb_07459,ekte
1576,0-17,2020,644,personer,ssb_07459,ekte
1576,18-29,2020,439,personer,ssb_07459,ekte
1576,30-49,2020,809,personer,ssb_07459,ekte
1576,50-66,2020,843,personer,ssb_07459,ekte
1576,67-79,2020,551,personer,ssb_07459,ekte
1576,80-89,2020,169,personer,ssb_07459,ekte
1576,90+,2020,52,personer,ssb_07459,ekte
1576,alle,2020,3507,personer,ssb_07459,ekte
1577,0-17,2020,2181,personer,ssb_07459,ekte
1577,18-29,2020,1917,personer,ssb_07459,ekte
1577,30-49,2020,2428,personer,ssb_07459,ekte
1577,50-66,2020,2110,personer,ssb_07459,ekte
1577,67-79,2020,1254,personer,ssb_07459,ekte
1577,80-89,2020,449,personer,ssb_07459,ekte
1577,90+,2020,134,personer,ssb_07459,ekte
1577,alle,2020,10473,personer,ssb_07459,ekte
1578,0-17,2020,498,personer,ssb_07459,ekte
1578,18-29,2020,330,personer,ssb_07459,ekte
1578,30-49,2020,531,personer,ssb_07459,ekte
1578,50-66,2020,626,personer,ssb_07459,ekte
1578,67-79,2020,370,personer,ssb_07459,ekte
1578,80-89,2020,152,personer,ssb_07459,ekte
1578,90+,2020,42,personer,ssb_07459,ekte
1578,alle,2020,2549,personer,ssb_07459,ekte
1579,0-17,2020,2999,personer,ssb_07459,ekte
1579,18-29,2020,1836,personer,ssb_07459,ekte
1579,30-49,2020,3337,personer,ssb_07459,ekte
1579,50-66,2020,2867,personer,ssb_07459,ekte
1579,67-79,2020,1659,personer,ssb_07459,ekte
1579,80-89,2020,463,personer,ssb_07459,ekte
1579,90+,2020,118,personer,ssb_07459,ekte
1579,alle,2020,13279,personer,ssb_07459,ekte
1580,alle,2020,0,personer,ssb_07459,ekte
5001,0-17,2020,40780,personer,ssb_07459,ekte
5001,18-29,2020,41977,personer,ssb_07459,ekte
5001,30-49,2020,57781,personer,ssb_07459,ekte
5001,50-66,2020,38350,personer,ssb_07459,ekte
5001,67-79,2020,19357,personer,ssb_07459,ekte
5001,80-89,2020,5519,personer,ssb_07459,ekte
5001,90+,2020,1399,personer,ssb_07459,ekte
5001,alle,2020,205163,personer,ssb_07459,ekte
5006,0-17,2020,4930,personer,ssb_07459,ekte
5006,18-29,2020,3615,personer,ssb_07459,ekte
5006,30-49,2020,5550,personer,ssb_07459,ekte
5006,50-66,2020,5564,personer,ssb_07459,ekte
5006,67-79,2020,3297,personer,ssb_07459,ekte
5006,80-89,2020,1119,personer,ssb_07459,ekte
5006,90+,2020,282,personer,ssb_07459,ekte
5006,alle,2020,24357,personer,ssb_07459,ekte
5007,0-17,2020,3179,personer,ssb_07459,ekte
5007,18-29,2020,2424,personer,ssb_07459,ekte
5007,30-49,2020,3465,personer,ssb_07459,ekte
5007,50-66,2020,3361,personer,ssb_07459,ekte
5007,67-79,2020,2010,personer,ssb_07459,ekte
5007,80-89,2020,626,personer,ssb_07459,ekte
5007,90+,2020,165,personer,ssb_07459,ekte
5007,alle,2020,15230,personer,ssb_07459,ekte
5014,0-17,2020,1006,personer,ssb_07459,ekte
5014,18-29,2020,845,personer,ssb_07459,ekte
5014,30-49,2020,1484,personer,ssb_07459,ekte
5014,50-66,2020,1065,personer,ssb_07459,ekte
5014,67-79,2020,521,personer,ssb_07459,ekte
5014,80-89,2020,182,personer,ssb_07459,ekte
5014,90+,2020,48,personer,ssb_07459,ekte
5014,alle,2020,5151,personer,ssb_07459,ekte
5020,0-17,2020,155,personer,ssb_07459,ekte
5020,18-29,2020,125,personer,ssb_07459,ekte
5020,30-49,2020,183,personer,ssb_07459,ekte
5020,50-66,2020,236,personer,ssb_07459,ekte
5020,67-79,2020,177,personer,ssb_07459,ekte
5020,80-89,2020,57,personer,ssb_07459,ekte
5020,90+,2020,15,personer,ssb_07459,ekte
5020,alle,2020,948,personer,ssb_07459,ekte
5021,0-17,2020,1437,personer,ssb_07459,ekte
5021,18-29,2020,970,personer,ssb_07459,ekte
5021,30-49,2020,1633,personer,ssb_07459,ekte
5021,50-66,2020,1592,personer,ssb_07459,ekte
5021,67-79,2020,998,personer,ssb_07459,ekte
5021,80-89,2020,303,personer,ssb_07459,ekte
5021,90+,2020,68,personer,ssb_07459,ekte
5021,alle,2020,7001,personer,ssb_07459,ekte
5022,0-17,2020,482,personer,ssb_07459,ekte
5022,18-29,2020,329,personer,ssb_07459,ekte
5022,30-49,2020,503,personer,ssb_07459,ekte
5022,50-66,2020,599,personer,ssb_07459,ekte
5022,67-79,2020,418,personer,ssb_07459,ekte
5022,80-89,2020,124,personer,ssb_07459,ekte
5022,90+,2020,31,personer,ssb_07459,ekte
5022,alle,2020,2486,personer,ssb_07459,ekte
5025,0-17,2020,967,personer,ssb_07459,ekte
5025,18-29,2020,768,personer,ssb_07459,ekte
5025,30-49,2020,1251,personer,ssb_07459,ekte
5025,50-66,2020,1364,personer,ssb_07459,ekte
5025,67-79,2020,912,personer,ssb_07459,ekte
5025,80-89,2020,261,personer,ssb_07459,ekte
5025,90+,2020,58,personer,ssb_07459,ekte
5025,alle,2020,5581,personer,ssb_07459,ekte
5026,0-17,2020,347,personer,ssb_07459,ekte
5026,18-29,2020,277,personer,ssb_07459,ekte
5026,30-49,2020,398,personer,ssb_07459,ekte
5026,50-66,2020,491,personer,ssb_07459,ekte
5026,67-79,2020,338,personer,ssb_07459,ekte
5026,80-89,2020,110,personer,ssb_07459,ekte
5026,90+,2020,20,personer,ssb_07459,ekte
5026,alle,2020,1981,personer,ssb_07459,ekte
5027,0-17,2020,1239,personer,ssb_07459,ekte
5027,18-29,2020,928,personer,ssb_07459,ekte
5027,30-49,2020,1546,personer,ssb_07459,ekte
5027,50-66,2020,1389,personer,ssb_07459,ekte
5027,67-79,2020,785,personer,ssb_07459,ekte
5027,80-89,2020,278,personer,ssb_07459,ekte
5027,90+,2020,73,personer,ssb_07459,ekte
5027,alle,2020,6238,personer,ssb_07459,ekte
5028,0-17,2020,3849,personer,ssb_07459,ekte
5028,18-29,2020,2488,personer,ssb_07459,ekte
5028,30-49,2020,4455,personer,ssb_07459,ekte
5028,50-66,2020,3378,personer,ssb_07459,ekte
5028,67-79,2020,1858,personer,ssb_07459,ekte
5028,80-89,2020,577,personer,ssb_07459,ekte
5028,90+,2020,128,personer,ssb_07459,ekte
5028,alle,2020,16733,personer,ssb_07459,ekte
5029,0-17,2020,2187,personer,ssb_07459,ekte
5029,18-29,2020,1108,personer,ssb_07459,ekte
5029,30-49,2020,2356,personer,ssb_07459,ekte
5029,50-66,2020,1607,personer,ssb_07459,ekte
5029,67-79,2020,780,personer,ssb_07459,ekte
5029,80-89,2020,229,personer,ssb_07459,ekte
5029,90+,2020,58,personer,ssb_07459,ekte
5029,alle,2020,8325,personer,ssb_07459,ekte
5031,0-17,2020,3446,personer,ssb_07459,ekte
5031,18-29,2020,1926,personer,ssb_07459,ekte
5031,30-49,2020,4060,personer,ssb_07459,ekte
5031,50-66,2020,2944,personer,ssb_07459,ekte
5031,67-79,2020,1311,personer,ssb_07459,ekte
5031,80-89,2020,382,personer,ssb_07459,ekte
5031,90+,2020,79,personer,ssb_07459,ekte
5031,alle,2020,14148,personer,ssb_07459,ekte
5032,0-17,2020,803,personer,ssb_07459,ekte
5032,18-29,2020,525,personer,ssb_07459,ekte
5032,30-49,2020,959,personer,ssb_07459,ekte
5032,50-66,2020,945,personer,ssb_07459,ekte
5032,67-79,2020,555,personer,ssb_07459,ekte
5032,80-89,2020,215,personer,ssb_07459,ekte
5032,90+,2020,60,personer,ssb_07459,ekte
5032,alle,2020,4062,personer,ssb_07459,ekte
5033,0-17,2020,124,personer,ssb_07459,ekte
5033,18-29,2020,99,personer,ssb_07459,ekte
5033,30-49,2020,143,personer,ssb_07459,ekte
5033,50-66,2020,216,personer,ssb_07459,ekte
5033,67-79,2020,112,personer,ssb_07459,ekte
5033,80-89,2020,68,personer,ssb_07459,ekte
5033,90+,2020,7,personer,ssb_07459,ekte
5033,alle,2020,769,personer,ssb_07459,ekte
5034,0-17,2020,444,personer,ssb_07459,ekte
5034,18-29,2020,298,personer,ssb_07459,ekte
5034,30-49,2020,562,personer,ssb_07459,ekte
5034,50-66,2020,600,personer,ssb_07459,ekte
5034,67-79,2020,365,personer,ssb_07459,ekte
5034,80-89,2020,107,personer,ssb_07459,ekte
5034,90+,2020,46,personer,ssb_07459,ekte
5034,alle,2020,2422,personer,ssb_07459,ekte
5035,0-17,2020,5365,personer,ssb_07459,ekte
5035,18-29,2020,3626,personer,ssb_07459,ekte
5035,30-49,2020,6097,personer,ssb_07459,ekte
5035,50-66,2020,5117,personer,ssb_07459,ekte
5035,67-79,2020,2917,personer,ssb_07459,ekte
5035,80-89,2020,839,personer,ssb_07459,ekte
5035,90+,2020,184,personer,ssb_07459,ekte
5035,alle,2020,24145,personer,ssb_07459,ekte
5036,0-17,2020,522,personer,ssb_07459,ekte
5036,18-29,2020,370,personer,ssb_07459,ekte
5036,30-49,2020,612,personer,ssb_07459,ekte
5036,50-66,2020,594,personer,ssb_07459,ekte
5036,67-79,2020,359,personer,ssb_07459,ekte
5036,80-89,2020,141,personer,ssb_07459,ekte
5036,90+,2020,29,personer,ssb_07459,ekte
5036,alle,2020,2627,personer,ssb_07459,ekte
5037,0-17,2020,4432,personer,ssb_07459,ekte
5037,18-29,2020,3178,personer,ssb_07459,ekte
5037,30-49,2020,4783,personer,ssb_07459,ekte
5037,50-66,2020,4417,personer,ssb_07459,ekte
5037,67-79,2020,2442,personer,ssb_07459,ekte
5037,80-89,2020,764,personer,ssb_07459,ekte
5037,90+,2020,148,personer,ssb_07459,ekte
5037,alle,2020,20164,personer,ssb_07459,ekte
5038,0-17,2020,3089,personer,ssb_07459,ekte
5038,18-29,2020,2291,personer,ssb_07459,ekte
5038,30-49,2020,3622,personer,ssb_07459,ekte
5038,50-66,2020,3249,personer,ssb_07459,ekte
5038,67-79,2020,2053,personer,ssb_07459,ekte
5038,80-89,2020,517,personer,ssb_07459,ekte
5038,90+,2020,127,personer,ssb_07459,ekte
5038,alle,2020,14948,personer,ssb_07459,ekte
5041,0-17,2020,416,personer,ssb_07459,ekte
5041,18-29,2020,279,personer,ssb_07459,ekte
5041,30-49,2020,411,personer,ssb_07459,ekte
5041,50-66,2020,499,personer,ssb_07459,ekte
5041,67-79,2020,315,personer,ssb_07459,ekte
5041,80-89,2020,120,personer,ssb_07459,ekte
5041,90+,2020,23,personer,ssb_07459,ekte
5041,alle,2020,2063,personer,ssb_07459,ekte
5042,0-17,2020,246,personer,ssb_07459,ekte
5042,18-29,2020,171,personer,ssb_07459,ekte
5042,30-49,2020,295,personer,ssb_07459,ekte
5042,50-66,2020,324,personer,ssb_07459,ekte
5042,67-79,2020,225,personer,ssb_07459,ekte
5042,80-89,2020,78,personer,ssb_07459,ekte
5042,90+,2020,16,personer,ssb_07459,ekte
5042,alle,2020,1355,personer,ssb_07459,ekte
5043,0-17,2020,96,personer,ssb_07459,ekte
5043,18-29,2020,46,personer,ssb_07459,ekte
5043,30-49,2020,91,personer,ssb_07459,ekte
5043,50-66,2020,110,personer,ssb_07459,ekte
5043,67-79,2020,86,personer,ssb_07459,ekte
5043,80-89,2020,20,personer,ssb_07459,ekte
5043,90+,2020,12,personer,ssb_07459,ekte
5043,alle,2020,461,personer,ssb_07459,ekte
5044,0-17,2020,145,personer,ssb_07459,ekte
5044,18-29,2020,105,personer,ssb_07459,ekte
5044,30-49,2020,164,personer,ssb_07459,ekte
5044,50-66,2020,214,personer,ssb_07459,ekte
5044,67-79,2020,137,personer,ssb_07459,ekte
5044,80-89,2020,67,personer,ssb_07459,ekte
5044,90+,2020,11,personer,ssb_07459,ekte
5044,alle,2020,843,personer,ssb_07459,ekte
5045,0-17,2020,463,personer,ssb_07459,ekte
5045,18-29,2020,329,personer,ssb_07459,ekte
5045,30-49,2020,497,personer,ssb_07459,ekte
5045,50-66,2020,565,personer,ssb_07459,ekte
5045,67-79,2020,322,personer,ssb_07459,ekte
5045,80-89,2020,146,personer,ssb_07459,ekte
5045,90+,2020,37,personer,ssb_07459,ekte
5045,alle,2020,2359,personer,ssb_07459,ekte
5046,0-17,2020,277,personer,ssb_07459,ekte
5046,18-29,2020,150,personer,ssb_07459,ekte
5046,30-49,2020,269,personer,ssb_07459,ekte
5046,50-66,2020,248,personer,ssb_07459,ekte
5046,67-79,2020,199,personer,ssb_07459,ekte
5046,80-89,2020,78,personer,ssb_07459,ekte
5046,90+,2020,10,personer,ssb_07459,ekte
5046,alle,2020,1231,personer,ssb_07459,ekte
5047,0-17,2020,927,personer,ssb_07459,ekte
5047,18-29,2020,572,personer,ssb_07459,ekte
5047,30-49,2020,930,personer,ssb_07459,ekte
5047,50-66,2020,819,personer,ssb_07459,ekte
5047,67-79,2020,444,personer,ssb_07459,ekte
5047,80-89,2020,163,personer,ssb_07459,ekte
5047,90+,2020,29,personer,ssb_07459,ekte
5047,alle,2020,3884,personer,ssb_07459,ekte
5049,0-17,2020,174,personer,ssb_07459,ekte
5049,18-29,2020,166,personer,ssb_07459,ekte
5049,30-49,2020,212,personer,ssb_07459,ekte
5049,50-66,2020,312,personer,ssb_07459,ekte
5049,67-79,2020,178,personer,ssb_07459,ekte
5049,80-89,2020,51,personer,ssb_07459,ekte
5049,90+,2020,10,personer,ssb_07459,ekte
5049,alle,2020,1103,personer,ssb_07459,ekte
5052,0-17,2020,91,personer,ssb_07459,ekte
5052,18-29,2020,71,personer,ssb_07459,ekte
5052,30-49,2020,95,personer,ssb_07459,ekte
5052,50-66,2020,147,personer,ssb_07459,ekte
5052,67-79,2020,106,personer,ssb_07459,ekte
5052,80-89,2020,36,personer,ssb_07459,ekte
5052,90+,2020,11,personer,ssb_07459,ekte
5052,alle,2020,557,personer,ssb_07459,ekte
5053,0-17,2020,1496,personer,ssb_07459,ekte
5053,18-29,2020,952,personer,ssb_07459,ekte
5053,30-49,2020,1534,personer,ssb_07459,ekte
5053,50-66,2020,1536,personer,ssb_07459,ekte
5053,67-79,2020,966,personer,ssb_07459,ekte
5053,80-89,2020,268,personer,ssb_07459,ekte
5053,90+,2020,64,personer,ssb_07459,ekte
5053,alle,2020,6816,personer,ssb_07459,ekte
5054,0-17,2020,2107,personer,ssb_07459,ekte
5054,18-29,2020,1298,personer,ssb_07459,ekte
5054,30-49,2020,2357,personer,ssb_07459,ekte
5054,50-66,2020,2290,personer,ssb_07459,ekte
5054,67-79,2020,1464,personer,ssb_07459,ekte
5054,80-89,2020,464,personer,ssb_07459,ekte
5054,90+,2020,104,personer,ssb_07459,ekte
5054,alle,2020,10084,personer,ssb_07459,ekte
5055,0-17,2020,1143,personer,ssb_07459,ekte
5055,18-29,2020,862,personer,ssb_07459,ekte
5055,30-49,2020,1271,personer,ssb_07459,ekte
5055,50-66,2020,1414,personer,ssb_07459,ekte
5055,67-79,2020,919,personer,ssb_07459,ekte
5055,80-89,2020,292,personer,ssb_07459,ekte
5055,90+,2020,62,personer,ssb_07459,ekte
5055,alle,2020,5963,personer,ssb_07459,ekte
5056,0-17,2020,924,personer,ssb_07459,ekte
5056,18-29,2020,768,personer,ssb_07459,ekte
5056,30-49,2020,1327,personer,ssb_07459,ekte
5056,50-66,2020,1090,personer,ssb_07459,ekte
5056,67-79,2020,686,personer,ssb_07459,ekte
5056,80-89,2020,217,personer,ssb_07459,ekte
5056,90+,2020,38,personer,ssb_07459,ekte
5056,alle,2020,5050,personer,ssb_07459,ekte
5057,0-17,2020,2117,personer,ssb_07459,ekte
5057,18-29,2020,1570,personer,ssb_07459,ekte
5057,30-49,2020,2367,personer,ssb_07459,ekte
5057,50-66,2020,2365,personer,ssb_07459,ekte
5057,67-79,2020,1342,personer,ssb_07459,ekte
5057,80-89,2020,468,personer,ssb_07459,ekte
5057,90+,2020,94,personer,ssb_07459,ekte
5057,alle,2020,10323,personer,ssb_07459,ekte
5058,0-17,2020,800,personer,ssb_07459,ekte
5058,18-29,2020,654,personer,ssb_07459,ekte
5058,30-49,2020,838,personer,ssb_07459,ekte
5058,50-66,2020,1054,personer,ssb_07459,ekte
5058,67-79,2020,648,personer,ssb_07459,ekte
5058,80-89,2020,238,personer,ssb_07459,ekte
5058,90+,2020,56,personer,ssb_07459,ekte
5058,alle,2020,4288,personer,ssb_07459,ekte
5059,0-17,2020,3751,personer,ssb_07459,ekte
5059,18-29,2020,2502,personer,ssb_07459,ekte
5059,30-49,2020,4356,personer,ssb_07459,ekte
5059,50-66,2020,4174,personer,ssb_07459,ekte
5059,67-79,2020,2436,personer,ssb_07459,ekte
5059,80-89,2020,789,personer,ssb_07459,ekte
5059,90+,2020,209,personer,ssb_07459,ekte
5059,alle,2020,18217,personer,ssb_07459,ekte
5060,0-17,2020,2084,personer,ssb_07459,ekte
5060,18-29,2020,1478,personer,ssb_07459,ekte
5060,30-49,2020,2332,personer,ssb_07459,ekte
5060,50-66,2020,2087,personer,ssb_07459,ekte
5060,67-79,2020,1150,personer,ssb_07459,ekte
5060,80-89,2020,401,personer,ssb_07459,ekte
5060,90+,2020,91,personer,ssb_07459,ekte
5060,alle,2020,9623,personer,ssb_07459,ekte
5061,0-17,2020,391,personer,ssb_07459,ekte
5061,18-29,2020,294,personer,ssb_07459,ekte
5061,30-49,2020,441,personer,ssb_07459,ekte
5061,50-66,2020,426,personer,ssb_07459,ekte
5061,67-79,2020,310,personer,ssb_07459,ekte
5061,80-89,2020,116,personer,ssb_07459,ekte
5061,90+,2020,25,personer,ssb_07459,ekte
5061,alle,2020,2003,personer,ssb_07459,ekte
1804,0-17,2020,10780,personer,ssb_07459,ekte
1804,18-29,2020,9070,personer,ssb_07459,ekte
1804,30-49,2020,14072,personer,ssb_07459,ekte
1804,50-66,2020,11017,personer,ssb_07459,ekte
1804,67-79,2020,5431,personer,ssb_07459,ekte
1804,80-89,2020,1656,personer,ssb_07459,ekte
1804,90+,2020,331,personer,ssb_07459,ekte
1804,alle,2020,52357,personer,ssb_07459,ekte
1806,0-17,2020,4180,personer,ssb_07459,ekte
1806,18-29,2020,3326,personer,ssb_07459,ekte
1806,30-49,2020,5075,personer,ssb_07459,ekte
1806,50-66,2020,5197,personer,ssb_07459,ekte
1806,67-79,2020,2828,personer,ssb_07459,ekte
1806,80-89,2020,997,personer,ssb_07459,ekte
1806,90+,2020,242,personer,ssb_07459,ekte
1806,alle,2020,21845,personer,ssb_07459,ekte
1811,0-17,2020,271,personer,ssb_07459,ekte
1811,18-29,2020,162,personer,ssb_07459,ekte
1811,30-49,2020,269,personer,ssb_07459,ekte
1811,50-66,2020,357,personer,ssb_07459,ekte
1811,67-79,2020,268,personer,ssb_07459,ekte
1811,80-89,2020,79,personer,ssb_07459,ekte
1811,90+,2020,20,personer,ssb_07459,ekte
1811,alle,2020,1426,personer,ssb_07459,ekte
1812,0-17,2020,388,personer,ssb_07459,ekte
1812,18-29,2020,264,personer,ssb_07459,ekte
1812,30-49,2020,440,personer,ssb_07459,ekte
1812,50-66,2020,476,personer,ssb_07459,ekte
1812,67-79,2020,287,personer,ssb_07459,ekte
1812,80-89,2020,100,personer,ssb_07459,ekte
1812,90+,2020,20,personer,ssb_07459,ekte
1812,alle,2020,1975,personer,ssb_07459,ekte
1813,0-17,2020,1670,personer,ssb_07459,ekte
1813,18-29,2020,1160,personer,ssb_07459,ekte
1813,30-49,2020,1901,personer,ssb_07459,ekte
1813,50-66,2020,1866,personer,ssb_07459,ekte
1813,67-79,2020,941,personer,ssb_07459,ekte
1813,80-89,2020,319,personer,ssb_07459,ekte
1813,90+,2020,60,personer,ssb_07459,ekte
1813,alle,2020,7917,personer,ssb_07459,ekte
1815,0-17,2020,213,personer,ssb_07459,ekte
1815,18-29,2020,157,personer,ssb_07459,ekte
1815,30-49,2020,240,personer,ssb_07459,ekte
1815,50-66,2020,307,personer,ssb_07459,ekte
1815,67-79,2020,198,personer,ssb_07459,ekte
1815,80-89,2020,63,personer,ssb_07459,ekte
1815,90+,2020,22,personer,ssb_07459,ekte
1815,alle,2020,1200,personer,ssb_07459,ekte
1816,0-17,2020,78,personer,ssb_07459,ekte
1816,18-29,2020,57,personer,ssb_07459,ekte
1816,30-49,2020,93,personer,ssb_07459,ekte
1816,50-66,2020,117,personer,ssb_07459,ekte
1816,67-79,2020,90,personer,ssb_07459,ekte
1816,80-89,2020,23,personer,ssb_07459,ekte
1816,90+,2020,4,personer,ssb_07459,ekte
1816,alle,2020,462,personer,ssb_07459,ekte
1818,0-17,2020,363,personer,ssb_07459,ekte
1818,18-29,2020,218,personer,ssb_07459,ekte
1818,30-49,2020,408,personer,ssb_07459,ekte
1818,50-66,2020,431,personer,ssb_07459,ekte
1818,67-79,2020,274,personer,ssb_07459,ekte
1818,80-89,2020,66,personer,ssb_07459,ekte
1818,90+,2020,17,personer,ssb_07459,ekte
1818,alle,2020,1777,personer,ssb_07459,ekte
1820,0-17,2020,1472,personer,ssb_07459,ekte
1820,18-29,2020,1125,personer,ssb_07459,ekte
1820,30-49,2020,1749,personer,ssb_07459,ekte
1820,50-66,2020,1740,personer,ssb_07459,ekte
1820,67-79,2020,1013,personer,ssb_07459,ekte
1820,80-89,2020,291,personer,ssb_07459,ekte
1820,90+,2020,57,personer,ssb_07459,ekte
1820,alle,2020,7447,personer,ssb_07459,ekte
1822,0-17,2020,514,personer,ssb_07459,ekte
1822,18-29,2020,290,personer,ssb_07459,ekte
1822,30-49,2020,549,personer,ssb_07459,ekte
1822,50-66,2020,541,personer,ssb_07459,ekte
1822,67-79,2020,280,personer,ssb_07459,ekte
1822,80-89,2020,87,personer,ssb_07459,ekte
1822,90+,2020,33,personer,ssb_07459,ekte
1822,alle,2020,2294,personer,ssb_07459,ekte
1824,0-17,2020,2550,personer,ssb_07459,ekte
1824,18-29,2020,1961,personer,ssb_07459,ekte
1824,30-49,2020,3096,personer,ssb_07459,ekte
1824,50-66,2020,3114,personer,ssb_07459,ekte
1824,67-79,2020,1766,personer,ssb_07459,ekte
1824,80-89,2020,639,personer,ssb_07459,ekte
1824,90+,2020,152,personer,ssb_07459,ekte
1824,alle,2020,13278,personer,ssb_07459,ekte
1825,0-17,2020,277,personer,ssb_07459,ekte
1825,18-29,2020,209,personer,ssb_07459,ekte
1825,30-49,2020,314,personer,ssb_07459,ekte
1825,50-66,2020,346,personer,ssb_07459,ekte
1825,67-79,2020,229,personer,ssb_07459,ekte
1825,80-89,2020,89,personer,ssb_07459,ekte
1825,90+,2020,18,personer,ssb_07459,ekte
1825,alle,2020,1482,personer,ssb_07459,ekte
1826,0-17,2020,226,personer,ssb_07459,ekte
1826,18-29,2020,173,personer,ssb_07459,ekte
1826,30-49,2020,267,personer,ssb_07459,ekte
1826,50-66,2020,300,personer,ssb_07459,ekte
1826,67-79,2020,237,personer,ssb_07459,ekte
1826,80-89,2020,77,personer,ssb_07459,ekte
1826,90+,2020,17,personer,ssb_07459,ekte
1826,alle,2020,1297,personer,ssb_07459,ekte
1827,0-17,2020,262,personer,ssb_07459,ekte
1827,18-29,2020,180,personer,ssb_07459,ekte
1827,30-49,2020,278,personer,ssb_07459,ekte
1827,50-66,2020,343,personer,ssb_07459,ekte
1827,67-79,2020,228,personer,ssb_07459,ekte
1827,80-89,2020,64,personer,ssb_07459,ekte
1827,90+,2020,16,personer,ssb_07459,ekte
1827,alle,2020,1371,personer,ssb_07459,ekte
1828,0-17,2020,349,personer,ssb_07459,ekte
1828,18-29,2020,276,personer,ssb_07459,ekte
1828,30-49,2020,415,personer,ssb_07459,ekte
1828,50-66,2020,409,personer,ssb_07459,ekte
1828,67-79,2020,217,personer,ssb_07459,ekte
1828,80-89,2020,78,personer,ssb_07459,ekte
1828,90+,2020,17,personer,ssb_07459,ekte
1828,alle,2020,1761,personer,ssb_07459,ekte
1832,0-17,2020,859,personer,ssb_07459,ekte
1832,18-29,2020,625,personer,ssb_07459,ekte
1832,30-49,2020,985,personer,ssb_07459,ekte
1832,50-66,2020,1018,personer,ssb_07459,ekte
1832,67-79,2020,665,personer,ssb_07459,ekte
1832,80-89,2020,238,personer,ssb_07459,ekte
1832,90+,2020,64,personer,ssb_07459,ekte
1832,alle,2020,4454,personer,ssb_07459,ekte
1833,0-17,2020,5195,personer,ssb_07459,ekte
1833,18-29,2020,4080,personer,ssb_07459,ekte
1833,30-49,2020,6222,personer,ssb_07459,ekte
1833,50-66,2020,6118,personer,ssb_07459,ekte
1833,67-79,2020,3204,personer,ssb_07459,ekte
1833,80-89,2020,1097,personer,ssb_07459,ekte
1833,90+,2020,268,personer,ssb_07459,ekte
1833,alle,2020,26184,personer,ssb_07459,ekte
1834,0-17,2020,356,personer,ssb_07459,ekte
1834,18-29,2020,252,personer,ssb_07459,ekte
1834,30-49,2020,424,personer,ssb_07459,ekte
1834,50-66,2020,444,personer,ssb_07459,ekte
1834,67-79,2020,287,personer,ssb_07459,ekte
1834,80-89,2020,107,personer,ssb_07459,ekte
1834,90+,2020,20,personer,ssb_07459,ekte
1834,alle,2020,1890,personer,ssb_07459,ekte
1835,0-17,2020,74,personer,ssb_07459,ekte
1835,18-29,2020,66,personer,ssb_07459,ekte
1835,30-49,2020,117,personer,ssb_07459,ekte
1835,50-66,2020,103,personer,ssb_07459,ekte
1835,67-79,2020,55,personer,ssb_07459,ekte
1835,80-89,2020,15,personer,ssb_07459,ekte
1835,90+,2020,5,personer,ssb_07459,ekte
1835,alle,2020,435,personer,ssb_07459,ekte
1836,0-17,2020,251,personer,ssb_07459,ekte
1836,18-29,2020,194,personer,ssb_07459,ekte
1836,30-49,2020,244,personer,ssb_07459,ekte
1836,50-66,2020,279,personer,ssb_07459,ekte
1836,67-79,2020,177,personer,ssb_07459,ekte
1836,80-89,2020,60,personer,ssb_07459,ekte
1836,90+,2020,8,personer,ssb_07459,ekte
1836,alle,2020,1213,personer,ssb_07459,ekte
1837,0-17,2020,1283,personer,ssb_07459,ekte
1837,18-29,2020,912,personer,ssb_07459,ekte
1837,30-49,2020,1408,personer,ssb_07459,ekte
1837,50-66,2020,1458,personer,ssb_07459,ekte
1837,67-79,2020,854,personer,ssb_07459,ekte
1837,80-89,2020,283,personer,ssb_07459,ekte
1837,90+,2020,90,personer,ssb_07459,ekte
1837,alle,2020,6288,personer,ssb_07459,ekte
1838,0-17,2020,338,personer,ssb_07459,ekte
1838,18-29,2020,227,personer,ssb_07459,ekte
1838,30-49,2020,441,personer,ssb_07459,ekte
1838,50-66,2020,487,personer,ssb_07459,ekte
1838,67-79,2020,320,personer,ssb_07459,ekte
1838,80-89,2020,109,personer,ssb_07459,ekte
1838,90+,2020,28,personer,ssb_07459,ekte
1838,alle,2020,1950,personer,ssb_07459,ekte
1839,0-17,2020,154,personer,ssb_07459,ekte
1839,18-29,2020,114,personer,ssb_07459,ekte
1839,30-49,2020,198,personer,ssb_07459,ekte
1839,50-66,2020,269,personer,ssb_07459,ekte
1839,67-79,2020,192,personer,ssb_07459,ekte
1839,80-89,2020,75,personer,ssb_07459,ekte
1839,90+,2020,15,personer,ssb_07459,ekte
1839,alle,2020,1017,personer,ssb_07459,ekte
1840,0-17,2020,918,personer,ssb_07459,ekte
1840,18-29,2020,582,personer,ssb_07459,ekte
1840,30-49,2020,1038,personer,ssb_07459,ekte
1840,50-66,2020,1138,personer,ssb_07459,ekte
1840,67-79,2020,741,personer,ssb_07459,ekte
1840,80-89,2020,203,personer,ssb_07459,ekte
1840,90+,2020,51,personer,ssb_07459,ekte
1840,alle,2020,4671,personer,ssb_07459,ekte
1841,0-17,2020,1823,personer,ssb_07459,ekte
1841,18-29,2020,1434,personer,ssb_07459,ekte
1841,30-49,2020,2307,personer,ssb_07459,ekte
1841,50-66,2020,2283,personer,ssb_07459,ekte
1841,67-79,2020,1389,personer,ssb_07459,ekte
1841,80-89,2020,402,personer,ssb_07459,ekte
1841,90+,2020,101,personer,ssb_07459,ekte
1841,alle,2020,9739,personer,ssb_07459,ekte
1845,0-17,2020,363,personer,ssb_07459,ekte
1845,18-29,2020,224,personer,ssb_07459,ekte
1845,30-49,2020,418,personer,ssb_07459,ekte
1845,50-66,2020,455,personer,ssb_07459,ekte
1845,67-79,2020,343,personer,ssb_07459,ekte
1845,80-89,2020,96,personer,ssb_07459,ekte
1845,90+,2020,27,personer,ssb_07459,ekte
1845,alle,2020,1926,personer,ssb_07459,ekte
1848,0-17,2020,465,personer,ssb_07459,ekte
1848,18-29,2020,335,personer,ssb_07459,ekte
1848,30-49,2020,583,personer,ssb_07459,ekte
1848,50-66,2020,609,personer,ssb_07459,ekte
1848,67-79,2020,451,personer,ssb_07459,ekte
1848,80-89,2020,128,personer,ssb_07459,ekte
1848,90+,2020,37,personer,ssb_07459,ekte
1848,alle,2020,2608,personer,ssb_07459,ekte
1851,0-17,2020,319,personer,ssb_07459,ekte
1851,18-29,2020,245,personer,ssb_07459,ekte
1851,30-49,2020,403,personer,ssb_07459,ekte
1851,50-66,2020,552,personer,ssb_07459,ekte
1851,67-79,2020,358,personer,ssb_07459,ekte
1851,80-89,2020,124,personer,ssb_07459,ekte
1851,90+,2020,33,personer,ssb_07459,ekte
1851,alle,2020,2034,personer,ssb_07459,ekte
1853,0-17,2020,226,personer,ssb_07459,ekte
1853,18-29,2020,174,personer,ssb_07459,ekte
1853,30-49,2020,261,personer,ssb_07459,ekte
1853,50-66,2020,336,personer,ssb_07459,ekte
1853,67-79,2020,264,personer,ssb_07459,ekte
1853,80-89,2020,66,personer,ssb_07459,ekte
1853,90+,2020,21,personer,ssb_07459,ekte
1853,alle,2020,1348,personer,ssb_07459,ekte
1856,0-17,2020,76,personer,ssb_07459,ekte
1856,18-29,2020,69,personer,ssb_07459,ekte
1856,30-49,2020,112,personer,ssb_07459,ekte
1856,50-66,2020,142,personer,ssb_07459,ekte
1856,67-79,2020,61,personer,ssb_07459,ekte
1856,80-89,2020,31,personer,ssb_07459,ekte
1856,90+,2020,7,personer,ssb_07459,ekte
1856,alle,2020,498,personer,ssb_07459,ekte
1857,0-17,2020,134,personer,ssb_07459,ekte
1857,18-29,2020,89,personer,ssb_07459,ekte
1857,30-49,2020,189,personer,ssb_07459,ekte
1857,50-66,2020,167,personer,ssb_07459,ekte
1857,67-79,2020,101,personer,ssb_07459,ekte
1857,80-89,2020,41,personer,ssb_07459,ekte
1857,90+,2020,7,personer,ssb_07459,ekte
1857,alle,2020,728,personer,ssb_07459,ekte
1859,0-17,2020,210,personer,ssb_07459,ekte
1859,18-29,2020,179,personer,ssb_07459,ekte
1859,30-49,2020,261,personer,ssb_07459,ekte
1859,50-66,2020,322,personer,ssb_07459,ekte
1859,67-79,2020,190,personer,ssb_07459,ekte
1859,80-89,2020,95,personer,ssb_07459,ekte
1859,90+,2020,15,personer,ssb_07459,ekte
1859,alle,2020,1272,personer,ssb_07459,ekte
1860,0-17,2020,2463,personer,ssb_07459,ekte
1860,18-29,2020,1757,personer,ssb_07459,ekte
1860,30-49,2020,2681,personer,ssb_07459,ekte
1860,50-66,2020,2521,personer,ssb_07459,ekte
1860,67-79,2020,1432,personer,ssb_07459,ekte
1860,80-89,2020,466,personer,ssb_07459,ekte
1860,90+,2020,113,personer,ssb_07459,ekte
1860,alle,2020,11433,personer,ssb_07459,ekte
1865,0-17,2020,1947,personer,ssb_07459,ekte
1865,18-29,2020,1355,personer,ssb_07459,ekte
1865,30-49,2020,2501,personer,ssb_07459,ekte
1865,50-66,2020,2131,personer,ssb_07459,ekte
1865,67-79,2020,1256,personer,ssb_07459,ekte
1865,80-89,2020,331,personer,ssb_07459,ekte
1865,90+,2020,87,personer,ssb_07459,ekte
1865,alle,2020,9608,personer,ssb_07459,ekte
1866,0-17,2020,1535,personer,ssb_07459,ekte
1866,18-29,2020,1179,personer,ssb_07459,ekte
1866,30-49,2020,1881,personer,ssb_07459,ekte
1866,50-66,2020,1845,personer,ssb_07459,ekte
1866,67-79,2020,1192,personer,ssb_07459,ekte
1866,80-89,2020,349,personer,ssb_07459,ekte
1866,90+,2020,80,personer,ssb_07459,ekte
1866,alle,2020,8061,personer,ssb_07459,ekte
1867,0-17,2020,403,personer,ssb_07459,ekte
1867,18-29,2020,333,personer,ssb_07459,ekte
1867,30-49,2020,476,personer,ssb_07459,ekte
1867,50-66,2020,686,personer,ssb_07459,ekte
1867,67-79,2020,441,personer,ssb_07459,ekte
1867,80-89,2020,187,personer,ssb_07459,ekte
1867,90+,2020,43,personer,ssb_07459,ekte
1867,alle,2020,2569,personer,ssb_07459,ekte
1868,0-17,2020,816,personer,ssb_07459,ekte
1868,18-29,2020,616,personer,ssb_07459,ekte
1868,30-49,2020,1076,personer,ssb_07459,ekte
1868,50-66,2020,1078,personer,ssb_07459,ekte
1868,67-79,2020,569,personer,ssb_07459,ekte
1868,80-89,2020,215,personer,ssb_07459,ekte
1868,90+,2020,40,personer,ssb_07459,ekte
1868,alle,2020,4410,personer,ssb_07459,ekte
1870,0-17,2020,2230,personer,ssb_07459,ekte
1870,18-29,2020,1748,personer,ssb_07459,ekte
1870,30-49,2020,2559,personer,ssb_07459,ekte
1870,50-66,2020,2319,personer,ssb_07459,ekte
1870,67-79,2020,1271,personer,ssb_07459,ekte
1870,80-89,2020,341,personer,ssb_07459,ekte
1870,90+,2020,98,personer,ssb_07459,ekte
1870,alle,2020,10566,personer,ssb_07459,ekte
1871,0-17,2020,800,personer,ssb_07459,ekte
1871,18-29,2020,686,personer,ssb_07459,ekte
1871,30-49,2020,945,personer,ssb_07459,ekte
1871,50-66,2020,1135,personer,ssb_07459,ekte
1871,67-79,2020,771,personer,ssb_07459,ekte
1871,80-89,2020,265,personer,ssb_07459,ekte
1871,90+,2020,61,personer,ssb_07459,ekte
1871,alle,2020,4663,personer,ssb_07459,ekte
1874,0-17,2020,142,personer,ssb_07459,ekte
1874,18-29,2020,124,personer,ssb_07459,ekte
1874,30-49,2020,274,personer,ssb_07459,ekte
1874,50-66,2020,239,personer,ssb_07459,ekte
1874,67-79,2020,148,personer,ssb_07459,ekte
1874,80-89,2020,76,personer,ssb_07459,ekte
1874,90+,2020,12,personer,ssb_07459,ekte
1874,alle,2020,1015,personer,ssb_07459,ekte
1875,0-17,2020,479,personer,ssb_07459,ekte
1875,18-29,2020,364,personer,ssb_07459,ekte
1875,30-49,2020,596,personer,ssb_07459,ekte
1875,50-66,2020,669,personer,ssb_07459,ekte
1875,67-79,2020,493,personer,ssb_07459,ekte
1875,80-89,2020,125,personer,ssb_07459,ekte
1875,90+,2020,40,personer,ssb_07459,ekte
1875,alle,2020,2766,personer,ssb_07459,ekte
5501,alle,2020,0,personer,ssb_07459,ekte
5503,alle,2020,0,personer,ssb_07459,ekte
5510,alle,2020,0,personer,ssb_07459,ekte
5512,alle,2020,0,personer,ssb_07459,ekte
5514,alle,2020,0,personer,ssb_07459,ekte
5516,alle,2020,0,personer,ssb_07459,ekte
5518,alle,2020,0,personer,ssb_07459,ekte
5520,alle,2020,0,personer,ssb_07459,ekte
5522,alle,2020,0,personer,ssb_07459,ekte
5524,alle,2020,0,personer,ssb_07459,ekte
5526,alle,2020,0,personer,ssb_07459,ekte
5528,alle,2020,0,personer,ssb_07459,ekte
5530,alle,2020,0,personer,ssb_07459,ekte
5532,alle,2020,0,personer,ssb_07459,ekte
5534,alle,2020,0,personer,ssb_07459,ekte
5536,alle,2020,0,personer,ssb_07459,ekte
5538,alle,2020,0,personer,ssb_07459,ekte
5540,alle,2020,0,personer,ssb_07459,ekte
5542,alle,2020,0,personer,ssb_07459,ekte
5544,alle,2020,0,personer,ssb_07459,ekte
5546,alle,2020,0,personer,ssb_07459,ekte
5601,alle,2020,0,personer,ssb_07459,ekte
5603,alle,2020,0,personer,ssb_07459,ekte
5605,alle,2020,0,personer,ssb_07459,ekte
5607,alle,2020,0,personer,ssb_07459,ekte
5610,alle,2020,0,personer,ssb_07459,ekte
5612,alle,2020,0,personer,ssb_07459,ekte
5614,alle,2020,0,personer,ssb_07459,ekte
5616,alle,2020,0,personer,ssb_07459,ekte
5618,alle,2020,0,personer,ssb_07459,ekte
5620,alle,2020,0,personer,ssb_07459,ekte
5622,alle,2020,0,personer,ssb_07459,ekte
5624,alle,2020,0,personer,ssb_07459,ekte
5626,alle,2020,0,personer,ssb_07459,ekte
5628,alle,2020,0,personer,ssb_07459,ekte
5630,alle,2020,0,personer,ssb_07459,ekte
5632,alle,2020,0,personer,ssb_07459,ekte
5634,alle,2020,0,personer,ssb_07459,ekte
5636,alle,2020,0,personer,ssb_07459,ekte
3101,alle,2021,0,personer,ssb_07459,ekte
3103,alle,2021,0,personer,ssb_07459,ekte
3105,alle,2021,0,personer,ssb_07459,ekte
3107,alle,2021,0,personer,ssb_07459,ekte
3110,alle,2021,0,personer,ssb_07459,ekte
3112,alle,2021,0,personer,ssb_07459,ekte
3114,alle,2021,0,personer,ssb_07459,ekte
3116,alle,2021,0,personer,ssb_07459,ekte
3118,alle,2021,0,personer,ssb_07459,ekte
3120,alle,2021,0,personer,ssb_07459,ekte
3122,alle,2021,0,personer,ssb_07459,ekte
3124,alle,2021,0,personer,ssb_07459,ekte
3201,alle,2021,0,personer,ssb_07459,ekte
3203,alle,2021,0,personer,ssb_07459,ekte
3205,alle,2021,0,personer,ssb_07459,ekte
3207,alle,2021,0,personer,ssb_07459,ekte
3209,alle,2021,0,personer,ssb_07459,ekte
3212,alle,2021,0,personer,ssb_07459,ekte
3214,alle,2021,0,personer,ssb_07459,ekte
3216,alle,2021,0,personer,ssb_07459,ekte
3218,alle,2021,0,personer,ssb_07459,ekte
3220,alle,2021,0,personer,ssb_07459,ekte
3222,alle,2021,0,personer,ssb_07459,ekte
3224,alle,2021,0,personer,ssb_07459,ekte
3226,alle,2021,0,personer,ssb_07459,ekte
3228,alle,2021,0,personer,ssb_07459,ekte
3230,alle,2021,0,personer,ssb_07459,ekte
3232,alle,2021,0,personer,ssb_07459,ekte
3234,alle,2021,0,personer,ssb_07459,ekte
3236,alle,2021,0,personer,ssb_07459,ekte
3238,alle,2021,0,personer,ssb_07459,ekte
3240,alle,2021,0,personer,ssb_07459,ekte
3242,alle,2021,0,personer,ssb_07459,ekte
0301,0-17,2021,132810,personer,ssb_07459,ekte
0301,18-29,2021,133360,personer,ssb_07459,ekte
0301,30-49,2021,231091,personer,ssb_07459,ekte
0301,50-66,2021,121770,personer,ssb_07459,ekte
0301,67-79,2021,56266,personer,ssb_07459,ekte
0301,80-89,2021,16789,personer,ssb_07459,ekte
0301,90+,2021,4924,personer,ssb_07459,ekte
0301,alle,2021,697010,personer,ssb_07459,ekte
3301,alle,2021,0,personer,ssb_07459,ekte
3303,alle,2021,0,personer,ssb_07459,ekte
3305,alle,2021,0,personer,ssb_07459,ekte
3310,alle,2021,0,personer,ssb_07459,ekte
3312,alle,2021,0,personer,ssb_07459,ekte
3314,alle,2021,0,personer,ssb_07459,ekte
3316,alle,2021,0,personer,ssb_07459,ekte
3318,alle,2021,0,personer,ssb_07459,ekte
3320,alle,2021,0,personer,ssb_07459,ekte
3322,alle,2021,0,personer,ssb_07459,ekte
3324,alle,2021,0,personer,ssb_07459,ekte
3326,alle,2021,0,personer,ssb_07459,ekte
3328,alle,2021,0,personer,ssb_07459,ekte
3330,alle,2021,0,personer,ssb_07459,ekte
3332,alle,2021,0,personer,ssb_07459,ekte
3334,alle,2021,0,personer,ssb_07459,ekte
3336,alle,2021,0,personer,ssb_07459,ekte
3338,alle,2021,0,personer,ssb_07459,ekte
3401,0-17,2021,3198,personer,ssb_07459,ekte
3401,18-29,2021,2354,personer,ssb_07459,ekte
3401,30-49,2021,4064,personer,ssb_07459,ekte
3401,50-66,2021,4351,personer,ssb_07459,ekte
3401,67-79,2021,2900,personer,ssb_07459,ekte
3401,80-89,2021,820,personer,ssb_07459,ekte
3401,90+,2021,164,personer,ssb_07459,ekte
3401,alle,2021,17851,personer,ssb_07459,ekte
3403,0-17,2021,5840,personer,ssb_07459,ekte
3403,18-29,2021,4749,personer,ssb_07459,ekte
3403,30-49,2021,7694,personer,ssb_07459,ekte
3403,50-66,2021,6942,personer,ssb_07459,ekte
3403,67-79,2021,4492,personer,ssb_07459,ekte
3403,80-89,2021,1384,personer,ssb_07459,ekte
3403,90+,2021,408,personer,ssb_07459,ekte
3403,alle,2021,31509,personer,ssb_07459,ekte
3405,0-17,2021,5356,personer,ssb_07459,ekte
3405,18-29,2021,4934,personer,ssb_07459,ekte
3405,30-49,2021,6735,personer,ssb_07459,ekte
3405,50-66,2021,6229,personer,ssb_07459,ekte
3405,67-79,2021,3652,personer,ssb_07459,ekte
3405,80-89,2021,1289,personer,ssb_07459,ekte
3405,90+,2021,298,personer,ssb_07459,ekte
3405,alle,2021,28493,personer,ssb_07459,ekte
3407,0-17,2021,5687,personer,ssb_07459,ekte
3407,18-29,2021,4930,personer,ssb_07459,ekte
3407,30-49,2021,7566,personer,ssb_07459,ekte
3407,50-66,2021,6680,personer,ssb_07459,ekte
3407,67-79,2021,4010,personer,ssb_07459,ekte
3407,80-89,2021,1235,personer,ssb_07459,ekte
3407,90+,2021,287,personer,ssb_07459,ekte
3407,alle,2021,30395,personer,ssb_07459,ekte
3411,0-17,2021,6838,personer,ssb_07459,ekte
3411,18-29,2021,4897,personer,ssb_07459,ekte
3411,30-49,2021,8827,personer,ssb_07459,ekte
3411,50-66,2021,8078,personer,ssb_07459,ekte
3411,67-79,2021,4558,personer,ssb_07459,ekte
3411,80-89,2021,1404,personer,ssb_07459,ekte
3411,90+,2021,295,personer,ssb_07459,ekte
3411,alle,2021,34897,personer,ssb_07459,ekte
3412,0-17,2021,1498,personer,ssb_07459,ekte
3412,18-29,2021,971,personer,ssb_07459,ekte
3412,30-49,2021,1942,personer,ssb_07459,ekte
3412,50-66,2021,1775,personer,ssb_07459,ekte
3412,67-79,2021,1081,personer,ssb_07459,ekte
3412,80-89,2021,294,personer,ssb_07459,ekte
3412,90+,2021,64,personer,ssb_07459,ekte
3412,alle,2021,7625,personer,ssb_07459,ekte
3413,0-17,2021,4268,personer,ssb_07459,ekte
3413,18-29,2021,2759,personer,ssb_07459,ekte
3413,30-49,2021,5412,personer,ssb_07459,ekte
3413,50-66,2021,4812,personer,ssb_07459,ekte
3413,67-79,2021,2769,personer,ssb_07459,ekte
3413,80-89,2021,852,personer,ssb_07459,ekte
3413,90+,2021,200,personer,ssb_07459,ekte
3413,alle,2021,21072,personer,ssb_07459,ekte
3414,0-17,2021,829,personer,ssb_07459,ekte
3414,18-29,2021,614,personer,ssb_07459,ekte
3414,30-49,2021,1127,personer,ssb_07459,ekte
3414,50-66,2021,1308,personer,ssb_07459,ekte
3414,67-79,2021,841,personer,ssb_07459,ekte
3414,80-89,2021,264,personer,ssb_07459,ekte
3414,90+,2021,55,personer,ssb_07459,ekte
3414,alle,2021,5038,personer,ssb_07459,ekte
3415,0-17,2021,1395,personer,ssb_07459,ekte
3415,18-29,2021,1046,personer,ssb_07459,ekte
3415,30-49,2021,1940,personer,ssb_07459,ekte
3415,50-66,2021,2014,personer,ssb_07459,ekte
3415,67-79,2021,1135,personer,ssb_07459,ekte
3415,80-89,2021,309,personer,ssb_07459,ekte
3415,90+,2021,75,personer,ssb_07459,ekte
3415,alle,2021,7914,personer,ssb_07459,ekte
3416,0-17,2021,939,personer,ssb_07459,ekte
3416,18-29,2021,769,personer,ssb_07459,ekte
3416,30-49,2021,1263,personer,ssb_07459,ekte
3416,50-66,2021,1690,personer,ssb_07459,ekte
3416,67-79,2021,1038,personer,ssb_07459,ekte
3416,80-89,2021,315,personer,ssb_07459,ekte
3416,90+,2021,85,personer,ssb_07459,ekte
3416,alle,2021,6099,personer,ssb_07459,ekte
3417,0-17,2021,642,personer,ssb_07459,ekte
3417,18-29,2021,564,personer,ssb_07459,ekte
3417,30-49,2021,864,personer,ssb_07459,ekte
3417,50-66,2021,1275,personer,ssb_07459,ekte
3417,67-79,2021,859,personer,ssb_07459,ekte
3417,80-89,2021,263,personer,ssb_07459,ekte
3417,90+,2021,78,personer,ssb_07459,ekte
3417,alle,2021,4545,personer,ssb_07459,ekte
3418,0-17,2021,1136,personer,ssb_07459,ekte
3418,18-29,2021,884,personer,ssb_07459,ekte
3418,30-49,2021,1581,personer,ssb_07459,ekte
3418,50-66,2021,1852,personer,ssb_07459,ekte
3418,67-79,2021,1257,personer,ssb_07459,ekte
3418,80-89,2021,424,personer,ssb_07459,ekte
3418,90+,2021,93,personer,ssb_07459,ekte
3418,alle,2021,7227,personer,ssb_07459,ekte
3419,0-17,2021,545,personer,ssb_07459,ekte
3419,18-29,2021,405,personer,ssb_07459,ekte
3419,30-49,2021,745,personer,ssb_07459,ekte
3419,50-66,2021,1006,personer,ssb_07459,ekte
3419,67-79,2021,646,personer,ssb_07459,ekte
3419,80-89,2021,197,personer,ssb_07459,ekte
3419,90+,2021,43,personer,ssb_07459,ekte
3419,alle,2021,3587,personer,ssb_07459,ekte
3420,0-17,2021,4266,personer,ssb_07459,ekte
3420,18-29,2021,3209,personer,ssb_07459,ekte
3420,30-49,2021,5253,personer,ssb_07459,ekte
3420,50-66,2021,4670,personer,ssb_07459,ekte
3420,67-79,2021,2846,personer,ssb_07459,ekte
3420,80-89,2021,841,personer,ssb_07459,ekte
3420,90+,2021,207,personer,ssb_07459,ekte
3420,alle,2021,21292,personer,ssb_07459,ekte
3421,0-17,2021,1117,personer,ssb_07459,ekte
3421,18-29,2021,801,personer,ssb_07459,ekte
3421,30-49,2021,1478,personer,ssb_07459,ekte
3421,50-66,2021,1653,personer,ssb_07459,ekte
3421,67-79,2021,1096,personer,ssb_07459,ekte
3421,80-89,2021,336,personer,ssb_07459,ekte
3421,90+,2021,99,personer,ssb_07459,ekte
3421,alle,2021,6580,personer,ssb_07459,ekte
3422,0-17,2021,742,personer,ssb_07459,ekte
3422,18-29,2021,836,personer,ssb_07459,ekte
3422,30-49,2021,938,personer,ssb_07459,ekte
3422,50-66,2021,955,personer,ssb_07459,ekte
3422,67-79,2021,619,personer,ssb_07459,ekte
3422,80-89,2021,200,personer,ssb_07459,ekte
3422,90+,2021,48,personer,ssb_07459,ekte
3422,alle,2021,4338,personer,ssb_07459,ekte
3423,0-17,2021,344,personer,ssb_07459,ekte
3423,18-29,2021,282,personer,ssb_07459,ekte
3423,30-49,2021,494,personer,ssb_07459,ekte
3423,50-66,2021,649,personer,ssb_07459,ekte
3423,67-79,2021,406,personer,ssb_07459,ekte
3423,80-89,2021,178,personer,ssb_07459,ekte
3423,90+,2021,25,personer,ssb_07459,ekte
3423,alle,2021,2378,personer,ssb_07459,ekte
3424,0-17,2021,266,personer,ssb_07459,ekte
3424,18-29,2021,168,personer,ssb_07459,ekte
3424,30-49,2021,318,personer,ssb_07459,ekte
3424,50-66,2021,505,personer,ssb_07459,ekte
3424,67-79,2021,361,personer,ssb_07459,ekte
3424,80-89,2021,94,personer,ssb_07459,ekte
3424,90+,2021,29,personer,ssb_07459,ekte
3424,alle,2021,1741,personer,ssb_07459,ekte
3425,0-17,2021,188,personer,ssb_07459,ekte
3425,18-29,2021,159,personer,ssb_07459,ekte
3425,30-49,2021,231,personer,ssb_07459,ekte
3425,50-66,2021,335,personer,ssb_07459,ekte
3425,67-79,2021,237,personer,ssb_07459,ekte
3425,80-89,2021,79,personer,ssb_07459,ekte
3425,90+,2021,21,personer,ssb_07459,ekte
3425,alle,2021,1250,personer,ssb_07459,ekte
3426,0-17,2021,339,personer,ssb_07459,ekte
3426,18-29,2021,215,personer,ssb_07459,ekte
3426,30-49,2021,324,personer,ssb_07459,ekte
3426,50-66,2021,387,personer,ssb_07459,ekte
3426,67-79,2021,206,personer,ssb_07459,ekte
3426,80-89,2021,80,personer,ssb_07459,ekte
3426,90+,2021,12,personer,ssb_07459,ekte
3426,alle,2021,1563,personer,ssb_07459,ekte
3427,0-17,2021,1106,personer,ssb_07459,ekte
3427,18-29,2021,813,personer,ssb_07459,ekte
3427,30-49,2021,1280,personer,ssb_07459,ekte
3427,50-66,2021,1292,personer,ssb_07459,ekte
3427,67-79,2021,747,personer,ssb_07459,ekte
3427,80-89,2021,243,personer,ssb_07459,ekte
3427,90+,2021,56,personer,ssb_07459,ekte
3427,alle,2021,5537,personer,ssb_07459,ekte
3428,0-17,2021,537,personer,ssb_07459,ekte
3428,18-29,2021,318,personer,ssb_07459,ekte
3428,30-49,2021,534,personer,ssb_07459,ekte
3428,50-66,2021,575,personer,ssb_07459,ekte
3428,67-79,2021,301,personer,ssb_07459,ekte
3428,80-89,2021,106,personer,ssb_07459,ekte
3428,90+,2021,34,personer,ssb_07459,ekte
3428,alle,2021,2405,personer,ssb_07459,ekte
3429,0-17,2021,237,personer,ssb_07459,ekte
3429,18-29,2021,180,personer,ssb_07459,ekte
3429,30-49,2021,309,personer,ssb_07459,ekte
3429,50-66,2021,390,personer,ssb_07459,ekte
3429,67-79,2021,288,personer,ssb_07459,ekte
3429,80-89,2021,95,personer,ssb_07459,ekte
3429,90+,2021,19,personer,ssb_07459,ekte
3429,alle,2021,1518,personer,ssb_07459,ekte
3430,0-17,2021,298,personer,ssb_07459,ekte
3430,18-29,2021,283,personer,ssb_07459,ekte
3430,30-49,2021,389,personer,ssb_07459,ekte
3430,50-66,2021,490,personer,ssb_07459,ekte
3430,67-79,2021,291,personer,ssb_07459,ekte
3430,80-89,2021,96,personer,ssb_07459,ekte
3430,90+,2021,23,personer,ssb_07459,ekte
3430,alle,2021,1870,personer,ssb_07459,ekte
3431,0-17,2021,405,personer,ssb_07459,ekte
3431,18-29,2021,336,personer,ssb_07459,ekte
3431,30-49,2021,508,personer,ssb_07459,ekte
3431,50-66,2021,637,personer,ssb_07459,ekte
3431,67-79,2021,438,personer,ssb_07459,ekte
3431,80-89,2021,152,personer,ssb_07459,ekte
3431,90+,2021,36,personer,ssb_07459,ekte
3431,alle,2021,2512,personer,ssb_07459,ekte
3432,0-17,2021,410,personer,ssb_07459,ekte
3432,18-29,2021,245,personer,ssb_07459,ekte
3432,30-49,2021,415,personer,ssb_07459,ekte
3432,50-66,2021,484,personer,ssb_07459,ekte
3432,67-79,2021,300,personer,ssb_07459,ekte
3432,80-89,2021,99,personer,ssb_07459,ekte
3432,90+,2021,27,personer,ssb_07459,ekte
3432,alle,2021,1980,personer,ssb_07459,ekte
3433,0-17,2021,367,personer,ssb_07459,ekte
3433,18-29,2021,272,personer,ssb_07459,ekte
3433,30-49,2021,468,personer,ssb_07459,ekte
3433,50-66,2021,548,personer,ssb_07459,ekte
3433,67-79,2021,371,personer,ssb_07459,ekte
3433,80-89,2021,131,personer,ssb_07459,ekte
3433,90+,2021,26,personer,ssb_07459,ekte
3433,alle,2021,2183,personer,ssb_07459,ekte
3434,0-17,2021,394,personer,ssb_07459,ekte
3434,18-29,2021,276,personer,ssb_07459,ekte
3434,30-49,2021,471,personer,ssb_07459,ekte
3434,50-66,2021,563,personer,ssb_07459,ekte
3434,67-79,2021,346,personer,ssb_07459,ekte
3434,80-89,2021,122,personer,ssb_07459,ekte
3434,90+,2021,32,personer,ssb_07459,ekte
3434,alle,2021,2204,personer,ssb_07459,ekte
3435,0-17,2021,663,personer,ssb_07459,ekte
3435,18-29,2021,461,personer,ssb_07459,ekte
3435,30-49,2021,814,personer,ssb_07459,ekte
3435,50-66,2021,838,personer,ssb_07459,ekte
3435,67-79,2021,550,personer,ssb_07459,ekte
3435,80-89,2021,198,personer,ssb_07459,ekte
3435,90+,2021,40,personer,ssb_07459,ekte
3435,alle,2021,3564,personer,ssb_07459,ekte
3436,0-17,2021,1018,personer,ssb_07459,ekte
3436,18-29,2021,801,personer,ssb_07459,ekte
3436,30-49,2021,1177,personer,ssb_07459,ekte
3436,50-66,2021,1409,personer,ssb_07459,ekte
3436,67-79,2021,935,personer,ssb_07459,ekte
3436,80-89,2021,306,personer,ssb_07459,ekte
3436,90+,2021,59,personer,ssb_07459,ekte
3436,alle,2021,5705,personer,ssb_07459,ekte
3437,0-17,2021,965,personer,ssb_07459,ekte
3437,18-29,2021,760,personer,ssb_07459,ekte
3437,30-49,2021,1216,personer,ssb_07459,ekte
3437,50-66,2021,1393,personer,ssb_07459,ekte
3437,67-79,2021,879,personer,ssb_07459,ekte
3437,80-89,2021,308,personer,ssb_07459,ekte
3437,90+,2021,71,personer,ssb_07459,ekte
3437,alle,2021,5592,personer,ssb_07459,ekte
3438,0-17,2021,578,personer,ssb_07459,ekte
3438,18-29,2021,384,personer,ssb_07459,ekte
3438,30-49,2021,712,personer,ssb_07459,ekte
3438,50-66,2021,746,personer,ssb_07459,ekte
3438,67-79,2021,460,personer,ssb_07459,ekte
3438,80-89,2021,140,personer,ssb_07459,ekte
3438,90+,2021,44,personer,ssb_07459,ekte
3438,alle,2021,3064,personer,ssb_07459,ekte
3439,0-17,2021,764,personer,ssb_07459,ekte
3439,18-29,2021,555,personer,ssb_07459,ekte
3439,30-49,2021,1038,personer,ssb_07459,ekte
3439,50-66,2021,1055,personer,ssb_07459,ekte
3439,67-79,2021,702,personer,ssb_07459,ekte
3439,80-89,2021,231,personer,ssb_07459,ekte
3439,90+,2021,63,personer,ssb_07459,ekte
3439,alle,2021,4408,personer,ssb_07459,ekte
3440,0-17,2021,968,personer,ssb_07459,ekte
3440,18-29,2021,701,personer,ssb_07459,ekte
3440,30-49,2021,1233,personer,ssb_07459,ekte
3440,50-66,2021,1203,personer,ssb_07459,ekte
3440,67-79,2021,698,personer,ssb_07459,ekte
3440,80-89,2021,232,personer,ssb_07459,ekte
3440,90+,2021,58,personer,ssb_07459,ekte
3440,alle,2021,5093,personer,ssb_07459,ekte
3441,0-17,2021,1064,personer,ssb_07459,ekte
3441,18-29,2021,767,personer,ssb_07459,ekte
3441,30-49,2021,1442,personer,ssb_07459,ekte
3441,50-66,2021,1496,personer,ssb_07459,ekte
3441,67-79,2021,888,personer,ssb_07459,ekte
3441,80-89,2021,304,personer,ssb_07459,ekte
3441,90+,2021,62,personer,ssb_07459,ekte
3441,alle,2021,6023,personer,ssb_07459,ekte
3442,0-17,2021,2758,personer,ssb_07459,ekte
3442,18-29,2021,1944,personer,ssb_07459,ekte
3442,30-49,2021,3597,personer,ssb_07459,ekte
3442,50-66,2021,3581,personer,ssb_07459,ekte
3442,67-79,2021,2130,personer,ssb_07459,ekte
3442,80-89,2021,705,personer,ssb_07459,ekte
3442,90+,2021,156,personer,ssb_07459,ekte
3442,alle,2021,14871,personer,ssb_07459,ekte
3443,0-17,2021,2462,personer,ssb_07459,ekte
3443,18-29,2021,2014,personer,ssb_07459,ekte
3443,30-49,2021,3296,personer,ssb_07459,ekte
3443,50-66,2021,3098,personer,ssb_07459,ekte
3443,67-79,2021,1865,personer,ssb_07459,ekte
3443,80-89,2021,603,personer,ssb_07459,ekte
3443,90+,2021,121,personer,ssb_07459,ekte
3443,alle,2021,13459,personer,ssb_07459,ekte
3446,0-17,2021,2581,personer,ssb_07459,ekte
3446,18-29,2021,1761,personer,ssb_07459,ekte
3446,30-49,2021,3239,personer,ssb_07459,ekte
3446,50-66,2021,3394,personer,ssb_07459,ekte
3446,67-79,2021,1886,personer,ssb_07459,ekte
3446,80-89,2021,619,personer,ssb_07459,ekte
3446,90+,2021,131,personer,ssb_07459,ekte
3446,alle,2021,13611,personer,ssb_07459,ekte
3447,0-17,2021,966,personer,ssb_07459,ekte
3447,18-29,2021,693,personer,ssb_07459,ekte
3447,30-49,2021,1272,personer,ssb_07459,ekte
3447,50-66,2021,1502,personer,ssb_07459,ekte
3447,67-79,2021,834,personer,ssb_07459,ekte
3447,80-89,2021,260,personer,ssb_07459,ekte
3447,90+,2021,52,personer,ssb_07459,ekte
3447,alle,2021,5579,personer,ssb_07459,ekte
3448,0-17,2021,1202,personer,ssb_07459,ekte
3448,18-29,2021,846,personer,ssb_07459,ekte
3448,30-49,2021,1481,personer,ssb_07459,ekte
3448,50-66,2021,1672,personer,ssb_07459,ekte
3448,67-79,2021,994,personer,ssb_07459,ekte
3448,80-89,2021,323,personer,ssb_07459,ekte
3448,90+,2021,63,personer,ssb_07459,ekte
3448,alle,2021,6581,personer,ssb_07459,ekte
3449,0-17,2021,503,personer,ssb_07459,ekte
3449,18-29,2021,350,personer,ssb_07459,ekte
3449,30-49,2021,621,personer,ssb_07459,ekte
3449,50-66,2021,753,personer,ssb_07459,ekte
3449,67-79,2021,466,personer,ssb_07459,ekte
3449,80-89,2021,168,personer,ssb_07459,ekte
3449,90+,2021,43,personer,ssb_07459,ekte
3449,alle,2021,2904,personer,ssb_07459,ekte
3450,0-17,2021,215,personer,ssb_07459,ekte
3450,18-29,2021,154,personer,ssb_07459,ekte
3450,30-49,2021,262,personer,ssb_07459,ekte
3450,50-66,2021,312,personer,ssb_07459,ekte
3450,67-79,2021,205,personer,ssb_07459,ekte
3450,80-89,2021,93,personer,ssb_07459,ekte
3450,90+,2021,16,personer,ssb_07459,ekte
3450,alle,2021,1257,personer,ssb_07459,ekte
3451,0-17,2021,1136,personer,ssb_07459,ekte
3451,18-29,2021,849,personer,ssb_07459,ekte
3451,30-49,2021,1516,personer,ssb_07459,ekte
3451,50-66,2021,1483,personer,ssb_07459,ekte
3451,67-79,2021,1008,personer,ssb_07459,ekte
3451,80-89,2021,307,personer,ssb_07459,ekte
3451,90+,2021,61,personer,ssb_07459,ekte
3451,alle,2021,6360,personer,ssb_07459,ekte
3452,0-17,2021,393,personer,ssb_07459,ekte
3452,18-29,2021,272,personer,ssb_07459,ekte
3452,30-49,2021,471,personer,ssb_07459,ekte
3452,50-66,2021,557,personer,ssb_07459,ekte
3452,67-79,2021,297,personer,ssb_07459,ekte
3452,80-89,2021,105,personer,ssb_07459,ekte
3452,90+,2021,25,personer,ssb_07459,ekte
3452,alle,2021,2120,personer,ssb_07459,ekte
3453,0-17,2021,594,personer,ssb_07459,ekte
3453,18-29,2021,441,personer,ssb_07459,ekte
3453,30-49,2021,773,personer,ssb_07459,ekte
3453,50-66,2021,763,personer,ssb_07459,ekte
3453,67-79,2021,505,personer,ssb_07459,ekte
3453,80-89,2021,135,personer,ssb_07459,ekte
3453,90+,2021,25,personer,ssb_07459,ekte
3453,alle,2021,3236,personer,ssb_07459,ekte
3454,0-17,2021,294,personer,ssb_07459,ekte
3454,18-29,2021,200,personer,ssb_07459,ekte
3454,30-49,2021,385,personer,ssb_07459,ekte
3454,50-66,2021,362,personer,ssb_07459,ekte
3454,67-79,2021,242,personer,ssb_07459,ekte
3454,80-89,2021,65,personer,ssb_07459,ekte
3454,90+,2021,25,personer,ssb_07459,ekte
3454,alle,2021,1573,personer,ssb_07459,ekte
3901,alle,2021,0,personer,ssb_07459,ekte
3903,alle,2021,0,personer,ssb_07459,ekte
3905,alle,2021,0,personer,ssb_07459,ekte
3907,alle,2021,0,personer,ssb_07459,ekte
3909,alle,2021,0,personer,ssb_07459,ekte
3911,alle,2021,0,personer,ssb_07459,ekte
4001,alle,2021,0,personer,ssb_07459,ekte
4003,alle,2021,0,personer,ssb_07459,ekte
4005,alle,2021,0,personer,ssb_07459,ekte
4010,alle,2021,0,personer,ssb_07459,ekte
4012,alle,2021,0,personer,ssb_07459,ekte
4014,alle,2021,0,personer,ssb_07459,ekte
4016,alle,2021,0,personer,ssb_07459,ekte
4018,alle,2021,0,personer,ssb_07459,ekte
4020,alle,2021,0,personer,ssb_07459,ekte
4022,alle,2021,0,personer,ssb_07459,ekte
4024,alle,2021,0,personer,ssb_07459,ekte
4026,alle,2021,0,personer,ssb_07459,ekte
4028,alle,2021,0,personer,ssb_07459,ekte
4030,alle,2021,0,personer,ssb_07459,ekte
4032,alle,2021,0,personer,ssb_07459,ekte
4034,alle,2021,0,personer,ssb_07459,ekte
4036,alle,2021,0,personer,ssb_07459,ekte
4201,0-17,2021,1196,personer,ssb_07459,ekte
4201,18-29,2021,852,personer,ssb_07459,ekte
4201,30-49,2021,1546,personer,ssb_07459,ekte
4201,50-66,2021,1639,personer,ssb_07459,ekte
4201,67-79,2021,1144,personer,ssb_07459,ekte
4201,80-89,2021,299,personer,ssb_07459,ekte
4201,90+,2021,86,personer,ssb_07459,ekte
4201,alle,2021,6762,personer,ssb_07459,ekte
4202,0-17,2021,5307,personer,ssb_07459,ekte
4202,18-29,2021,4093,personer,ssb_07459,ekte
4202,30-49,2021,6197,personer,ssb_07459,ekte
4202,50-66,2021,4748,personer,ssb_07459,ekte
4202,67-79,2021,2598,personer,ssb_07459,ekte
4202,80-89,2021,790,personer,ssb_07459,ekte
4202,90+,2021,158,personer,ssb_07459,ekte
4202,alle,2021,23891,personer,ssb_07459,ekte
4203,0-17,2021,9235,personer,ssb_07459,ekte
4203,18-29,2021,6054,personer,ssb_07459,ekte
4203,30-49,2021,11674,personer,ssb_07459,ekte
4203,50-66,2021,10286,personer,ssb_07459,ekte
4203,67-79,2021,5749,personer,ssb_07459,ekte
4203,80-89,2021,1703,personer,ssb_07459,ekte
4203,90+,2021,364,personer,ssb_07459,ekte
4203,alle,2021,45065,personer,ssb_07459,ekte
4204,0-17,2021,24383,personer,ssb_07459,ekte
4204,18-29,2021,19900,personer,ssb_07459,ekte
4204,30-49,2021,29911,personer,ssb_07459,ekte
4204,50-66,2021,22585,personer,ssb_07459,ekte
4204,67-79,2021,11350,personer,ssb_07459,ekte
4204,80-89,2021,3657,personer,ssb_07459,ekte
4204,90+,2021,802,personer,ssb_07459,ekte
4204,alle,2021,112588,personer,ssb_07459,ekte
4205,0-17,2021,5088,personer,ssb_07459,ekte
4205,18-29,2021,3198,personer,ssb_07459,ekte
4205,30-49,2021,5685,personer,ssb_07459,ekte
4205,50-66,2021,5108,personer,ssb_07459,ekte
4205,67-79,2021,2901,personer,ssb_07459,ekte
4205,80-89,2021,847,personer,ssb_07459,ekte
4205,90+,2021,228,personer,ssb_07459,ekte
4205,alle,2021,23055,personer,ssb_07459,ekte
4206,0-17,2021,2043,personer,ssb_07459,ekte
4206,18-29,2021,1405,personer,ssb_07459,ekte
4206,30-49,2021,2295,personer,ssb_07459,ekte
4206,50-66,2021,2069,personer,ssb_07459,ekte
4206,67-79,2021,1342,personer,ssb_07459,ekte
4206,80-89,2021,412,personer,ssb_07459,ekte
4206,90+,2021,79,personer,ssb_07459,ekte
4206,alle,2021,9645,personer,ssb_07459,ekte
4207,0-17,2021,1936,personer,ssb_07459,ekte
4207,18-29,2021,1215,personer,ssb_07459,ekte
4207,30-49,2021,2118,personer,ssb_07459,ekte
4207,50-66,2021,2025,personer,ssb_07459,ekte
4207,67-79,2021,1206,personer,ssb_07459,ekte
4207,80-89,2021,404,personer,ssb_07459,ekte
4207,90+,2021,123,personer,ssb_07459,ekte
4207,alle,2021,9027,personer,ssb_07459,ekte
4211,0-17,2021,439,personer,ssb_07459,ekte
4211,18-29,2021,342,personer,ssb_07459,ekte
4211,30-49,2021,571,personer,ssb_07459,ekte
4211,50-66,2021,587,personer,ssb_07459,ekte
4211,67-79,2021,364,personer,ssb_07459,ekte
4211,80-89,2021,103,personer,ssb_07459,ekte
4211,90+,2021,24,personer,ssb_07459,ekte
4211,alle,2021,2430,personer,ssb_07459,ekte
4212,0-17,2021,484,personer,ssb_07459,ekte
4212,18-29,2021,304,personer,ssb_07459,ekte
4212,30-49,2021,527,personer,ssb_07459,ekte
4212,50-66,2021,497,personer,ssb_07459,ekte
4212,67-79,2021,217,personer,ssb_07459,ekte
4212,80-89,2021,87,personer,ssb_07459,ekte
4212,90+,2021,12,personer,ssb_07459,ekte
4212,alle,2021,2128,personer,ssb_07459,ekte
4213,0-17,2021,1149,personer,ssb_07459,ekte
4213,18-29,2021,789,personer,ssb_07459,ekte
4213,30-49,2021,1484,personer,ssb_07459,ekte
4213,50-66,2021,1439,personer,ssb_07459,ekte
4213,67-79,2021,912,personer,ssb_07459,ekte
4213,80-89,2021,237,personer,ssb_07459,ekte
4213,90+,2021,57,personer,ssb_07459,ekte
4213,alle,2021,6067,personer,ssb_07459,ekte
4214,0-17,2021,1399,personer,ssb_07459,ekte
4214,18-29,2021,897,personer,ssb_07459,ekte
4214,30-49,2021,1646,personer,ssb_07459,ekte
4214,50-66,2021,1190,personer,ssb_07459,ekte
4214,67-79,2021,685,personer,ssb_07459,ekte
4214,80-89,2021,154,personer,ssb_07459,ekte
4214,90+,2021,33,personer,ssb_07459,ekte
4214,alle,2021,6004,personer,ssb_07459,ekte
4215,0-17,2021,2505,personer,ssb_07459,ekte
4215,18-29,2021,1443,personer,ssb_07459,ekte
4215,30-49,2021,2913,personer,ssb_07459,ekte
4215,50-66,2021,2462,personer,ssb_07459,ekte
4215,67-79,2021,1379,personer,ssb_07459,ekte
4215,80-89,2021,400,personer,ssb_07459,ekte
4215,90+,2021,78,personer,ssb_07459,ekte
4215,alle,2021,11180,personer,ssb_07459,ekte
4216,0-17,2021,1324,personer,ssb_07459,ekte
4216,18-29,2021,778,personer,ssb_07459,ekte
4216,30-49,2021,1372,personer,ssb_07459,ekte
4216,50-66,2021,1012,personer,ssb_07459,ekte
4216,67-79,2021,590,personer,ssb_07459,ekte
4216,80-89,2021,157,personer,ssb_07459,ekte
4216,90+,2021,41,personer,ssb_07459,ekte
4216,alle,2021,5274,personer,ssb_07459,ekte
4217,0-17,2021,385,personer,ssb_07459,ekte
4217,18-29,2021,233,personer,ssb_07459,ekte
4217,30-49,2021,439,personer,ssb_07459,ekte
4217,50-66,2021,395,personer,ssb_07459,ekte
4217,67-79,2021,265,personer,ssb_07459,ekte
4217,80-89,2021,94,personer,ssb_07459,ekte
4217,90+,2021,11,personer,ssb_07459,ekte
4217,alle,2021,1822,personer,ssb_07459,ekte
4218,0-17,2021,333,personer,ssb_07459,ekte
4218,18-29,2021,175,personer,ssb_07459,ekte
4218,30-49,2021,355,personer,ssb_07459,ekte
4218,50-66,2021,293,personer,ssb_07459,ekte
4218,67-79,2021,135,personer,ssb_07459,ekte
4218,80-89,2021,33,personer,ssb_07459,ekte
4218,90+,2021,11,personer,ssb_07459,ekte
4218,alle,2021,1335,personer,ssb_07459,ekte
4219,0-17,2021,802,personer,ssb_07459,ekte
4219,18-29,2021,467,personer,ssb_07459,ekte
4219,30-49,2021,932,personer,ssb_07459,ekte
4219,50-66,2021,757,personer,ssb_07459,ekte
4219,67-79,2021,481,personer,ssb_07459,ekte
4219,80-89,2021,140,personer,ssb_07459,ekte
4219,90+,2021,40,personer,ssb_07459,ekte
4219,alle,2021,3619,personer,ssb_07459,ekte
4220,0-17,2021,196,personer,ssb_07459,ekte
4220,18-29,2021,139,personer,ssb_07459,ekte
4220,30-49,2021,265,personer,ssb_07459,ekte
4220,50-66,2021,274,personer,ssb_07459,ekte
4220,67-79,2021,206,personer,ssb_07459,ekte
4220,80-89,2021,50,personer,ssb_07459,ekte
4220,90+,2021,12,personer,ssb_07459,ekte
4220,alle,2021,1142,personer,ssb_07459,ekte
4221,0-17,2021,204,personer,ssb_07459,ekte
4221,18-29,2021,179,personer,ssb_07459,ekte
4221,30-49,2021,255,personer,ssb_07459,ekte
4221,50-66,2021,284,personer,ssb_07459,ekte
4221,67-79,2021,185,personer,ssb_07459,ekte
4221,80-89,2021,48,personer,ssb_07459,ekte
4221,90+,2021,14,personer,ssb_07459,ekte
4221,alle,2021,1169,personer,ssb_07459,ekte
4222,0-17,2021,166,personer,ssb_07459,ekte
4222,18-29,2021,152,personer,ssb_07459,ekte
4222,30-49,2021,261,personer,ssb_07459,ekte
4222,50-66,2021,225,personer,ssb_07459,ekte
4222,67-79,2021,98,personer,ssb_07459,ekte
4222,80-89,2021,23,personer,ssb_07459,ekte
4222,90+,2021,5,personer,ssb_07459,ekte
4222,alle,2021,930,personer,ssb_07459,ekte
4223,0-17,2021,3407,personer,ssb_07459,ekte
4223,18-29,2021,2386,personer,ssb_07459,ekte
4223,30-49,2021,4061,personer,ssb_07459,ekte
4223,50-66,2021,3039,personer,ssb_07459,ekte
4223,67-79,2021,1464,personer,ssb_07459,ekte
4223,80-89,2021,493,personer,ssb_07459,ekte
4223,90+,2021,85,personer,ssb_07459,ekte
4223,alle,2021,14935,personer,ssb_07459,ekte
4224,0-17,2021,198,personer,ssb_07459,ekte
4224,18-29,2021,166,personer,ssb_07459,ekte
4224,30-49,2021,185,personer,ssb_07459,ekte
4224,50-66,2021,242,personer,ssb_07459,ekte
4224,67-79,2021,89,personer,ssb_07459,ekte
4224,80-89,2021,35,personer,ssb_07459,ekte
4224,90+,2021,12,personer,ssb_07459,ekte
4224,alle,2021,927,personer,ssb_07459,ekte
4225,0-17,2021,2600,personer,ssb_07459,ekte
4225,18-29,2021,1583,personer,ssb_07459,ekte
4225,30-49,2021,2626,personer,ssb_07459,ekte
4225,50-66,2021,2037,personer,ssb_07459,ekte
4225,67-79,2021,1202,personer,ssb_07459,ekte
4225,80-89,2021,346,personer,ssb_07459,ekte
4225,90+,2021,70,personer,ssb_07459,ekte
4225,alle,2021,10464,personer,ssb_07459,ekte
4226,0-17,2021,394,personer,ssb_07459,ekte
4226,18-29,2021,246,personer,ssb_07459,ekte
4226,30-49,2021,441,personer,ssb_07459,ekte
4226,50-66,2021,330,personer,ssb_07459,ekte
4226,67-79,2021,186,personer,ssb_07459,ekte
4226,80-89,2021,75,personer,ssb_07459,ekte
4226,90+,2021,18,personer,ssb_07459,ekte
4226,alle,2021,1690,personer,ssb_07459,ekte
4227,0-17,2021,1258,personer,ssb_07459,ekte
4227,18-29,2021,890,personer,ssb_07459,ekte
4227,30-49,2021,1435,personer,ssb_07459,ekte
4227,50-66,2021,1329,personer,ssb_07459,ekte
4227,67-79,2021,696,personer,ssb_07459,ekte
4227,80-89,2021,253,personer,ssb_07459,ekte
4227,90+,2021,61,personer,ssb_07459,ekte
4227,alle,2021,5922,personer,ssb_07459,ekte
4228,0-17,2021,388,personer,ssb_07459,ekte
4228,18-29,2021,250,personer,ssb_07459,ekte
4228,30-49,2021,434,personer,ssb_07459,ekte
4228,50-66,2021,379,personer,ssb_07459,ekte
4228,67-79,2021,224,personer,ssb_07459,ekte
4228,80-89,2021,73,personer,ssb_07459,ekte
4228,90+,2021,24,personer,ssb_07459,ekte
4228,alle,2021,1772,personer,ssb_07459,ekte
1101,0-17,2021,3212,personer,ssb_07459,ekte
1101,18-29,2021,2233,personer,ssb_07459,ekte
1101,30-49,2021,3761,personer,ssb_07459,ekte
1101,50-66,2021,3140,personer,ssb_07459,ekte
1101,67-79,2021,1774,personer,ssb_07459,ekte
1101,80-89,2021,555,personer,ssb_07459,ekte
1101,90+,2021,112,personer,ssb_07459,ekte
1101,alle,2021,14787,personer,ssb_07459,ekte
1103,0-17,2021,31364,personer,ssb_07459,ekte
1103,18-29,2021,23317,personer,ssb_07459,ekte
1103,30-49,2021,41834,personer,ssb_07459,ekte
1103,50-66,2021,29149,personer,ssb_07459,ekte
1103,67-79,2021,13520,personer,ssb_07459,ekte
1103,80-89,2021,3895,personer,ssb_07459,ekte
1103,90+,2021,1068,personer,ssb_07459,ekte
1103,alle,2021,144147,personer,ssb_07459,ekte
1106,0-17,2021,7546,personer,ssb_07459,ekte
1106,18-29,2021,5684,personer,ssb_07459,ekte
1106,30-49,2021,10494,personer,ssb_07459,ekte
1106,50-66,2021,7881,personer,ssb_07459,ekte
1106,67-79,2021,4147,personer,ssb_07459,ekte
1106,80-89,2021,1241,personer,ssb_07459,ekte
1106,90+,2021,330,personer,ssb_07459,ekte
1106,alle,2021,37323,personer,ssb_07459,ekte
1108,0-17,2021,19758,personer,ssb_07459,ekte
1108,18-29,2021,11972,personer,ssb_07459,ekte
1108,30-49,2021,24071,personer,ssb_07459,ekte
1108,50-66,2021,15438,personer,ssb_07459,ekte
1108,67-79,2021,6806,personer,ssb_07459,ekte
1108,80-89,2021,1951,personer,ssb_07459,ekte
1108,90+,2021,454,personer,ssb_07459,ekte
1108,alle,2021,80450,personer,ssb_07459,ekte
1111,0-17,2021,756,personer,ssb_07459,ekte
1111,18-29,2021,423,personer,ssb_07459,ekte
1111,30-49,2021,754,personer,ssb_07459,ekte
1111,50-66,2021,723,personer,ssb_07459,ekte
1111,67-79,2021,406,personer,ssb_07459,ekte
1111,80-89,2021,151,personer,ssb_07459,ekte
1111,90+,2021,44,personer,ssb_07459,ekte
1111,alle,2021,3257,personer,ssb_07459,ekte
1112,0-17,2021,734,personer,ssb_07459,ekte
1112,18-29,2021,464,personer,ssb_07459,ekte
1112,30-49,2021,715,personer,ssb_07459,ekte
1112,50-66,2021,722,personer,ssb_07459,ekte
1112,67-79,2021,366,personer,ssb_07459,ekte
1112,80-89,2021,144,personer,ssb_07459,ekte
1112,90+,2021,29,personer,ssb_07459,ekte
1112,alle,2021,3174,personer,ssb_07459,ekte
1114,0-17,2021,715,personer,ssb_07459,ekte
1114,18-29,2021,369,personer,ssb_07459,ekte
1114,30-49,2021,726,personer,ssb_07459,ekte
1114,50-66,2021,598,personer,ssb_07459,ekte
1114,67-79,2021,292,personer,ssb_07459,ekte
1114,80-89,2021,73,personer,ssb_07459,ekte
1114,90+,2021,18,personer,ssb_07459,ekte
1114,alle,2021,2791,personer,ssb_07459,ekte
1119,0-17,2021,4995,personer,ssb_07459,ekte
1119,18-29,2021,2859,personer,ssb_07459,ekte
1119,30-49,2021,5201,personer,ssb_07459,ekte
1119,50-66,2021,3563,personer,ssb_07459,ekte
1119,67-79,2021,1824,personer,ssb_07459,ekte
1119,80-89,2021,552,personer,ssb_07459,ekte
1119,90+,2021,126,personer,ssb_07459,ekte
1119,alle,2021,19120,personer,ssb_07459,ekte
1120,0-17,2021,4968,personer,ssb_07459,ekte
1120,18-29,2021,3150,personer,ssb_07459,ekte
1120,30-49,2021,5652,personer,ssb_07459,ekte
1120,50-66,2021,3708,personer,ssb_07459,ekte
1120,67-79,2021,1776,personer,ssb_07459,ekte
1120,80-89,2021,502,personer,ssb_07459,ekte
1120,90+,2021,92,personer,ssb_07459,ekte
1120,alle,2021,19848,personer,ssb_07459,ekte
1121,0-17,2021,4687,personer,ssb_07459,ekte
1121,18-29,2021,2960,personer,ssb_07459,ekte
1121,30-49,2021,5329,personer,ssb_07459,ekte
1121,50-66,2021,3687,personer,ssb_07459,ekte
1121,67-79,2021,1759,personer,ssb_07459,ekte
1121,80-89,2021,576,personer,ssb_07459,ekte
1121,90+,2021,108,personer,ssb_07459,ekte
1121,alle,2021,19106,personer,ssb_07459,ekte
1122,0-17,2021,3177,personer,ssb_07459,ekte
1122,18-29,2021,1812,personer,ssb_07459,ekte
1122,30-49,2021,3465,personer,ssb_07459,ekte
1122,50-66,2021,2360,personer,ssb_07459,ekte
1122,67-79,2021,963,personer,ssb_07459,ekte
1122,80-89,2021,244,personer,ssb_07459,ekte
1122,90+,2021,43,personer,ssb_07459,ekte
1122,alle,2021,12064,personer,ssb_07459,ekte
1124,0-17,2021,6713,personer,ssb_07459,ekte
1124,18-29,2021,4146,personer,ssb_07459,ekte
1124,30-49,2021,7995,personer,ssb_07459,ekte
1124,50-66,2021,5437,personer,ssb_07459,ekte
1124,67-79,2021,2269,personer,ssb_07459,ekte
1124,80-89,2021,742,personer,ssb_07459,ekte
1124,90+,2021,155,personer,ssb_07459,ekte
1124,alle,2021,27457,personer,ssb_07459,ekte
1127,0-17,2021,2707,personer,ssb_07459,ekte
1127,18-29,2021,1804,personer,ssb_07459,ekte
1127,30-49,2021,2884,personer,ssb_07459,ekte
1127,50-66,2021,2378,personer,ssb_07459,ekte
1127,67-79,2021,1075,personer,ssb_07459,ekte
1127,80-89,2021,386,personer,ssb_07459,ekte
1127,90+,2021,81,personer,ssb_07459,ekte
1127,alle,2021,11315,personer,ssb_07459,ekte
1130,0-17,2021,3236,personer,ssb_07459,ekte
1130,18-29,2021,1947,personer,ssb_07459,ekte
1130,30-49,2021,3479,personer,ssb_07459,ekte
1130,50-66,2021,2504,personer,ssb_07459,ekte
1130,67-79,2021,1353,personer,ssb_07459,ekte
1130,80-89,2021,451,personer,ssb_07459,ekte
1130,90+,2021,100,personer,ssb_07459,ekte
1130,alle,2021,13070,personer,ssb_07459,ekte
1133,0-17,2021,589,personer,ssb_07459,ekte
1133,18-29,2021,325,personer,ssb_07459,ekte
1133,30-49,2021,605,personer,ssb_07459,ekte
1133,50-66,2021,566,personer,ssb_07459,ekte
1133,67-79,2021,358,personer,ssb_07459,ekte
1133,80-89,2021,112,personer,ssb_07459,ekte
1133,90+,2021,25,personer,ssb_07459,ekte
1133,alle,2021,2580,personer,ssb_07459,ekte
1134,0-17,2021,859,personer,ssb_07459,ekte
1134,18-29,2021,493,personer,ssb_07459,ekte
1134,30-49,2021,876,personer,ssb_07459,ekte
1134,50-66,2021,832,personer,ssb_07459,ekte
1134,67-79,2021,536,personer,ssb_07459,ekte
1134,80-89,2021,177,personer,ssb_07459,ekte
1134,90+,2021,36,personer,ssb_07459,ekte
1134,alle,2021,3809,personer,ssb_07459,ekte
1135,0-17,2021,946,personer,ssb_07459,ekte
1135,18-29,2021,583,personer,ssb_07459,ekte
1135,30-49,2021,1082,personer,ssb_07459,ekte
1135,50-66,2021,1068,personer,ssb_07459,ekte
1135,67-79,2021,560,personer,ssb_07459,ekte
1135,80-89,2021,257,personer,ssb_07459,ekte
1135,90+,2021,65,personer,ssb_07459,ekte
1135,alle,2021,4561,personer,ssb_07459,ekte
1144,0-17,2021,102,personer,ssb_07459,ekte
1144,18-29,2021,65,personer,ssb_07459,ekte
1144,30-49,2021,102,personer,ssb_07459,ekte
1144,50-66,2021,129,personer,ssb_07459,ekte
1144,67-79,2021,68,personer,ssb_07459,ekte
1144,80-89,2021,35,personer,ssb_07459,ekte
1144,90+,2021,6,personer,ssb_07459,ekte
1144,alle,2021,507,personer,ssb_07459,ekte
1145,0-17,2021,168,personer,ssb_07459,ekte
1145,18-29,2021,130,personer,ssb_07459,ekte
1145,30-49,2021,196,personer,ssb_07459,ekte
1145,50-66,2021,197,personer,ssb_07459,ekte
1145,67-79,2021,109,personer,ssb_07459,ekte
1145,80-89,2021,44,personer,ssb_07459,ekte
1145,90+,2021,15,personer,ssb_07459,ekte
1145,alle,2021,859,personer,ssb_07459,ekte
1146,0-17,2021,2854,personer,ssb_07459,ekte
1146,18-29,2021,1549,personer,ssb_07459,ekte
1146,30-49,2021,2940,personer,ssb_07459,ekte
1146,50-66,2021,2183,personer,ssb_07459,ekte
1146,67-79,2021,1226,personer,ssb_07459,ekte
1146,80-89,2021,363,personer,ssb_07459,ekte
1146,90+,2021,63,personer,ssb_07459,ekte
1146,alle,2021,11178,personer,ssb_07459,ekte
1149,0-17,2021,9778,personer,ssb_07459,ekte
1149,18-29,2021,6088,personer,ssb_07459,ekte
1149,30-49,2021,11092,personer,ssb_07459,ekte
1149,50-66,2021,8772,personer,ssb_07459,ekte
1149,67-79,2021,4768,personer,ssb_07459,ekte
1149,80-89,2021,1529,personer,ssb_07459,ekte
1149,90+,2021,318,personer,ssb_07459,ekte
1149,alle,2021,42345,personer,ssb_07459,ekte
1151,0-17,2021,35,personer,ssb_07459,ekte
1151,18-29,2021,27,personer,ssb_07459,ekte
1151,30-49,2021,42,personer,ssb_07459,ekte
1151,50-66,2021,50,personer,ssb_07459,ekte
1151,67-79,2021,26,personer,ssb_07459,ekte
1151,80-89,2021,10,personer,ssb_07459,ekte
1151,90+,2021,2,personer,ssb_07459,ekte
1151,alle,2021,192,personer,ssb_07459,ekte
1160,0-17,2021,1953,personer,ssb_07459,ekte
1160,18-29,2021,1252,personer,ssb_07459,ekte
1160,30-49,2021,2186,personer,ssb_07459,ekte
1160,50-66,2021,1886,personer,ssb_07459,ekte
1160,67-79,2021,980,personer,ssb_07459,ekte
1160,80-89,2021,345,personer,ssb_07459,ekte
1160,90+,2021,103,personer,ssb_07459,ekte
1160,alle,2021,8705,personer,ssb_07459,ekte
4601,0-17,2021,55965,personer,ssb_07459,ekte
4601,18-29,2021,52985,personer,ssb_07459,ekte
4601,30-49,2021,80872,personer,ssb_07459,ekte
4601,50-66,2021,55791,personer,ssb_07459,ekte
4601,67-79,2021,27726,personer,ssb_07459,ekte
4601,80-89,2021,9720,personer,ssb_07459,ekte
4601,90+,2021,2542,personer,ssb_07459,ekte
4601,alle,2021,285601,personer,ssb_07459,ekte
4602,0-17,2021,3678,personer,ssb_07459,ekte
4602,18-29,2021,2528,personer,ssb_07459,ekte
4602,30-49,2021,4147,personer,ssb_07459,ekte
4602,50-66,2021,3943,personer,ssb_07459,ekte
4602,67-79,2021,2036,personer,ssb_07459,ekte
4602,80-89,2021,639,personer,ssb_07459,ekte
4602,90+,2021,189,personer,ssb_07459,ekte
4602,alle,2021,17160,personer,ssb_07459,ekte
4611,0-17,2021,878,personer,ssb_07459,ekte
4611,18-29,2021,547,personer,ssb_07459,ekte
4611,30-49,2021,970,personer,ssb_07459,ekte
4611,50-66,2021,881,personer,ssb_07459,ekte
4611,67-79,2021,524,personer,ssb_07459,ekte
4611,80-89,2021,182,personer,ssb_07459,ekte
4611,90+,2021,71,personer,ssb_07459,ekte
4611,alle,2021,4053,personer,ssb_07459,ekte
4612,0-17,2021,1414,personer,ssb_07459,ekte
4612,18-29,2021,784,personer,ssb_07459,ekte
4612,30-49,2021,1559,personer,ssb_07459,ekte
4612,50-66,2021,1134,personer,ssb_07459,ekte
4612,67-79,2021,683,personer,ssb_07459,ekte
4612,80-89,2021,179,personer,ssb_07459,ekte
4612,90+,2021,45,personer,ssb_07459,ekte
4612,alle,2021,5798,personer,ssb_07459,ekte
4613,0-17,2021,2834,personer,ssb_07459,ekte
4613,18-29,2021,1743,personer,ssb_07459,ekte
4613,30-49,2021,3019,personer,ssb_07459,ekte
4613,50-66,2021,2398,personer,ssb_07459,ekte
4613,67-79,2021,1450,personer,ssb_07459,ekte
4613,80-89,2021,368,personer,ssb_07459,ekte
4613,90+,2021,141,personer,ssb_07459,ekte
4613,alle,2021,11953,personer,ssb_07459,ekte
4614,0-17,2021,4301,personer,ssb_07459,ekte
4614,18-29,2021,2887,personer,ssb_07459,ekte
4614,30-49,2021,4861,personer,ssb_07459,ekte
4614,50-66,2021,3883,personer,ssb_07459,ekte
4614,67-79,2021,2117,personer,ssb_07459,ekte
4614,80-89,2021,670,personer,ssb_07459,ekte
4614,90+,2021,142,personer,ssb_07459,ekte
4614,alle,2021,18861,personer,ssb_07459,ekte
4615,0-17,2021,747,personer,ssb_07459,ekte
4615,18-29,2021,418,personer,ssb_07459,ekte
4615,30-49,2021,807,personer,ssb_07459,ekte
4615,50-66,2021,657,personer,ssb_07459,ekte
4615,67-79,2021,391,personer,ssb_07459,ekte
4615,80-89,2021,103,personer,ssb_07459,ekte
4615,90+,2021,24,personer,ssb_07459,ekte
4615,alle,2021,3147,personer,ssb_07459,ekte
4616,0-17,2021,604,personer,ssb_07459,ekte
4616,18-29,2021,375,personer,ssb_07459,ekte
4616,30-49,2021,632,personer,ssb_07459,ekte
4616,50-66,2021,630,personer,ssb_07459,ekte
4616,67-79,2021,489,personer,ssb_07459,ekte
4616,80-89,2021,159,personer,ssb_07459,ekte
4616,90+,2021,35,personer,ssb_07459,ekte
4616,alle,2021,2924,personer,ssb_07459,ekte
4617,0-17,2021,2682,personer,ssb_07459,ekte
4617,18-29,2021,1789,personer,ssb_07459,ekte
4617,30-49,2021,2990,personer,ssb_07459,ekte
4617,50-66,2021,2940,personer,ssb_07459,ekte
4617,67-79,2021,1836,personer,ssb_07459,ekte
4617,80-89,2021,648,personer,ssb_07459,ekte
4617,90+,2021,154,personer,ssb_07459,ekte
4617,alle,2021,13039,personer,ssb_07459,ekte
4618,0-17,2021,2055,personer,ssb_07459,ekte
4618,18-29,2021,1444,personer,ssb_07459,ekte
4618,30-49,2021,2490,personer,ssb_07459,ekte
4618,50-66,2021,2627,personer,ssb_07459,ekte
4618,67-79,2021,1554,personer,ssb_07459,ekte
4618,80-89,2021,642,personer,ssb_07459,ekte
4618,90+,2021,190,personer,ssb_07459,ekte
4618,alle,2021,11002,personer,ssb_07459,ekte
4619,0-17,2021,172,personer,ssb_07459,ekte
4619,18-29,2021,110,personer,ssb_07459,ekte
4619,30-49,2021,191,personer,ssb_07459,ekte
4619,50-66,2021,249,personer,ssb_07459,ekte
4619,67-79,2021,126,personer,ssb_07459,ekte
4619,80-89,2021,44,personer,ssb_07459,ekte
4619,90+,2021,11,personer,ssb_07459,ekte
4619,alle,2021,903,personer,ssb_07459,ekte
4620,0-17,2021,209,personer,ssb_07459,ekte
4620,18-29,2021,124,personer,ssb_07459,ekte
4620,30-49,2021,230,personer,ssb_07459,ekte
4620,50-66,2021,246,personer,ssb_07459,ekte
4620,67-79,2021,182,personer,ssb_07459,ekte
4620,80-89,2021,48,personer,ssb_07459,ekte
4620,90+,2021,22,personer,ssb_07459,ekte
4620,alle,2021,1061,personer,ssb_07459,ekte
4621,0-17,2021,3301,personer,ssb_07459,ekte
4621,18-29,2021,2175,personer,ssb_07459,ekte
4621,30-49,2021,3828,personer,ssb_07459,ekte
4621,50-66,2021,3419,personer,ssb_07459,ekte
4621,67-79,2021,2042,personer,ssb_07459,ekte
4621,80-89,2021,791,personer,ssb_07459,ekte
4621,90+,2021,231,personer,ssb_07459,ekte
4621,alle,2021,15787,personer,ssb_07459,ekte
4622,0-17,2021,1800,personer,ssb_07459,ekte
4622,18-29,2021,1125,personer,ssb_07459,ekte
4622,30-49,2021,1936,personer,ssb_07459,ekte
4622,50-66,2021,1864,personer,ssb_07459,ekte
4622,67-79,2021,1191,personer,ssb_07459,ekte
4622,80-89,2021,416,personer,ssb_07459,ekte
4622,90+,2021,129,personer,ssb_07459,ekte
4622,alle,2021,8461,personer,ssb_07459,ekte
4623,0-17,2021,510,personer,ssb_07459,ekte
4623,18-29,2021,314,personer,ssb_07459,ekte
4623,30-49,2021,612,personer,ssb_07459,ekte
4623,50-66,2021,561,personer,ssb_07459,ekte
4623,67-79,2021,384,personer,ssb_07459,ekte
4623,80-89,2021,85,personer,ssb_07459,ekte
4623,90+,2021,38,personer,ssb_07459,ekte
4623,alle,2021,2504,personer,ssb_07459,ekte
4624,0-17,2021,6033,personer,ssb_07459,ekte
4624,18-29,2021,3479,personer,ssb_07459,ekte
4624,30-49,2021,6806,personer,ssb_07459,ekte
4624,50-66,2021,4930,personer,ssb_07459,ekte
4624,67-79,2021,2808,personer,ssb_07459,ekte
4624,80-89,2021,820,personer,ssb_07459,ekte
4624,90+,2021,173,personer,ssb_07459,ekte
4624,alle,2021,25049,personer,ssb_07459,ekte
4625,0-17,2021,1311,personer,ssb_07459,ekte
4625,18-29,2021,718,personer,ssb_07459,ekte
4625,30-49,2021,1375,personer,ssb_07459,ekte
4625,50-66,2021,1039,personer,ssb_07459,ekte
4625,67-79,2021,610,personer,ssb_07459,ekte
4625,80-89,2021,175,personer,ssb_07459,ekte
4625,90+,2021,48,personer,ssb_07459,ekte
4625,alle,2021,5276,personer,ssb_07459,ekte
4626,0-17,2021,9380,personer,ssb_07459,ekte
4626,18-29,2021,5575,personer,ssb_07459,ekte
4626,30-49,2021,10499,personer,ssb_07459,ekte
4626,50-66,2021,8008,personer,ssb_07459,ekte
4626,67-79,2021,3985,personer,ssb_07459,ekte
4626,80-89,2021,981,personer,ssb_07459,ekte
4626,90+,2021,236,personer,ssb_07459,ekte
4626,alle,2021,38664,personer,ssb_07459,ekte
4627,0-17,2021,7529,personer,ssb_07459,ekte
4627,18-29,2021,3982,personer,ssb_07459,ekte
4627,30-49,2021,8570,personer,ssb_07459,ekte
4627,50-66,2021,5577,personer,ssb_07459,ekte
4627,67-79,2021,2975,personer,ssb_07459,ekte
4627,80-89,2021,803,personer,ssb_07459,ekte
4627,90+,2021,158,personer,ssb_07459,ekte
4627,alle,2021,29594,personer,ssb_07459,ekte
4628,0-17,2021,803,personer,ssb_07459,ekte
4628,18-29,2021,524,personer,ssb_07459,ekte
4628,30-49,2021,943,personer,ssb_07459,ekte
4628,50-66,2021,850,personer,ssb_07459,ekte
4628,67-79,2021,517,personer,ssb_07459,ekte
4628,80-89,2021,201,personer,ssb_07459,ekte
4628,90+,2021,80,personer,ssb_07459,ekte
4628,alle,2021,3918,personer,ssb_07459,ekte
4629,0-17,2021,94,personer,ssb_07459,ekte
4629,18-29,2021,47,personer,ssb_07459,ekte
4629,30-49,2021,92,personer,ssb_07459,ekte
4629,50-66,2021,79,personer,ssb_07459,ekte
4629,67-79,2021,38,personer,ssb_07459,ekte
4629,80-89,2021,23,personer,ssb_07459,ekte
4629,90+,2021,3,personer,ssb_07459,ekte
4629,alle,2021,376,personer,ssb_07459,ekte
4630,0-17,2021,1800,personer,ssb_07459,ekte
4630,18-29,2021,1136,personer,ssb_07459,ekte
4630,30-49,2021,2084,personer,ssb_07459,ekte
4630,50-66,2021,1667,personer,ssb_07459,ekte
4630,67-79,2021,985,personer,ssb_07459,ekte
4630,80-89,2021,308,personer,ssb_07459,ekte
4630,90+,2021,100,personer,ssb_07459,ekte
4630,alle,2021,8080,personer,ssb_07459,ekte
4631,0-17,2021,6852,personer,ssb_07459,ekte
4631,18-29,2021,4102,personer,ssb_07459,ekte
4631,30-49,2021,7626,personer,ssb_07459,ekte
4631,50-66,2021,5967,personer,ssb_07459,ekte
4631,67-79,2021,3607,personer,ssb_07459,ekte
4631,80-89,2021,928,personer,ssb_07459,ekte
4631,90+,2021,255,personer,ssb_07459,ekte
4631,alle,2021,29337,personer,ssb_07459,ekte
4632,0-17,2021,576,personer,ssb_07459,ekte
4632,18-29,2021,375,personer,ssb_07459,ekte
4632,30-49,2021,697,personer,ssb_07459,ekte
4632,50-66,2021,608,personer,ssb_07459,ekte
4632,67-79,2021,452,personer,ssb_07459,ekte
4632,80-89,2021,131,personer,ssb_07459,ekte
4632,90+,2021,21,personer,ssb_07459,ekte
4632,alle,2021,2860,personer,ssb_07459,ekte
4633,0-17,2021,104,personer,ssb_07459,ekte
4633,18-29,2021,49,personer,ssb_07459,ekte
4633,30-49,2021,103,personer,ssb_07459,ekte
4633,50-66,2021,139,personer,ssb_07459,ekte
4633,67-79,2021,80,personer,ssb_07459,ekte
4633,80-89,2021,37,personer,ssb_07459,ekte
4633,90+,2021,13,personer,ssb_07459,ekte
4633,alle,2021,525,personer,ssb_07459,ekte
4634,0-17,2021,345,personer,ssb_07459,ekte
4634,18-29,2021,198,personer,ssb_07459,ekte
4634,30-49,2021,339,personer,ssb_07459,ekte
4634,50-66,2021,400,personer,ssb_07459,ekte
4634,67-79,2021,252,personer,ssb_07459,ekte
4634,80-89,2021,97,personer,ssb_07459,ekte
4634,90+,2021,29,personer,ssb_07459,ekte
4634,alle,2021,1660,personer,ssb_07459,ekte
4635,0-17,2021,441,personer,ssb_07459,ekte
4635,18-29,2021,308,personer,ssb_07459,ekte
4635,30-49,2021,487,personer,ssb_07459,ekte
4635,50-66,2021,547,personer,ssb_07459,ekte
4635,67-79,2021,335,personer,ssb_07459,ekte
4635,80-89,2021,118,personer,ssb_07459,ekte
4635,90+,2021,36,personer,ssb_07459,ekte
4635,alle,2021,2272,personer,ssb_07459,ekte
4636,0-17,2021,132,personer,ssb_07459,ekte
4636,18-29,2021,97,personer,ssb_07459,ekte
4636,30-49,2021,170,personer,ssb_07459,ekte
4636,50-66,2021,198,personer,ssb_07459,ekte
4636,67-79,2021,136,personer,ssb_07459,ekte
4636,80-89,2021,42,personer,ssb_07459,ekte
4636,90+,2021,11,personer,ssb_07459,ekte
4636,alle,2021,786,personer,ssb_07459,ekte
4637,0-17,2021,201,personer,ssb_07459,ekte
4637,18-29,2021,167,personer,ssb_07459,ekte
4637,30-49,2021,293,personer,ssb_07459,ekte
4637,50-66,2021,304,personer,ssb_07459,ekte
4637,67-79,2021,232,personer,ssb_07459,ekte
4637,80-89,2021,85,personer,ssb_07459,ekte
4637,90+,2021,12,personer,ssb_07459,ekte
4637,alle,2021,1294,personer,ssb_07459,ekte
4638,0-17,2021,734,personer,ssb_07459,ekte
4638,18-29,2021,590,personer,ssb_07459,ekte
4638,30-49,2021,805,personer,ssb_07459,ekte
4638,50-66,2021,1041,personer,ssb_07459,ekte
4638,67-79,2021,595,personer,ssb_07459,ekte
4638,80-89,2021,215,personer,ssb_07459,ekte
4638,90+,2021,69,personer,ssb_07459,ekte
4638,alle,2021,4049,personer,ssb_07459,ekte
4639,0-17,2021,520,personer,ssb_07459,ekte
4639,18-29,2021,342,personer,ssb_07459,ekte
4639,30-49,2021,530,personer,ssb_07459,ekte
4639,50-66,2021,578,personer,ssb_07459,ekte
4639,67-79,2021,422,personer,ssb_07459,ekte
4639,80-89,2021,167,personer,ssb_07459,ekte
4639,90+,2021,52,personer,ssb_07459,ekte
4639,alle,2021,2611,personer,ssb_07459,ekte
4640,0-17,2021,2562,personer,ssb_07459,ekte
4640,18-29,2021,2140,personer,ssb_07459,ekte
4640,30-49,2021,3014,personer,ssb_07459,ekte
4640,50-66,2021,2336,personer,ssb_07459,ekte
4640,67-79,2021,1339,personer,ssb_07459,ekte
4640,80-89,2021,430,personer,ssb_07459,ekte
4640,90+,2021,117,personer,ssb_07459,ekte
4640,alle,2021,11938,personer,ssb_07459,ekte
4641,0-17,2021,298,personer,ssb_07459,ekte
4641,18-29,2021,270,personer,ssb_07459,ekte
4641,30-49,2021,458,personer,ssb_07459,ekte
4641,50-66,2021,417,personer,ssb_07459,ekte
4641,67-79,2021,231,personer,ssb_07459,ekte
4641,80-89,2021,77,personer,ssb_07459,ekte
4641,90+,2021,26,personer,ssb_07459,ekte
4641,alle,2021,1777,personer,ssb_07459,ekte
4642,0-17,2021,382,personer,ssb_07459,ekte
4642,18-29,2021,295,personer,ssb_07459,ekte
4642,30-49,2021,476,personer,ssb_07459,ekte
4642,50-66,2021,524,personer,ssb_07459,ekte
4642,67-79,2021,333,personer,ssb_07459,ekte
4642,80-89,2021,95,personer,ssb_07459,ekte
4642,90+,2021,24,personer,ssb_07459,ekte
4642,alle,2021,2129,personer,ssb_07459,ekte
4643,0-17,2021,910,personer,ssb_07459,ekte
4643,18-29,2021,722,personer,ssb_07459,ekte
4643,30-49,2021,1125,personer,ssb_07459,ekte
4643,50-66,2021,1330,personer,ssb_07459,ekte
4643,67-79,2021,716,personer,ssb_07459,ekte
4643,80-89,2021,294,personer,ssb_07459,ekte
4643,90+,2021,73,personer,ssb_07459,ekte
4643,alle,2021,5170,personer,ssb_07459,ekte
4644,0-17,2021,1142,personer,ssb_07459,ekte
4644,18-29,2021,692,personer,ssb_07459,ekte
4644,30-49,2021,1198,personer,ssb_07459,ekte
4644,50-66,2021,1158,personer,ssb_07459,ekte
4644,67-79,2021,680,personer,ssb_07459,ekte
4644,80-89,2021,250,personer,ssb_07459,ekte
4644,90+,2021,69,personer,ssb_07459,ekte
4644,alle,2021,5189,personer,ssb_07459,ekte
4645,0-17,2021,588,personer,ssb_07459,ekte
4645,18-29,2021,379,personer,ssb_07459,ekte
4645,30-49,2021,583,personer,ssb_07459,ekte
4645,50-66,2021,720,personer,ssb_07459,ekte
4645,67-79,2021,477,personer,ssb_07459,ekte
4645,80-89,2021,190,personer,ssb_07459,ekte
4645,90+,2021,54,personer,ssb_07459,ekte
4645,alle,2021,2991,personer,ssb_07459,ekte
4646,0-17,2021,649,personer,ssb_07459,ekte
4646,18-29,2021,493,personer,ssb_07459,ekte
4646,30-49,2021,597,personer,ssb_07459,ekte
4646,50-66,2021,548,personer,ssb_07459,ekte
4646,67-79,2021,427,personer,ssb_07459,ekte
4646,80-89,2021,147,personer,ssb_07459,ekte
4646,90+,2021,24,personer,ssb_07459,ekte
4646,alle,2021,2885,personer,ssb_07459,ekte
4647,0-17,2021,5148,personer,ssb_07459,ekte
4647,18-29,2021,3415,personer,ssb_07459,ekte
4647,30-49,2021,5595,personer,ssb_07459,ekte
4647,50-66,2021,4550,personer,ssb_07459,ekte
4647,67-79,2021,2346,personer,ssb_07459,ekte
4647,80-89,2021,755,personer,ssb_07459,ekte
4647,90+,2021,211,personer,ssb_07459,ekte
4647,alle,2021,22020,personer,ssb_07459,ekte
4648,0-17,2021,688,personer,ssb_07459,ekte
4648,18-29,2021,441,personer,ssb_07459,ekte
4648,30-49,2021,775,personer,ssb_07459,ekte
4648,50-66,2021,831,personer,ssb_07459,ekte
4648,67-79,2021,550,personer,ssb_07459,ekte
4648,80-89,2021,231,personer,ssb_07459,ekte
4648,90+,2021,81,personer,ssb_07459,ekte
4648,alle,2021,3597,personer,ssb_07459,ekte
4649,0-17,2021,2049,personer,ssb_07459,ekte
4649,18-29,2021,1371,personer,ssb_07459,ekte
4649,30-49,2021,2108,personer,ssb_07459,ekte
4649,50-66,2021,2153,personer,ssb_07459,ekte
4649,67-79,2021,1247,personer,ssb_07459,ekte
4649,80-89,2021,455,personer,ssb_07459,ekte
4649,90+,2021,134,personer,ssb_07459,ekte
4649,alle,2021,9517,personer,ssb_07459,ekte
4650,0-17,2021,1291,personer,ssb_07459,ekte
4650,18-29,2021,793,personer,ssb_07459,ekte
4650,30-49,2021,1343,personer,ssb_07459,ekte
4650,50-66,2021,1250,personer,ssb_07459,ekte
4650,67-79,2021,846,personer,ssb_07459,ekte
4650,80-89,2021,272,personer,ssb_07459,ekte
4650,90+,2021,90,personer,ssb_07459,ekte
4650,alle,2021,5885,personer,ssb_07459,ekte
4651,0-17,2021,1555,personer,ssb_07459,ekte
4651,18-29,2021,1008,personer,ssb_07459,ekte
4651,30-49,2021,1725,personer,ssb_07459,ekte
4651,50-66,2021,1521,personer,ssb_07459,ekte
4651,67-79,2021,921,personer,ssb_07459,ekte
4651,80-89,2021,304,personer,ssb_07459,ekte
4651,90+,2021,84,personer,ssb_07459,ekte
4651,alle,2021,7118,personer,ssb_07459,ekte
1505,0-17,2021,4594,personer,ssb_07459,ekte
1505,18-29,2021,3403,personer,ssb_07459,ekte
1505,30-49,2021,6240,personer,ssb_07459,ekte
1505,50-66,2021,5426,personer,ssb_07459,ekte
1505,67-79,2021,3336,personer,ssb_07459,ekte
1505,80-89,2021,891,personer,ssb_07459,ekte
1505,90+,2021,209,personer,ssb_07459,ekte
1505,alle,2021,24099,personer,ssb_07459,ekte
1506,0-17,2021,6460,personer,ssb_07459,ekte
1506,18-29,2021,4571,personer,ssb_07459,ekte
1506,30-49,2021,7878,personer,ssb_07459,ekte
1506,50-66,2021,7072,personer,ssb_07459,ekte
1506,67-79,2021,4204,personer,ssb_07459,ekte
1506,80-89,2021,1317,personer,ssb_07459,ekte
1506,90+,2021,368,personer,ssb_07459,ekte
1506,alle,2021,31870,personer,ssb_07459,ekte
1508,alle,2021,0,personer,ssb_07459,ekte
1511,0-17,2021,486,personer,ssb_07459,ekte
1511,18-29,2021,400,personer,ssb_07459,ekte
1511,30-49,2021,603,personer,ssb_07459,ekte
1511,50-66,2021,790,personer,ssb_07459,ekte
1511,67-79,2021,563,personer,ssb_07459,ekte
1511,80-89,2021,187,personer,ssb_07459,ekte
1511,90+,2021,54,personer,ssb_07459,ekte
1511,alle,2021,3083,personer,ssb_07459,ekte
1514,0-17,2021,449,personer,ssb_07459,ekte
1514,18-29,2021,291,personer,ssb_07459,ekte
1514,30-49,2021,584,personer,ssb_07459,ekte
1514,50-66,2021,611,personer,ssb_07459,ekte
1514,67-79,2021,332,personer,ssb_07459,ekte
1514,80-89,2021,141,personer,ssb_07459,ekte
1514,90+,2021,37,personer,ssb_07459,ekte
1514,alle,2021,2445,personer,ssb_07459,ekte
1515,0-17,2021,1859,personer,ssb_07459,ekte
1515,18-29,2021,1123,personer,ssb_07459,ekte
1515,30-49,2021,2246,personer,ssb_07459,ekte
1515,50-66,2021,2016,personer,ssb_07459,ekte
1515,67-79,2021,1128,personer,ssb_07459,ekte
1515,80-89,2021,380,personer,ssb_07459,ekte
1515,90+,2021,106,personer,ssb_07459,ekte
1515,alle,2021,8858,personer,ssb_07459,ekte
1516,0-17,2021,1923,personer,ssb_07459,ekte
1516,18-29,2021,1234,personer,ssb_07459,ekte
1516,30-49,2021,2275,personer,ssb_07459,ekte
1516,50-66,2021,1846,personer,ssb_07459,ekte
1516,67-79,2021,934,personer,ssb_07459,ekte
1516,80-89,2021,296,personer,ssb_07459,ekte
1516,90+,2021,67,personer,ssb_07459,ekte
1516,alle,2021,8575,personer,ssb_07459,ekte
1517,0-17,2021,1170,personer,ssb_07459,ekte
1517,18-29,2021,672,personer,ssb_07459,ekte
1517,30-49,2021,1369,personer,ssb_07459,ekte
1517,50-66,2021,1062,personer,ssb_07459,ekte
1517,67-79,2021,609,personer,ssb_07459,ekte
1517,80-89,2021,196,personer,ssb_07459,ekte
1517,90+,2021,62,personer,ssb_07459,ekte
1517,alle,2021,5140,personer,ssb_07459,ekte
1520,0-17,2021,2356,personer,ssb_07459,ekte
1520,18-29,2021,1550,personer,ssb_07459,ekte
1520,30-49,2021,2662,personer,ssb_07459,ekte
1520,50-66,2021,2294,personer,ssb_07459,ekte
1520,67-79,2021,1355,personer,ssb_07459,ekte
1520,80-89,2021,465,personer,ssb_07459,ekte
1520,90+,2021,148,personer,ssb_07459,ekte
1520,alle,2021,10830,personer,ssb_07459,ekte
1525,0-17,2021,811,personer,ssb_07459,ekte
1525,18-29,2021,592,personer,ssb_07459,ekte
1525,30-49,2021,1137,personer,ssb_07459,ekte
1525,50-66,2021,1016,personer,ssb_07459,ekte
1525,67-79,2021,592,personer,ssb_07459,ekte
1525,80-89,2021,261,personer,ssb_07459,ekte
1525,90+,2021,73,personer,ssb_07459,ekte
1525,alle,2021,4482,personer,ssb_07459,ekte
1528,0-17,2021,1585,personer,ssb_07459,ekte
1528,18-29,2021,1028,personer,ssb_07459,ekte
1528,30-49,2021,1891,personer,ssb_07459,ekte
1528,50-66,2021,1695,personer,ssb_07459,ekte
1528,67-79,2021,1023,personer,ssb_07459,ekte
1528,80-89,2021,291,personer,ssb_07459,ekte
1528,90+,2021,83,personer,ssb_07459,ekte
1528,alle,2021,7596,personer,ssb_07459,ekte
1531,0-17,2021,2321,personer,ssb_07459,ekte
1531,18-29,2021,1295,personer,ssb_07459,ekte
1531,30-49,2021,2635,personer,ssb_07459,ekte
1531,50-66,2021,1797,personer,ssb_07459,ekte
1531,67-79,2021,948,personer,ssb_07459,ekte
1531,80-89,2021,294,personer,ssb_07459,ekte
1531,90+,2021,119,personer,ssb_07459,ekte
1531,alle,2021,9409,personer,ssb_07459,ekte
1532,0-17,2021,2153,personer,ssb_07459,ekte
1532,18-29,2021,1134,personer,ssb_07459,ekte
1532,30-49,2021,2304,personer,ssb_07459,ekte
1532,50-66,2021,1678,personer,ssb_07459,ekte
1532,67-79,2021,888,personer,ssb_07459,ekte
1532,80-89,2021,277,personer,ssb_07459,ekte
1532,90+,2021,72,personer,ssb_07459,ekte
1532,alle,2021,8506,personer,ssb_07459,ekte
1535,0-17,2021,1367,personer,ssb_07459,ekte
1535,18-29,2021,920,personer,ssb_07459,ekte
1535,30-49,2021,1603,personer,ssb_07459,ekte
1535,50-66,2021,1708,personer,ssb_07459,ekte
1535,67-79,2021,986,personer,ssb_07459,ekte
1535,80-89,2021,300,personer,ssb_07459,ekte
1535,90+,2021,74,personer,ssb_07459,ekte
1535,alle,2021,6958,personer,ssb_07459,ekte
1539,0-17,2021,1441,personer,ssb_07459,ekte
1539,18-29,2021,860,personer,ssb_07459,ekte
1539,30-49,2021,1652,personer,ssb_07459,ekte
1539,50-66,2021,1599,personer,ssb_07459,ekte
1539,67-79,2021,1043,personer,ssb_07459,ekte
1539,80-89,2021,324,personer,ssb_07459,ekte
1539,90+,2021,107,personer,ssb_07459,ekte
1539,alle,2021,7026,personer,ssb_07459,ekte
1547,0-17,2021,801,personer,ssb_07459,ekte
1547,18-29,2021,504,personer,ssb_07459,ekte
1547,30-49,2021,885,personer,ssb_07459,ekte
1547,50-66,2021,685,personer,ssb_07459,ekte
1547,67-79,2021,455,personer,ssb_07459,ekte
1547,80-89,2021,152,personer,ssb_07459,ekte
1547,90+,2021,40,personer,ssb_07459,ekte
1547,alle,2021,3522,personer,ssb_07459,ekte
1554,0-17,2021,1185,personer,ssb_07459,ekte
1554,18-29,2021,713,personer,ssb_07459,ekte
1554,30-49,2021,1411,personer,ssb_07459,ekte
1554,50-66,2021,1364,personer,ssb_07459,ekte
1554,67-79,2021,839,personer,ssb_07459,ekte
1554,80-89,2021,228,personer,ssb_07459,ekte
1554,90+,2021,68,personer,ssb_07459,ekte
1554,alle,2021,5808,personer,ssb_07459,ekte
1557,0-17,2021,554,personer,ssb_07459,ekte
1557,18-29,2021,347,personer,ssb_07459,ekte
1557,30-49,2021,642,personer,ssb_07459,ekte
1557,50-66,2021,563,personer,ssb_07459,ekte
1557,67-79,2021,424,personer,ssb_07459,ekte
1557,80-89,2021,102,personer,ssb_07459,ekte
1557,90+,2021,26,personer,ssb_07459,ekte
1557,alle,2021,2658,personer,ssb_07459,ekte
1560,0-17,2021,552,personer,ssb_07459,ekte
1560,18-29,2021,362,personer,ssb_07459,ekte
1560,30-49,2021,661,personer,ssb_07459,ekte
1560,50-66,2021,716,personer,ssb_07459,ekte
1560,67-79,2021,479,personer,ssb_07459,ekte
1560,80-89,2021,170,personer,ssb_07459,ekte
1560,90+,2021,45,personer,ssb_07459,ekte
1560,alle,2021,2985,personer,ssb_07459,ekte
1563,0-17,2021,1302,personer,ssb_07459,ekte
1563,18-29,2021,979,personer,ssb_07459,ekte
1563,30-49,2021,1514,personer,ssb_07459,ekte
1563,50-66,2021,1798,personer,ssb_07459,ekte
1563,67-79,2021,929,personer,ssb_07459,ekte
1563,80-89,2021,329,personer,ssb_07459,ekte
1563,90+,2021,105,personer,ssb_07459,ekte
1563,alle,2021,6956,personer,ssb_07459,ekte
1566,0-17,2021,1071,personer,ssb_07459,ekte
1566,18-29,2021,888,personer,ssb_07459,ekte
1566,30-49,2021,1228,personer,ssb_07459,ekte
1566,50-66,2021,1422,personer,ssb_07459,ekte
1566,67-79,2021,906,personer,ssb_07459,ekte
1566,80-89,2021,295,personer,ssb_07459,ekte
1566,90+,2021,62,personer,ssb_07459,ekte
1566,alle,2021,5872,personer,ssb_07459,ekte
1573,0-17,2021,368,personer,ssb_07459,ekte
1573,18-29,2021,283,personer,ssb_07459,ekte
1573,30-49,2021,475,personer,ssb_07459,ekte
1573,50-66,2021,514,personer,ssb_07459,ekte
1573,67-79,2021,347,personer,ssb_07459,ekte
1573,80-89,2021,105,personer,ssb_07459,ekte
1573,90+,2021,36,personer,ssb_07459,ekte
1573,alle,2021,2128,personer,ssb_07459,ekte
1576,0-17,2021,632,personer,ssb_07459,ekte
1576,18-29,2021,427,personer,ssb_07459,ekte
1576,30-49,2021,777,personer,ssb_07459,ekte
1576,50-66,2021,863,personer,ssb_07459,ekte
1576,67-79,2021,559,personer,ssb_07459,ekte
1576,80-89,2021,157,personer,ssb_07459,ekte
1576,90+,2021,53,personer,ssb_07459,ekte
1576,alle,2021,3468,personer,ssb_07459,ekte
1577,0-17,2021,2176,personer,ssb_07459,ekte
1577,18-29,2021,2208,personer,ssb_07459,ekte
1577,30-49,2021,2406,personer,ssb_07459,ekte
1577,50-66,2021,2125,personer,ssb_07459,ekte
1577,67-79,2021,1288,personer,ssb_07459,ekte
1577,80-89,2021,461,personer,ssb_07459,ekte
1577,90+,2021,117,personer,ssb_07459,ekte
1577,alle,2021,10781,personer,ssb_07459,ekte
1578,0-17,2021,475,personer,ssb_07459,ekte
1578,18-29,2021,327,personer,ssb_07459,ekte
1578,30-49,2021,505,personer,ssb_07459,ekte
1578,50-66,2021,623,personer,ssb_07459,ekte
1578,67-79,2021,375,personer,ssb_07459,ekte
1578,80-89,2021,151,personer,ssb_07459,ekte
1578,90+,2021,46,personer,ssb_07459,ekte
1578,alle,2021,2502,personer,ssb_07459,ekte
1579,0-17,2021,2945,personer,ssb_07459,ekte
1579,18-29,2021,1847,personer,ssb_07459,ekte
1579,30-49,2021,3325,personer,ssb_07459,ekte
1579,50-66,2021,2900,personer,ssb_07459,ekte
1579,67-79,2021,1712,personer,ssb_07459,ekte
1579,80-89,2021,465,personer,ssb_07459,ekte
1579,90+,2021,123,personer,ssb_07459,ekte
1579,alle,2021,13317,personer,ssb_07459,ekte
1580,alle,2021,0,personer,ssb_07459,ekte
5001,0-17,2021,40640,personer,ssb_07459,ekte
5001,18-29,2021,42427,personer,ssb_07459,ekte
5001,30-49,2021,58556,personer,ssb_07459,ekte
5001,50-66,2021,38888,personer,ssb_07459,ekte
5001,67-79,2021,20009,personer,ssb_07459,ekte
5001,80-89,2021,5681,personer,ssb_07459,ekte
5001,90+,2021,1394,personer,ssb_07459,ekte
5001,alle,2021,207595,personer,ssb_07459,ekte
5006,0-17,2021,4839,personer,ssb_07459,ekte
5006,18-29,2021,3399,personer,ssb_07459,ekte
5006,30-49,2021,5521,personer,ssb_07459,ekte
5006,50-66,2021,5575,personer,ssb_07459,ekte
5006,67-79,2021,3379,personer,ssb_07459,ekte
5006,80-89,2021,1138,personer,ssb_07459,ekte
5006,90+,2021,301,personer,ssb_07459,ekte
5006,alle,2021,24152,personer,ssb_07459,ekte
5007,0-17,2021,3076,personer,ssb_07459,ekte
5007,18-29,2021,2338,personer,ssb_07459,ekte
5007,30-49,2021,3485,personer,ssb_07459,ekte
5007,50-66,2021,3354,personer,ssb_07459,ekte
5007,67-79,2021,2051,personer,ssb_07459,ekte
5007,80-89,2021,632,personer,ssb_07459,ekte
5007,90+,2021,160,personer,ssb_07459,ekte
5007,alle,2021,15096,personer,ssb_07459,ekte
5014,0-17,2021,1000,personer,ssb_07459,ekte
5014,18-29,2021,823,personer,ssb_07459,ekte
5014,30-49,2021,1509,personer,ssb_07459,ekte
5014,50-66,2021,1084,personer,ssb_07459,ekte
5014,67-79,2021,551,personer,ssb_07459,ekte
5014,80-89,2021,187,personer,ssb_07459,ekte
5014,90+,2021,50,personer,ssb_07459,ekte
5014,alle,2021,5204,personer,ssb_07459,ekte
5020,0-17,2021,154,personer,ssb_07459,ekte
5020,18-29,2021,108,personer,ssb_07459,ekte
5020,30-49,2021,178,personer,ssb_07459,ekte
5020,50-66,2021,230,personer,ssb_07459,ekte
5020,67-79,2021,182,personer,ssb_07459,ekte
5020,80-89,2021,56,personer,ssb_07459,ekte
5020,90+,2021,17,personer,ssb_07459,ekte
5020,alle,2021,925,personer,ssb_07459,ekte
5021,0-17,2021,1407,personer,ssb_07459,ekte
5021,18-29,2021,961,personer,ssb_07459,ekte
5021,30-49,2021,1617,personer,ssb_07459,ekte
5021,50-66,2021,1600,personer,ssb_07459,ekte
5021,67-79,2021,1017,personer,ssb_07459,ekte
5021,80-89,2021,303,personer,ssb_07459,ekte
5021,90+,2021,76,personer,ssb_07459,ekte
5021,alle,2021,6981,personer,ssb_07459,ekte
5022,0-17,2021,467,personer,ssb_07459,ekte
5022,18-29,2021,320,personer,ssb_07459,ekte
5022,30-49,2021,492,personer,ssb_07459,ekte
5022,50-66,2021,595,personer,ssb_07459,ekte
5022,67-79,2021,422,personer,ssb_07459,ekte
5022,80-89,2021,129,personer,ssb_07459,ekte
5022,90+,2021,29,personer,ssb_07459,ekte
5022,alle,2021,2454,personer,ssb_07459,ekte
5025,0-17,2021,956,personer,ssb_07459,ekte
5025,18-29,2021,728,personer,ssb_07459,ekte
5025,30-49,2021,1270,personer,ssb_07459,ekte
5025,50-66,2021,1349,personer,ssb_07459,ekte
5025,67-79,2021,917,personer,ssb_07459,ekte
5025,80-89,2021,275,personer,ssb_07459,ekte
5025,90+,2021,55,personer,ssb_07459,ekte
5025,alle,2021,5550,personer,ssb_07459,ekte
5026,0-17,2021,355,personer,ssb_07459,ekte
5026,18-29,2021,253,personer,ssb_07459,ekte
5026,30-49,2021,398,personer,ssb_07459,ekte
5026,50-66,2021,486,personer,ssb_07459,ekte
5026,67-79,2021,343,personer,ssb_07459,ekte
5026,80-89,2021,119,personer,ssb_07459,ekte
5026,90+,2021,14,personer,ssb_07459,ekte
5026,alle,2021,1968,personer,ssb_07459,ekte
5027,0-17,2021,1240,personer,ssb_07459,ekte
5027,18-29,2021,921,personer,ssb_07459,ekte
5027,30-49,2021,1521,personer,ssb_07459,ekte
5027,50-66,2021,1407,personer,ssb_07459,ekte
5027,67-79,2021,796,personer,ssb_07459,ekte
5027,80-89,2021,283,personer,ssb_07459,ekte
5027,90+,2021,75,personer,ssb_07459,ekte
5027,alle,2021,6243,personer,ssb_07459,ekte
5028,0-17,2021,3869,personer,ssb_07459,ekte
5028,18-29,2021,2474,personer,ssb_07459,ekte
5028,30-49,2021,4500,personer,ssb_07459,ekte
5028,50-66,2021,3460,personer,ssb_07459,ekte
5028,67-79,2021,1896,personer,ssb_07459,ekte
5028,80-89,2021,620,personer,ssb_07459,ekte
5028,90+,2021,130,personer,ssb_07459,ekte
5028,alle,2021,16949,personer,ssb_07459,ekte
5029,0-17,2021,2180,personer,ssb_07459,ekte
5029,18-29,2021,1070,personer,ssb_07459,ekte
5029,30-49,2021,2383,personer,ssb_07459,ekte
5029,50-66,2021,1627,personer,ssb_07459,ekte
5029,67-79,2021,815,personer,ssb_07459,ekte
5029,80-89,2021,232,personer,ssb_07459,ekte
5029,90+,2021,60,personer,ssb_07459,ekte
5029,alle,2021,8367,personer,ssb_07459,ekte
5031,0-17,2021,3476,personer,ssb_07459,ekte
5031,18-29,2021,1926,personer,ssb_07459,ekte
5031,30-49,2021,4093,personer,ssb_07459,ekte
5031,50-66,2021,3025,personer,ssb_07459,ekte
5031,67-79,2021,1334,personer,ssb_07459,ekte
5031,80-89,2021,393,personer,ssb_07459,ekte
5031,90+,2021,87,personer,ssb_07459,ekte
5031,alle,2021,14334,personer,ssb_07459,ekte
5032,0-17,2021,793,personer,ssb_07459,ekte
5032,18-29,2021,533,personer,ssb_07459,ekte
5032,30-49,2021,946,personer,ssb_07459,ekte
5032,50-66,2021,948,personer,ssb_07459,ekte
5032,67-79,2021,555,personer,ssb_07459,ekte
5032,80-89,2021,232,personer,ssb_07459,ekte
5032,90+,2021,62,personer,ssb_07459,ekte
5032,alle,2021,4069,personer,ssb_07459,ekte
5033,0-17,2021,122,personer,ssb_07459,ekte
5033,18-29,2021,86,personer,ssb_07459,ekte
5033,30-49,2021,140,personer,ssb_07459,ekte
5033,50-66,2021,218,personer,ssb_07459,ekte
5033,67-79,2021,116,personer,ssb_07459,ekte
5033,80-89,2021,66,personer,ssb_07459,ekte
5033,90+,2021,11,personer,ssb_07459,ekte
5033,alle,2021,759,personer,ssb_07459,ekte
5034,0-17,2021,451,personer,ssb_07459,ekte
5034,18-29,2021,289,personer,ssb_07459,ekte
5034,30-49,2021,543,personer,ssb_07459,ekte
5034,50-66,2021,601,personer,ssb_07459,ekte
5034,67-79,2021,382,personer,ssb_07459,ekte
5034,80-89,2021,109,personer,ssb_07459,ekte
5034,90+,2021,38,personer,ssb_07459,ekte
5034,alle,2021,2413,personer,ssb_07459,ekte
5035,0-17,2021,5360,personer,ssb_07459,ekte
5035,18-29,2021,3570,personer,ssb_07459,ekte
5035,30-49,2021,6080,personer,ssb_07459,ekte
5035,50-66,2021,5211,personer,ssb_07459,ekte
5035,67-79,2021,3003,personer,ssb_07459,ekte
5035,80-89,2021,876,personer,ssb_07459,ekte
5035,90+,2021,183,personer,ssb_07459,ekte
5035,alle,2021,24283,personer,ssb_07459,ekte
5036,0-17,2021,504,personer,ssb_07459,ekte
5036,18-29,2021,360,personer,ssb_07459,ekte
5036,30-49,2021,605,personer,ssb_07459,ekte
5036,50-66,2021,605,personer,ssb_07459,ekte
5036,67-79,2021,365,personer,ssb_07459,ekte
5036,80-89,2021,144,personer,ssb_07459,ekte
5036,90+,2021,26,personer,ssb_07459,ekte
5036,alle,2021,2609,personer,ssb_07459,ekte
5037,0-17,2021,4375,personer,ssb_07459,ekte
5037,18-29,2021,3105,personer,ssb_07459,ekte
5037,30-49,2021,4796,personer,ssb_07459,ekte
5037,50-66,2021,4427,personer,ssb_07459,ekte
5037,67-79,2021,2497,personer,ssb_07459,ekte
5037,80-89,2021,812,personer,ssb_07459,ekte
5037,90+,2021,158,personer,ssb_07459,ekte
5037,alle,2021,20170,personer,ssb_07459,ekte
5038,0-17,2021,3067,personer,ssb_07459,ekte
5038,18-29,2021,2249,personer,ssb_07459,ekte
5038,30-49,2021,3596,personer,ssb_07459,ekte
5038,50-66,2021,3312,personer,ssb_07459,ekte
5038,67-79,2021,2110,personer,ssb_07459,ekte
5038,80-89,2021,522,personer,ssb_07459,ekte
5038,90+,2021,130,personer,ssb_07459,ekte
5038,alle,2021,14986,personer,ssb_07459,ekte
5041,0-17,2021,407,personer,ssb_07459,ekte
5041,18-29,2021,265,personer,ssb_07459,ekte
5041,30-49,2021,419,personer,ssb_07459,ekte
5041,50-66,2021,497,personer,ssb_07459,ekte
5041,67-79,2021,309,personer,ssb_07459,ekte
5041,80-89,2021,128,personer,ssb_07459,ekte
5041,90+,2021,29,personer,ssb_07459,ekte
5041,alle,2021,2054,personer,ssb_07459,ekte
5042,0-17,2021,236,personer,ssb_07459,ekte
5042,18-29,2021,164,personer,ssb_07459,ekte
5042,30-49,2021,286,personer,ssb_07459,ekte
5042,50-66,2021,321,personer,ssb_07459,ekte
5042,67-79,2021,231,personer,ssb_07459,ekte
5042,80-89,2021,76,personer,ssb_07459,ekte
5042,90+,2021,14,personer,ssb_07459,ekte
5042,alle,2021,1328,personer,ssb_07459,ekte
5043,0-17,2021,92,personer,ssb_07459,ekte
5043,18-29,2021,50,personer,ssb_07459,ekte
5043,30-49,2021,89,personer,ssb_07459,ekte
5043,50-66,2021,112,personer,ssb_07459,ekte
5043,67-79,2021,84,personer,ssb_07459,ekte
5043,80-89,2021,24,personer,ssb_07459,ekte
5043,90+,2021,8,personer,ssb_07459,ekte
5043,alle,2021,459,personer,ssb_07459,ekte
5044,0-17,2021,145,personer,ssb_07459,ekte
5044,18-29,2021,115,personer,ssb_07459,ekte
5044,30-49,2021,161,personer,ssb_07459,ekte
5044,50-66,2021,208,personer,ssb_07459,ekte
5044,67-79,2021,140,personer,ssb_07459,ekte
5044,80-89,2021,65,personer,ssb_07459,ekte
5044,90+,2021,12,personer,ssb_07459,ekte
5044,alle,2021,846,personer,ssb_07459,ekte
5045,0-17,2021,460,personer,ssb_07459,ekte
5045,18-29,2021,300,personer,ssb_07459,ekte
5045,30-49,2021,502,personer,ssb_07459,ekte
5045,50-66,2021,572,personer,ssb_07459,ekte
5045,67-79,2021,337,personer,ssb_07459,ekte
5045,80-89,2021,133,personer,ssb_07459,ekte
5045,90+,2021,43,personer,ssb_07459,ekte
5045,alle,2021,2347,personer,ssb_07459,ekte
5046,0-17,2021,274,personer,ssb_07459,ekte
5046,18-29,2021,151,personer,ssb_07459,ekte
5046,30-49,2021,256,personer,ssb_07459,ekte
5046,50-66,2021,242,personer,ssb_07459,ekte
5046,67-79,2021,204,personer,ssb_07459,ekte
5046,80-89,2021,75,personer,ssb_07459,ekte
5046,90+,2021,13,personer,ssb_07459,ekte
5046,alle,2021,1215,personer,ssb_07459,ekte
5047,0-17,2021,925,personer,ssb_07459,ekte
5047,18-29,2021,547,personer,ssb_07459,ekte
5047,30-49,2021,935,personer,ssb_07459,ekte
5047,50-66,2021,820,personer,ssb_07459,ekte
5047,67-79,2021,447,personer,ssb_07459,ekte
5047,80-89,2021,155,personer,ssb_07459,ekte
5047,90+,2021,36,personer,ssb_07459,ekte
5047,alle,2021,3865,personer,ssb_07459,ekte
5049,0-17,2021,156,personer,ssb_07459,ekte
5049,18-29,2021,175,personer,ssb_07459,ekte
5049,30-49,2021,209,personer,ssb_07459,ekte
5049,50-66,2021,314,personer,ssb_07459,ekte
5049,67-79,2021,183,personer,ssb_07459,ekte
5049,80-89,2021,55,personer,ssb_07459,ekte
5049,90+,2021,8,personer,ssb_07459,ekte
5049,alle,2021,1100,personer,ssb_07459,ekte
5052,0-17,2021,107,personer,ssb_07459,ekte
5052,18-29,2021,58,personer,ssb_07459,ekte
5052,30-49,2021,104,personer,ssb_07459,ekte
5052,50-66,2021,142,personer,ssb_07459,ekte
5052,67-79,2021,107,personer,ssb_07459,ekte
5052,80-89,2021,34,personer,ssb_07459,ekte
5052,90+,2021,11,personer,ssb_07459,ekte
5052,alle,2021,563,personer,ssb_07459,ekte
5053,0-17,2021,1471,personer,ssb_07459,ekte
5053,18-29,2021,889,personer,ssb_07459,ekte
5053,30-49,2021,1538,personer,ssb_07459,ekte
5053,50-66,2021,1538,personer,ssb_07459,ekte
5053,67-79,2021,987,personer,ssb_07459,ekte
5053,80-89,2021,271,personer,ssb_07459,ekte
5053,90+,2021,70,personer,ssb_07459,ekte
5053,alle,2021,6764,personer,ssb_07459,ekte
5054,0-17,2021,2012,personer,ssb_07459,ekte
5054,18-29,2021,1273,personer,ssb_07459,ekte
5054,30-49,2021,2292,personer,ssb_07459,ekte
5054,50-66,2021,2293,personer,ssb_07459,ekte
5054,67-79,2021,1494,personer,ssb_07459,ekte
5054,80-89,2021,471,personer,ssb_07459,ekte
5054,90+,2021,113,personer,ssb_07459,ekte
5054,alle,2021,9948,personer,ssb_07459,ekte
5055,0-17,2021,1113,personer,ssb_07459,ekte
5055,18-29,2021,836,personer,ssb_07459,ekte
5055,30-49,2021,1260,personer,ssb_07459,ekte
5055,50-66,2021,1426,personer,ssb_07459,ekte
5055,67-79,2021,931,personer,ssb_07459,ekte
5055,80-89,2021,303,personer,ssb_07459,ekte
5055,90+,2021,72,personer,ssb_07459,ekte
5055,alle,2021,5941,personer,ssb_07459,ekte
5056,0-17,2021,934,personer,ssb_07459,ekte
5056,18-29,2021,759,personer,ssb_07459,ekte
5056,30-49,2021,1381,personer,ssb_07459,ekte
5056,50-66,2021,1112,personer,ssb_07459,ekte
5056,67-79,2021,695,personer,ssb_07459,ekte
5056,80-89,2021,224,personer,ssb_07459,ekte
5056,90+,2021,35,personer,ssb_07459,ekte
5056,alle,2021,5140,personer,ssb_07459,ekte
5057,0-17,2021,2113,personer,ssb_07459,ekte
5057,18-29,2021,1484,personer,ssb_07459,ekte
5057,30-49,2021,2385,personer,ssb_07459,ekte
5057,50-66,2021,2352,personer,ssb_07459,ekte
5057,67-79,2021,1387,personer,ssb_07459,ekte
5057,80-89,2021,486,personer,ssb_07459,ekte
5057,90+,2021,99,personer,ssb_07459,ekte
5057,alle,2021,10306,personer,ssb_07459,ekte
5058,0-17,2021,780,personer,ssb_07459,ekte
5058,18-29,2021,625,personer,ssb_07459,ekte
5058,30-49,2021,836,personer,ssb_07459,ekte
5058,50-66,2021,1067,personer,ssb_07459,ekte
5058,67-79,2021,674,personer,ssb_07459,ekte
5058,80-89,2021,234,personer,ssb_07459,ekte
5058,90+,2021,55,personer,ssb_07459,ekte
5058,alle,2021,4271,personer,ssb_07459,ekte
5059,0-17,2021,3723,personer,ssb_07459,ekte
5059,18-29,2021,2461,personer,ssb_07459,ekte
5059,30-49,2021,4387,personer,ssb_07459,ekte
5059,50-66,2021,4188,personer,ssb_07459,ekte
5059,67-79,2021,2520,personer,ssb_07459,ekte
5059,80-89,2021,808,personer,ssb_07459,ekte
5059,90+,2021,213,personer,ssb_07459,ekte
5059,alle,2021,18300,personer,ssb_07459,ekte
5060,0-17,2021,2012,personer,ssb_07459,ekte
5060,18-29,2021,1486,personer,ssb_07459,ekte
5060,30-49,2021,2320,personer,ssb_07459,ekte
5060,50-66,2021,2082,personer,ssb_07459,ekte
5060,67-79,2021,1179,personer,ssb_07459,ekte
5060,80-89,2021,417,personer,ssb_07459,ekte
5060,90+,2021,85,personer,ssb_07459,ekte
5060,alle,2021,9581,personer,ssb_07459,ekte
5061,0-17,2021,391,personer,ssb_07459,ekte
5061,18-29,2021,274,personer,ssb_07459,ekte
5061,30-49,2021,426,personer,ssb_07459,ekte
5061,50-66,2021,440,personer,ssb_07459,ekte
5061,67-79,2021,314,personer,ssb_07459,ekte
5061,80-89,2021,114,personer,ssb_07459,ekte
5061,90+,2021,30,personer,ssb_07459,ekte
5061,alle,2021,1989,personer,ssb_07459,ekte
1804,0-17,2021,10677,personer,ssb_07459,ekte
1804,18-29,2021,8914,personer,ssb_07459,ekte
1804,30-49,2021,14165,personer,ssb_07459,ekte
1804,50-66,2021,11106,personer,ssb_07459,ekte
1804,67-79,2021,5618,personer,ssb_07459,ekte
1804,80-89,2021,1734,personer,ssb_07459,ekte
1804,90+,2021,346,personer,ssb_07459,ekte
1804,alle,2021,52560,personer,ssb_07459,ekte
1806,0-17,2021,4057,personer,ssb_07459,ekte
1806,18-29,2021,3173,personer,ssb_07459,ekte
1806,30-49,2021,5075,personer,ssb_07459,ekte
1806,50-66,2021,5175,personer,ssb_07459,ekte
1806,67-79,2021,2922,personer,ssb_07459,ekte
1806,80-89,2021,1018,personer,ssb_07459,ekte
1806,90+,2021,241,personer,ssb_07459,ekte
1806,alle,2021,21661,personer,ssb_07459,ekte
1811,0-17,2021,271,personer,ssb_07459,ekte
1811,18-29,2021,138,personer,ssb_07459,ekte
1811,30-49,2021,257,personer,ssb_07459,ekte
1811,50-66,2021,356,personer,ssb_07459,ekte
1811,67-79,2021,271,personer,ssb_07459,ekte
1811,80-89,2021,82,personer,ssb_07459,ekte
1811,90+,2021,22,personer,ssb_07459,ekte
1811,alle,2021,1397,personer,ssb_07459,ekte
1812,0-17,2021,391,personer,ssb_07459,ekte
1812,18-29,2021,254,personer,ssb_07459,ekte
1812,30-49,2021,443,personer,ssb_07459,ekte
1812,50-66,2021,481,personer,ssb_07459,ekte
1812,67-79,2021,298,personer,ssb_07459,ekte
1812,80-89,2021,100,personer,ssb_07459,ekte
1812,90+,2021,23,personer,ssb_07459,ekte
1812,alle,2021,1990,personer,ssb_07459,ekte
1813,0-17,2021,1611,personer,ssb_07459,ekte
1813,18-29,2021,1085,personer,ssb_07459,ekte
1813,30-49,2021,1858,personer,ssb_07459,ekte
1813,50-66,2021,1890,personer,ssb_07459,ekte
1813,67-79,2021,984,personer,ssb_07459,ekte
1813,80-89,2021,310,personer,ssb_07459,ekte
1813,90+,2021,65,personer,ssb_07459,ekte
1813,alle,2021,7803,personer,ssb_07459,ekte
1815,0-17,2021,208,personer,ssb_07459,ekte
1815,18-29,2021,143,personer,ssb_07459,ekte
1815,30-49,2021,241,personer,ssb_07459,ekte
1815,50-66,2021,312,personer,ssb_07459,ekte
1815,67-79,2021,190,personer,ssb_07459,ekte
1815,80-89,2021,68,personer,ssb_07459,ekte
1815,90+,2021,20,personer,ssb_07459,ekte
1815,alle,2021,1182,personer,ssb_07459,ekte
1816,0-17,2021,78,personer,ssb_07459,ekte
1816,18-29,2021,62,personer,ssb_07459,ekte
1816,30-49,2021,92,personer,ssb_07459,ekte
1816,50-66,2021,120,personer,ssb_07459,ekte
1816,67-79,2021,85,personer,ssb_07459,ekte
1816,80-89,2021,24,personer,ssb_07459,ekte
1816,90+,2021,4,personer,ssb_07459,ekte
1816,alle,2021,465,personer,ssb_07459,ekte
1818,0-17,2021,371,personer,ssb_07459,ekte
1818,18-29,2021,209,personer,ssb_07459,ekte
1818,30-49,2021,418,personer,ssb_07459,ekte
1818,50-66,2021,436,personer,ssb_07459,ekte
1818,67-79,2021,270,personer,ssb_07459,ekte
1818,80-89,2021,74,personer,ssb_07459,ekte
1818,90+,2021,15,personer,ssb_07459,ekte
1818,alle,2021,1793,personer,ssb_07459,ekte
1820,0-17,2021,1434,personer,ssb_07459,ekte
1820,18-29,2021,1083,personer,ssb_07459,ekte
1820,30-49,2021,1699,personer,ssb_07459,ekte
1820,50-66,2021,1765,personer,ssb_07459,ekte
1820,67-79,2021,1038,personer,ssb_07459,ekte
1820,80-89,2021,316,personer,ssb_07459,ekte
1820,90+,2021,59,personer,ssb_07459,ekte
1820,alle,2021,7394,personer,ssb_07459,ekte
1822,0-17,2021,514,personer,ssb_07459,ekte
1822,18-29,2021,257,personer,ssb_07459,ekte
1822,30-49,2021,560,personer,ssb_07459,ekte
1822,50-66,2021,527,personer,ssb_07459,ekte
1822,67-79,2021,297,personer,ssb_07459,ekte
1822,80-89,2021,87,personer,ssb_07459,ekte
1822,90+,2021,36,personer,ssb_07459,ekte
1822,alle,2021,2278,personer,ssb_07459,ekte
1824,0-17,2021,2507,personer,ssb_07459,ekte
1824,18-29,2021,1980,personer,ssb_07459,ekte
1824,30-49,2021,3068,personer,ssb_07459,ekte
1824,50-66,2021,3137,personer,ssb_07459,ekte
1824,67-79,2021,1769,personer,ssb_07459,ekte
1824,80-89,2021,654,personer,ssb_07459,ekte
1824,90+,2021,153,personer,ssb_07459,ekte
1824,alle,2021,13268,personer,ssb_07459,ekte
1825,0-17,2021,264,personer,ssb_07459,ekte
1825,18-29,2021,193,personer,ssb_07459,ekte
1825,30-49,2021,312,personer,ssb_07459,ekte
1825,50-66,2021,346,personer,ssb_07459,ekte
1825,67-79,2021,229,personer,ssb_07459,ekte
1825,80-89,2021,91,personer,ssb_07459,ekte
1825,90+,2021,18,personer,ssb_07459,ekte
1825,alle,2021,1453,personer,ssb_07459,ekte
1826,0-17,2021,219,personer,ssb_07459,ekte
1826,18-29,2021,156,personer,ssb_07459,ekte
1826,30-49,2021,254,personer,ssb_07459,ekte
1826,50-66,2021,309,personer,ssb_07459,ekte
1826,67-79,2021,229,personer,ssb_07459,ekte
1826,80-89,2021,84,personer,ssb_07459,ekte
1826,90+,2021,16,personer,ssb_07459,ekte
1826,alle,2021,1267,personer,ssb_07459,ekte
1827,0-17,2021,244,personer,ssb_07459,ekte
1827,18-29,2021,179,personer,ssb_07459,ekte
1827,30-49,2021,275,personer,ssb_07459,ekte
1827,50-66,2021,358,personer,ssb_07459,ekte
1827,67-79,2021,235,personer,ssb_07459,ekte
1827,80-89,2021,65,personer,ssb_07459,ekte
1827,90+,2021,15,personer,ssb_07459,ekte
1827,alle,2021,1371,personer,ssb_07459,ekte
1828,0-17,2021,328,personer,ssb_07459,ekte
1828,18-29,2021,237,personer,ssb_07459,ekte
1828,30-49,2021,402,personer,ssb_07459,ekte
1828,50-66,2021,416,personer,ssb_07459,ekte
1828,67-79,2021,224,personer,ssb_07459,ekte
1828,80-89,2021,83,personer,ssb_07459,ekte
1828,90+,2021,11,personer,ssb_07459,ekte
1828,alle,2021,1701,personer,ssb_07459,ekte
1832,0-17,2021,840,personer,ssb_07459,ekte
1832,18-29,2021,608,personer,ssb_07459,ekte
1832,30-49,2021,990,personer,ssb_07459,ekte
1832,50-66,2021,1010,personer,ssb_07459,ekte
1832,67-79,2021,677,personer,ssb_07459,ekte
1832,80-89,2021,237,personer,ssb_07459,ekte
1832,90+,2021,66,personer,ssb_07459,ekte
1832,alle,2021,4428,personer,ssb_07459,ekte
1833,0-17,2021,5085,personer,ssb_07459,ekte
1833,18-29,2021,4000,personer,ssb_07459,ekte
1833,30-49,2021,6182,personer,ssb_07459,ekte
1833,50-66,2021,6110,personer,ssb_07459,ekte
1833,67-79,2021,3326,personer,ssb_07459,ekte
1833,80-89,2021,1099,personer,ssb_07459,ekte
1833,90+,2021,281,personer,ssb_07459,ekte
1833,alle,2021,26083,personer,ssb_07459,ekte
1834,0-17,2021,346,personer,ssb_07459,ekte
1834,18-29,2021,249,personer,ssb_07459,ekte
1834,30-49,2021,422,personer,ssb_07459,ekte
1834,50-66,2021,434,personer,ssb_07459,ekte
1834,67-79,2021,295,personer,ssb_07459,ekte
1834,80-89,2021,112,personer,ssb_07459,ekte
1834,90+,2021,18,personer,ssb_07459,ekte
1834,alle,2021,1876,personer,ssb_07459,ekte
1835,0-17,2021,71,personer,ssb_07459,ekte
1835,18-29,2021,65,personer,ssb_07459,ekte
1835,30-49,2021,123,personer,ssb_07459,ekte
1835,50-66,2021,107,personer,ssb_07459,ekte
1835,67-79,2021,54,personer,ssb_07459,ekte
1835,80-89,2021,17,personer,ssb_07459,ekte
1835,90+,2021,5,personer,ssb_07459,ekte
1835,alle,2021,442,personer,ssb_07459,ekte
1836,0-17,2021,246,personer,ssb_07459,ekte
1836,18-29,2021,183,personer,ssb_07459,ekte
1836,30-49,2021,234,personer,ssb_07459,ekte
1836,50-66,2021,284,personer,ssb_07459,ekte
1836,67-79,2021,185,personer,ssb_07459,ekte
1836,80-89,2021,62,personer,ssb_07459,ekte
1836,90+,2021,12,personer,ssb_07459,ekte
1836,alle,2021,1206,personer,ssb_07459,ekte
1837,0-17,2021,1251,personer,ssb_07459,ekte
1837,18-29,2021,909,personer,ssb_07459,ekte
1837,30-49,2021,1366,personer,ssb_07459,ekte
1837,50-66,2021,1475,personer,ssb_07459,ekte
1837,67-79,2021,870,personer,ssb_07459,ekte
1837,80-89,2021,292,personer,ssb_07459,ekte
1837,90+,2021,84,personer,ssb_07459,ekte
1837,alle,2021,6247,personer,ssb_07459,ekte
1838,0-17,2021,314,personer,ssb_07459,ekte
1838,18-29,2021,202,personer,ssb_07459,ekte
1838,30-49,2021,429,personer,ssb_07459,ekte
1838,50-66,2021,496,personer,ssb_07459,ekte
1838,67-79,2021,347,personer,ssb_07459,ekte
1838,80-89,2021,110,personer,ssb_07459,ekte
1838,90+,2021,22,personer,ssb_07459,ekte
1838,alle,2021,1920,personer,ssb_07459,ekte
1839,0-17,2021,146,personer,ssb_07459,ekte
1839,18-29,2021,107,personer,ssb_07459,ekte
1839,30-49,2021,196,personer,ssb_07459,ekte
1839,50-66,2021,268,personer,ssb_07459,ekte
1839,67-79,2021,196,personer,ssb_07459,ekte
1839,80-89,2021,74,personer,ssb_07459,ekte
1839,90+,2021,12,personer,ssb_07459,ekte
1839,alle,2021,999,personer,ssb_07459,ekte
1840,0-17,2021,910,personer,ssb_07459,ekte
1840,18-29,2021,550,personer,ssb_07459,ekte
1840,30-49,2021,1026,personer,ssb_07459,ekte
1840,50-66,2021,1135,personer,ssb_07459,ekte
1840,67-79,2021,758,personer,ssb_07459,ekte
1840,80-89,2021,206,personer,ssb_07459,ekte
1840,90+,2021,47,personer,ssb_07459,ekte
1840,alle,2021,4632,personer,ssb_07459,ekte
1841,0-17,2021,1760,personer,ssb_07459,ekte
1841,18-29,2021,1362,personer,ssb_07459,ekte
1841,30-49,2021,2304,personer,ssb_07459,ekte
1841,50-66,2021,2279,personer,ssb_07459,ekte
1841,67-79,2021,1419,personer,ssb_07459,ekte
1841,80-89,2021,419,personer,ssb_07459,ekte
1841,90+,2021,97,personer,ssb_07459,ekte
1841,alle,2021,9640,personer,ssb_07459,ekte
1845,0-17,2021,346,personer,ssb_07459,ekte
1845,18-29,2021,238,personer,ssb_07459,ekte
1845,30-49,2021,401,personer,ssb_07459,ekte
1845,50-66,2021,443,personer,ssb_07459,ekte
1845,67-79,2021,355,personer,ssb_07459,ekte
1845,80-89,2021,99,personer,ssb_07459,ekte
1845,90+,2021,30,personer,ssb_07459,ekte
1845,alle,2021,1912,personer,ssb_07459,ekte
1848,0-17,2021,450,personer,ssb_07459,ekte
1848,18-29,2021,325,personer,ssb_07459,ekte
1848,30-49,2021,591,personer,ssb_07459,ekte
1848,50-66,2021,605,personer,ssb_07459,ekte
1848,67-79,2021,448,personer,ssb_07459,ekte
1848,80-89,2021,132,personer,ssb_07459,ekte
1848,90+,2021,35,personer,ssb_07459,ekte
1848,alle,2021,2586,personer,ssb_07459,ekte
1851,0-17,2021,305,personer,ssb_07459,ekte
1851,18-29,2021,224,personer,ssb_07459,ekte
1851,30-49,2021,393,personer,ssb_07459,ekte
1851,50-66,2021,541,personer,ssb_07459,ekte
1851,67-79,2021,370,personer,ssb_07459,ekte
1851,80-89,2021,129,personer,ssb_07459,ekte
1851,90+,2021,41,personer,ssb_07459,ekte
1851,alle,2021,2003,personer,ssb_07459,ekte
1853,0-17,2021,210,personer,ssb_07459,ekte
1853,18-29,2021,167,personer,ssb_07459,ekte
1853,30-49,2021,263,personer,ssb_07459,ekte
1853,50-66,2021,324,personer,ssb_07459,ekte
1853,67-79,2021,274,personer,ssb_07459,ekte
1853,80-89,2021,62,personer,ssb_07459,ekte
1853,90+,2021,24,personer,ssb_07459,ekte
1853,alle,2021,1324,personer,ssb_07459,ekte
1856,0-17,2021,71,personer,ssb_07459,ekte
1856,18-29,2021,72,personer,ssb_07459,ekte
1856,30-49,2021,109,personer,ssb_07459,ekte
1856,50-66,2021,134,personer,ssb_07459,ekte
1856,67-79,2021,66,personer,ssb_07459,ekte
1856,80-89,2021,28,personer,ssb_07459,ekte
1856,90+,2021,8,personer,ssb_07459,ekte
1856,alle,2021,488,personer,ssb_07459,ekte
1857,0-17,2021,123,personer,ssb_07459,ekte
1857,18-29,2021,83,personer,ssb_07459,ekte
1857,30-49,2021,175,personer,ssb_07459,ekte
1857,50-66,2021,174,personer,ssb_07459,ekte
1857,67-79,2021,94,personer,ssb_07459,ekte
1857,80-89,2021,42,personer,ssb_07459,ekte
1857,90+,2021,7,personer,ssb_07459,ekte
1857,alle,2021,698,personer,ssb_07459,ekte
1859,0-17,2021,192,personer,ssb_07459,ekte
1859,18-29,2021,169,personer,ssb_07459,ekte
1859,30-49,2021,242,personer,ssb_07459,ekte
1859,50-66,2021,324,personer,ssb_07459,ekte
1859,67-79,2021,198,personer,ssb_07459,ekte
1859,80-89,2021,91,personer,ssb_07459,ekte
1859,90+,2021,22,personer,ssb_07459,ekte
1859,alle,2021,1238,personer,ssb_07459,ekte
1860,0-17,2021,2457,personer,ssb_07459,ekte
1860,18-29,2021,1783,personer,ssb_07459,ekte
1860,30-49,2021,2711,personer,ssb_07459,ekte
1860,50-66,2021,2529,personer,ssb_07459,ekte
1860,67-79,2021,1464,personer,ssb_07459,ekte
1860,80-89,2021,466,personer,ssb_07459,ekte
1860,90+,2021,111,personer,ssb_07459,ekte
1860,alle,2021,11521,personer,ssb_07459,ekte
1865,0-17,2021,1885,personer,ssb_07459,ekte
1865,18-29,2021,1379,personer,ssb_07459,ekte
1865,30-49,2021,2522,personer,ssb_07459,ekte
1865,50-66,2021,2135,personer,ssb_07459,ekte
1865,67-79,2021,1328,personer,ssb_07459,ekte
1865,80-89,2021,337,personer,ssb_07459,ekte
1865,90+,2021,84,personer,ssb_07459,ekte
1865,alle,2021,9670,personer,ssb_07459,ekte
1866,0-17,2021,1545,personer,ssb_07459,ekte
1866,18-29,2021,1165,personer,ssb_07459,ekte
1866,30-49,2021,1874,personer,ssb_07459,ekte
1866,50-66,2021,1836,personer,ssb_07459,ekte
1866,67-79,2021,1215,personer,ssb_07459,ekte
1866,80-89,2021,357,personer,ssb_07459,ekte
1866,90+,2021,73,personer,ssb_07459,ekte
1866,alle,2021,8065,personer,ssb_07459,ekte
1867,0-17,2021,390,personer,ssb_07459,ekte
1867,18-29,2021,322,personer,ssb_07459,ekte
1867,30-49,2021,490,personer,ssb_07459,ekte
1867,50-66,2021,696,personer,ssb_07459,ekte
1867,67-79,2021,451,personer,ssb_07459,ekte
1867,80-89,2021,184,personer,ssb_07459,ekte
1867,90+,2021,43,personer,ssb_07459,ekte
1867,alle,2021,2576,personer,ssb_07459,ekte
1868,0-17,2021,798,personer,ssb_07459,ekte
1868,18-29,2021,620,personer,ssb_07459,ekte
1868,30-49,2021,1080,personer,ssb_07459,ekte
1868,50-66,2021,1058,personer,ssb_07459,ekte
1868,67-79,2021,610,personer,ssb_07459,ekte
1868,80-89,2021,201,personer,ssb_07459,ekte
1868,90+,2021,49,personer,ssb_07459,ekte
1868,alle,2021,4416,personer,ssb_07459,ekte
1870,0-17,2021,2181,personer,ssb_07459,ekte
1870,18-29,2021,1690,personer,ssb_07459,ekte
1870,30-49,2021,2571,personer,ssb_07459,ekte
1870,50-66,2021,2289,personer,ssb_07459,ekte
1870,67-79,2021,1332,personer,ssb_07459,ekte
1870,80-89,2021,359,personer,ssb_07459,ekte
1870,90+,2021,92,personer,ssb_07459,ekte
1870,alle,2021,10514,personer,ssb_07459,ekte
1871,0-17,2021,777,personer,ssb_07459,ekte
1871,18-29,2021,643,personer,ssb_07459,ekte
1871,30-49,2021,934,personer,ssb_07459,ekte
1871,50-66,2021,1127,personer,ssb_07459,ekte
1871,67-79,2021,774,personer,ssb_07459,ekte
1871,80-89,2021,274,personer,ssb_07459,ekte
1871,90+,2021,59,personer,ssb_07459,ekte
1871,alle,2021,4588,personer,ssb_07459,ekte
1874,0-17,2021,129,personer,ssb_07459,ekte
1874,18-29,2021,111,personer,ssb_07459,ekte
1874,30-49,2021,273,personer,ssb_07459,ekte
1874,50-66,2021,244,personer,ssb_07459,ekte
1874,67-79,2021,146,personer,ssb_07459,ekte
1874,80-89,2021,69,personer,ssb_07459,ekte
1874,90+,2021,17,personer,ssb_07459,ekte
1874,alle,2021,989,personer,ssb_07459,ekte
1875,0-17,2021,459,personer,ssb_07459,ekte
1875,18-29,2021,322,personer,ssb_07459,ekte
1875,30-49,2021,598,personer,ssb_07459,ekte
1875,50-66,2021,657,personer,ssb_07459,ekte
1875,67-79,2021,490,personer,ssb_07459,ekte
1875,80-89,2021,126,personer,ssb_07459,ekte
1875,90+,2021,49,personer,ssb_07459,ekte
1875,alle,2021,2701,personer,ssb_07459,ekte
5501,alle,2021,0,personer,ssb_07459,ekte
5503,alle,2021,0,personer,ssb_07459,ekte
5510,alle,2021,0,personer,ssb_07459,ekte
5512,alle,2021,0,personer,ssb_07459,ekte
5514,alle,2021,0,personer,ssb_07459,ekte
5516,alle,2021,0,personer,ssb_07459,ekte
5518,alle,2021,0,personer,ssb_07459,ekte
5520,alle,2021,0,personer,ssb_07459,ekte
5522,alle,2021,0,personer,ssb_07459,ekte
5524,alle,2021,0,personer,ssb_07459,ekte
5526,alle,2021,0,personer,ssb_07459,ekte
5528,alle,2021,0,personer,ssb_07459,ekte
5530,alle,2021,0,personer,ssb_07459,ekte
5532,alle,2021,0,personer,ssb_07459,ekte
5534,alle,2021,0,personer,ssb_07459,ekte
5536,alle,2021,0,personer,ssb_07459,ekte
5538,alle,2021,0,personer,ssb_07459,ekte
5540,alle,2021,0,personer,ssb_07459,ekte
5542,alle,2021,0,personer,ssb_07459,ekte
5544,alle,2021,0,personer,ssb_07459,ekte
5546,alle,2021,0,personer,ssb_07459,ekte
5601,alle,2021,0,personer,ssb_07459,ekte
5603,alle,2021,0,personer,ssb_07459,ekte
5605,alle,2021,0,personer,ssb_07459,ekte
5607,alle,2021,0,personer,ssb_07459,ekte
5610,alle,2021,0,personer,ssb_07459,ekte
5612,alle,2021,0,personer,ssb_07459,ekte
5614,alle,2021,0,personer,ssb_07459,ekte
5616,alle,2021,0,personer,ssb_07459,ekte
5618,alle,2021,0,personer,ssb_07459,ekte
5620,alle,2021,0,personer,ssb_07459,ekte
5622,alle,2021,0,personer,ssb_07459,ekte
5624,alle,2021,0,personer,ssb_07459,ekte
5626,alle,2021,0,personer,ssb_07459,ekte
5628,alle,2021,0,personer,ssb_07459,ekte
5630,alle,2021,0,personer,ssb_07459,ekte
5632,alle,2021,0,personer,ssb_07459,ekte
5634,alle,2021,0,personer,ssb_07459,ekte
5636,alle,2021,0,personer,ssb_07459,ekte
3101,alle,2022,0,personer,ssb_07459,ekte
3103,alle,2022,0,personer,ssb_07459,ekte
3105,alle,2022,0,personer,ssb_07459,ekte
3107,alle,2022,0,personer,ssb_07459,ekte
3110,alle,2022,0,personer,ssb_07459,ekte
3112,alle,2022,0,personer,ssb_07459,ekte
3114,alle,2022,0,personer,ssb_07459,ekte
3116,alle,2022,0,personer,ssb_07459,ekte
3118,alle,2022,0,personer,ssb_07459,ekte
3120,alle,2022,0,personer,ssb_07459,ekte
3122,alle,2022,0,personer,ssb_07459,ekte
3124,alle,2022,0,personer,ssb_07459,ekte
3201,alle,2022,0,personer,ssb_07459,ekte
3203,alle,2022,0,personer,ssb_07459,ekte
3205,alle,2022,0,personer,ssb_07459,ekte
3207,alle,2022,0,personer,ssb_07459,ekte
3209,alle,2022,0,personer,ssb_07459,ekte
3212,alle,2022,0,personer,ssb_07459,ekte
3214,alle,2022,0,personer,ssb_07459,ekte
3216,alle,2022,0,personer,ssb_07459,ekte
3218,alle,2022,0,personer,ssb_07459,ekte
3220,alle,2022,0,personer,ssb_07459,ekte
3222,alle,2022,0,personer,ssb_07459,ekte
3224,alle,2022,0,personer,ssb_07459,ekte
3226,alle,2022,0,personer,ssb_07459,ekte
3228,alle,2022,0,personer,ssb_07459,ekte
3230,alle,2022,0,personer,ssb_07459,ekte
3232,alle,2022,0,personer,ssb_07459,ekte
3234,alle,2022,0,personer,ssb_07459,ekte
3236,alle,2022,0,personer,ssb_07459,ekte
3238,alle,2022,0,personer,ssb_07459,ekte
3240,alle,2022,0,personer,ssb_07459,ekte
3242,alle,2022,0,personer,ssb_07459,ekte
0301,0-17,2022,132117,personer,ssb_07459,ekte
0301,18-29,2022,133792,personer,ssb_07459,ekte
0301,30-49,2022,231119,personer,ssb_07459,ekte
0301,50-66,2022,123483,personer,ssb_07459,ekte
0301,67-79,2022,57643,personer,ssb_07459,ekte
0301,80-89,2022,16803,personer,ssb_07459,ekte
0301,90+,2022,4870,personer,ssb_07459,ekte
0301,alle,2022,699827,personer,ssb_07459,ekte
3301,alle,2022,0,personer,ssb_07459,ekte
3303,alle,2022,0,personer,ssb_07459,ekte
3305,alle,2022,0,personer,ssb_07459,ekte
3310,alle,2022,0,personer,ssb_07459,ekte
3312,alle,2022,0,personer,ssb_07459,ekte
3314,alle,2022,0,personer,ssb_07459,ekte
3316,alle,2022,0,personer,ssb_07459,ekte
3318,alle,2022,0,personer,ssb_07459,ekte
3320,alle,2022,0,personer,ssb_07459,ekte
3322,alle,2022,0,personer,ssb_07459,ekte
3324,alle,2022,0,personer,ssb_07459,ekte
3326,alle,2022,0,personer,ssb_07459,ekte
3328,alle,2022,0,personer,ssb_07459,ekte
3330,alle,2022,0,personer,ssb_07459,ekte
3332,alle,2022,0,personer,ssb_07459,ekte
3334,alle,2022,0,personer,ssb_07459,ekte
3336,alle,2022,0,personer,ssb_07459,ekte
3338,alle,2022,0,personer,ssb_07459,ekte
3401,0-17,2022,3159,personer,ssb_07459,ekte
3401,18-29,2022,2352,personer,ssb_07459,ekte
3401,30-49,2022,4076,personer,ssb_07459,ekte
3401,50-66,2022,4396,personer,ssb_07459,ekte
3401,67-79,2022,2959,personer,ssb_07459,ekte
3401,80-89,2022,841,personer,ssb_07459,ekte
3401,90+,2022,166,personer,ssb_07459,ekte
3401,alle,2022,17949,personer,ssb_07459,ekte
3403,0-17,2022,5896,personer,ssb_07459,ekte
3403,18-29,2022,4786,personer,ssb_07459,ekte
3403,30-49,2022,7912,personer,ssb_07459,ekte
3403,50-66,2022,6953,personer,ssb_07459,ekte
3403,67-79,2022,4619,personer,ssb_07459,ekte
3403,80-89,2022,1430,personer,ssb_07459,ekte
3403,90+,2022,403,personer,ssb_07459,ekte
3403,alle,2022,31999,personer,ssb_07459,ekte
3405,0-17,2022,5274,personer,ssb_07459,ekte
3405,18-29,2022,4795,personer,ssb_07459,ekte
3405,30-49,2022,6754,personer,ssb_07459,ekte
3405,50-66,2022,6239,personer,ssb_07459,ekte
3405,67-79,2022,3762,personer,ssb_07459,ekte
3405,80-89,2022,1284,personer,ssb_07459,ekte
3405,90+,2022,317,personer,ssb_07459,ekte
3405,alle,2022,28425,personer,ssb_07459,ekte
3407,0-17,2022,5571,personer,ssb_07459,ekte
3407,18-29,2022,4851,personer,ssb_07459,ekte
3407,30-49,2022,7523,personer,ssb_07459,ekte
3407,50-66,2022,6694,personer,ssb_07459,ekte
3407,67-79,2022,4075,personer,ssb_07459,ekte
3407,80-89,2022,1254,personer,ssb_07459,ekte
3407,90+,2022,299,personer,ssb_07459,ekte
3407,alle,2022,30267,personer,ssb_07459,ekte
3411,0-17,2022,6824,personer,ssb_07459,ekte
3411,18-29,2022,4780,personer,ssb_07459,ekte
3411,30-49,2022,8887,personer,ssb_07459,ekte
3411,50-66,2022,8242,personer,ssb_07459,ekte
3411,67-79,2022,4613,personer,ssb_07459,ekte
3411,80-89,2022,1426,personer,ssb_07459,ekte
3411,90+,2022,301,personer,ssb_07459,ekte
3411,alle,2022,35073,personer,ssb_07459,ekte
3412,0-17,2022,1509,personer,ssb_07459,ekte
3412,18-29,2022,966,personer,ssb_07459,ekte
3412,30-49,2022,1958,personer,ssb_07459,ekte
3412,50-66,2022,1815,personer,ssb_07459,ekte
3412,67-79,2022,1104,personer,ssb_07459,ekte
3412,80-89,2022,304,personer,ssb_07459,ekte
3412,90+,2022,59,personer,ssb_07459,ekte
3412,alle,2022,7715,personer,ssb_07459,ekte
3413,0-17,2022,4267,personer,ssb_07459,ekte
3413,18-29,2022,2696,personer,ssb_07459,ekte
3413,30-49,2022,5390,personer,ssb_07459,ekte
3413,50-66,2022,4856,personer,ssb_07459,ekte
3413,67-79,2022,2876,personer,ssb_07459,ekte
3413,80-89,2022,872,personer,ssb_07459,ekte
3413,90+,2022,199,personer,ssb_07459,ekte
3413,alle,2022,21156,personer,ssb_07459,ekte
3414,0-17,2022,805,personer,ssb_07459,ekte
3414,18-29,2022,614,personer,ssb_07459,ekte
3414,30-49,2022,1078,personer,ssb_07459,ekte
3414,50-66,2022,1349,personer,ssb_07459,ekte
3414,67-79,2022,853,personer,ssb_07459,ekte
3414,80-89,2022,261,personer,ssb_07459,ekte
3414,90+,2022,56,personer,ssb_07459,ekte
3414,alle,2022,5016,personer,ssb_07459,ekte
3415,0-17,2022,1419,personer,ssb_07459,ekte
3415,18-29,2022,1013,personer,ssb_07459,ekte
3415,30-49,2022,1970,personer,ssb_07459,ekte
3415,50-66,2022,2047,personer,ssb_07459,ekte
3415,67-79,2022,1145,personer,ssb_07459,ekte
3415,80-89,2022,307,personer,ssb_07459,ekte
3415,90+,2022,77,personer,ssb_07459,ekte
3415,alle,2022,7978,personer,ssb_07459,ekte
3416,0-17,2022,911,personer,ssb_07459,ekte
3416,18-29,2022,734,personer,ssb_07459,ekte
3416,30-49,2022,1248,personer,ssb_07459,ekte
3416,50-66,2022,1719,personer,ssb_07459,ekte
3416,67-79,2022,1041,personer,ssb_07459,ekte
3416,80-89,2022,294,personer,ssb_07459,ekte
3416,90+,2022,85,personer,ssb_07459,ekte
3416,alle,2022,6032,personer,ssb_07459,ekte
3417,0-17,2022,642,personer,ssb_07459,ekte
3417,18-29,2022,547,personer,ssb_07459,ekte
3417,30-49,2022,871,personer,ssb_07459,ekte
3417,50-66,2022,1292,personer,ssb_07459,ekte
3417,67-79,2022,847,personer,ssb_07459,ekte
3417,80-89,2022,261,personer,ssb_07459,ekte
3417,90+,2022,88,personer,ssb_07459,ekte
3417,alle,2022,4548,personer,ssb_07459,ekte
3418,0-17,2022,1131,personer,ssb_07459,ekte
3418,18-29,2022,861,personer,ssb_07459,ekte
3418,30-49,2022,1534,personer,ssb_07459,ekte
3418,50-66,2022,1885,personer,ssb_07459,ekte
3418,67-79,2022,1282,personer,ssb_07459,ekte
3418,80-89,2022,432,personer,ssb_07459,ekte
3418,90+,2022,86,personer,ssb_07459,ekte
3418,alle,2022,7211,personer,ssb_07459,ekte
3419,0-17,2022,549,personer,ssb_07459,ekte
3419,18-29,2022,389,personer,ssb_07459,ekte
3419,30-49,2022,729,personer,ssb_07459,ekte
3419,50-66,2022,1012,personer,ssb_07459,ekte
3419,67-79,2022,687,personer,ssb_07459,ekte
3419,80-89,2022,194,personer,ssb_07459,ekte
3419,90+,2022,37,personer,ssb_07459,ekte
3419,alle,2022,3597,personer,ssb_07459,ekte
3420,0-17,2022,4202,personer,ssb_07459,ekte
3420,18-29,2022,3237,personer,ssb_07459,ekte
3420,30-49,2022,5264,personer,ssb_07459,ekte
3420,50-66,2022,4730,personer,ssb_07459,ekte
3420,67-79,2022,2945,personer,ssb_07459,ekte
3420,80-89,2022,848,personer,ssb_07459,ekte
3420,90+,2022,209,personer,ssb_07459,ekte
3420,alle,2022,21435,personer,ssb_07459,ekte
3421,0-17,2022,1106,personer,ssb_07459,ekte
3421,18-29,2022,802,personer,ssb_07459,ekte
3421,30-49,2022,1493,personer,ssb_07459,ekte
3421,50-66,2022,1650,personer,ssb_07459,ekte
3421,67-79,2022,1106,personer,ssb_07459,ekte
3421,80-89,2022,353,personer,ssb_07459,ekte
3421,90+,2022,93,personer,ssb_07459,ekte
3421,alle,2022,6603,personer,ssb_07459,ekte
3422,0-17,2022,699,personer,ssb_07459,ekte
3422,18-29,2022,772,personer,ssb_07459,ekte
3422,30-49,2022,913,personer,ssb_07459,ekte
3422,50-66,2022,959,personer,ssb_07459,ekte
3422,67-79,2022,621,personer,ssb_07459,ekte
3422,80-89,2022,190,personer,ssb_07459,ekte
3422,90+,2022,41,personer,ssb_07459,ekte
3422,alle,2022,4195,personer,ssb_07459,ekte
3423,0-17,2022,335,personer,ssb_07459,ekte
3423,18-29,2022,259,personer,ssb_07459,ekte
3423,30-49,2022,475,personer,ssb_07459,ekte
3423,50-66,2022,641,personer,ssb_07459,ekte
3423,67-79,2022,406,personer,ssb_07459,ekte
3423,80-89,2022,182,personer,ssb_07459,ekte
3423,90+,2022,20,personer,ssb_07459,ekte
3423,alle,2022,2318,personer,ssb_07459,ekte
3424,0-17,2022,251,personer,ssb_07459,ekte
3424,18-29,2022,166,personer,ssb_07459,ekte
3424,30-49,2022,300,personer,ssb_07459,ekte
3424,50-66,2022,515,personer,ssb_07459,ekte
3424,67-79,2022,370,personer,ssb_07459,ekte
3424,80-89,2022,94,personer,ssb_07459,ekte
3424,90+,2022,26,personer,ssb_07459,ekte
3424,alle,2022,1722,personer,ssb_07459,ekte
3425,0-17,2022,172,personer,ssb_07459,ekte
3425,18-29,2022,168,personer,ssb_07459,ekte
3425,30-49,2022,213,personer,ssb_07459,ekte
3425,50-66,2022,354,personer,ssb_07459,ekte
3425,67-79,2022,243,personer,ssb_07459,ekte
3425,80-89,2022,78,personer,ssb_07459,ekte
3425,90+,2022,25,personer,ssb_07459,ekte
3425,alle,2022,1253,personer,ssb_07459,ekte
3426,0-17,2022,330,personer,ssb_07459,ekte
3426,18-29,2022,209,personer,ssb_07459,ekte
3426,30-49,2022,323,personer,ssb_07459,ekte
3426,50-66,2022,378,personer,ssb_07459,ekte
3426,67-79,2022,218,personer,ssb_07459,ekte
3426,80-89,2022,80,personer,ssb_07459,ekte
3426,90+,2022,13,personer,ssb_07459,ekte
3426,alle,2022,1551,personer,ssb_07459,ekte
3427,0-17,2022,1123,personer,ssb_07459,ekte
3427,18-29,2022,775,personer,ssb_07459,ekte
3427,30-49,2022,1304,personer,ssb_07459,ekte
3427,50-66,2022,1273,personer,ssb_07459,ekte
3427,67-79,2022,805,personer,ssb_07459,ekte
3427,80-89,2022,241,personer,ssb_07459,ekte
3427,90+,2022,60,personer,ssb_07459,ekte
3427,alle,2022,5581,personer,ssb_07459,ekte
3428,0-17,2022,543,personer,ssb_07459,ekte
3428,18-29,2022,326,personer,ssb_07459,ekte
3428,30-49,2022,539,personer,ssb_07459,ekte
3428,50-66,2022,578,personer,ssb_07459,ekte
3428,67-79,2022,311,personer,ssb_07459,ekte
3428,80-89,2022,116,personer,ssb_07459,ekte
3428,90+,2022,32,personer,ssb_07459,ekte
3428,alle,2022,2445,personer,ssb_07459,ekte
3429,0-17,2022,237,personer,ssb_07459,ekte
3429,18-29,2022,192,personer,ssb_07459,ekte
3429,30-49,2022,305,personer,ssb_07459,ekte
3429,50-66,2022,393,personer,ssb_07459,ekte
3429,67-79,2022,287,personer,ssb_07459,ekte
3429,80-89,2022,97,personer,ssb_07459,ekte
3429,90+,2022,19,personer,ssb_07459,ekte
3429,alle,2022,1530,personer,ssb_07459,ekte
3430,0-17,2022,285,personer,ssb_07459,ekte
3430,18-29,2022,283,personer,ssb_07459,ekte
3430,30-49,2022,380,personer,ssb_07459,ekte
3430,50-66,2022,488,personer,ssb_07459,ekte
3430,67-79,2022,302,personer,ssb_07459,ekte
3430,80-89,2022,97,personer,ssb_07459,ekte
3430,90+,2022,20,personer,ssb_07459,ekte
3430,alle,2022,1855,personer,ssb_07459,ekte
3431,0-17,2022,399,personer,ssb_07459,ekte
3431,18-29,2022,327,personer,ssb_07459,ekte
3431,30-49,2022,511,personer,ssb_07459,ekte
3431,50-66,2022,610,personer,ssb_07459,ekte
3431,67-79,2022,459,personer,ssb_07459,ekte
3431,80-89,2022,160,personer,ssb_07459,ekte
3431,90+,2022,32,personer,ssb_07459,ekte
3431,alle,2022,2498,personer,ssb_07459,ekte
3432,0-17,2022,390,personer,ssb_07459,ekte
3432,18-29,2022,244,personer,ssb_07459,ekte
3432,30-49,2022,419,personer,ssb_07459,ekte
3432,50-66,2022,487,personer,ssb_07459,ekte
3432,67-79,2022,312,personer,ssb_07459,ekte
3432,80-89,2022,105,personer,ssb_07459,ekte
3432,90+,2022,29,personer,ssb_07459,ekte
3432,alle,2022,1986,personer,ssb_07459,ekte
3433,0-17,2022,349,personer,ssb_07459,ekte
3433,18-29,2022,262,personer,ssb_07459,ekte
3433,30-49,2022,467,personer,ssb_07459,ekte
3433,50-66,2022,546,personer,ssb_07459,ekte
3433,67-79,2022,375,personer,ssb_07459,ekte
3433,80-89,2022,129,personer,ssb_07459,ekte
3433,90+,2022,23,personer,ssb_07459,ekte
3433,alle,2022,2151,personer,ssb_07459,ekte
3434,0-17,2022,385,personer,ssb_07459,ekte
3434,18-29,2022,281,personer,ssb_07459,ekte
3434,30-49,2022,462,personer,ssb_07459,ekte
3434,50-66,2022,576,personer,ssb_07459,ekte
3434,67-79,2022,353,personer,ssb_07459,ekte
3434,80-89,2022,127,personer,ssb_07459,ekte
3434,90+,2022,27,personer,ssb_07459,ekte
3434,alle,2022,2211,personer,ssb_07459,ekte
3435,0-17,2022,665,personer,ssb_07459,ekte
3435,18-29,2022,477,personer,ssb_07459,ekte
3435,30-49,2022,801,personer,ssb_07459,ekte
3435,50-66,2022,837,personer,ssb_07459,ekte
3435,67-79,2022,564,personer,ssb_07459,ekte
3435,80-89,2022,207,personer,ssb_07459,ekte
3435,90+,2022,40,personer,ssb_07459,ekte
3435,alle,2022,3591,personer,ssb_07459,ekte
3436,0-17,2022,1004,personer,ssb_07459,ekte
3436,18-29,2022,753,personer,ssb_07459,ekte
3436,30-49,2022,1164,personer,ssb_07459,ekte
3436,50-66,2022,1427,personer,ssb_07459,ekte
3436,67-79,2022,915,personer,ssb_07459,ekte
3436,80-89,2022,307,personer,ssb_07459,ekte
3436,90+,2022,58,personer,ssb_07459,ekte
3436,alle,2022,5628,personer,ssb_07459,ekte
3437,0-17,2022,945,personer,ssb_07459,ekte
3437,18-29,2022,734,personer,ssb_07459,ekte
3437,30-49,2022,1174,personer,ssb_07459,ekte
3437,50-66,2022,1389,personer,ssb_07459,ekte
3437,67-79,2022,910,personer,ssb_07459,ekte
3437,80-89,2022,305,personer,ssb_07459,ekte
3437,90+,2022,74,personer,ssb_07459,ekte
3437,alle,2022,5531,personer,ssb_07459,ekte
3438,0-17,2022,572,personer,ssb_07459,ekte
3438,18-29,2022,378,personer,ssb_07459,ekte
3438,30-49,2022,690,personer,ssb_07459,ekte
3438,50-66,2022,776,personer,ssb_07459,ekte
3438,67-79,2022,452,personer,ssb_07459,ekte
3438,80-89,2022,158,personer,ssb_07459,ekte
3438,90+,2022,38,personer,ssb_07459,ekte
3438,alle,2022,3064,personer,ssb_07459,ekte
3439,0-17,2022,756,personer,ssb_07459,ekte
3439,18-29,2022,518,personer,ssb_07459,ekte
3439,30-49,2022,1032,personer,ssb_07459,ekte
3439,50-66,2022,1068,personer,ssb_07459,ekte
3439,67-79,2022,694,personer,ssb_07459,ekte
3439,80-89,2022,254,personer,ssb_07459,ekte
3439,90+,2022,63,personer,ssb_07459,ekte
3439,alle,2022,4385,personer,ssb_07459,ekte
3440,0-17,2022,957,personer,ssb_07459,ekte
3440,18-29,2022,670,personer,ssb_07459,ekte
3440,30-49,2022,1248,personer,ssb_07459,ekte
3440,50-66,2022,1214,personer,ssb_07459,ekte
3440,67-79,2022,705,personer,ssb_07459,ekte
3440,80-89,2022,237,personer,ssb_07459,ekte
3440,90+,2022,51,personer,ssb_07459,ekte
3440,alle,2022,5082,personer,ssb_07459,ekte
3441,0-17,2022,1052,personer,ssb_07459,ekte
3441,18-29,2022,778,personer,ssb_07459,ekte
3441,30-49,2022,1420,personer,ssb_07459,ekte
3441,50-66,2022,1542,personer,ssb_07459,ekte
3441,67-79,2022,904,personer,ssb_07459,ekte
3441,80-89,2022,311,personer,ssb_07459,ekte
3441,90+,2022,72,personer,ssb_07459,ekte
3441,alle,2022,6079,personer,ssb_07459,ekte
3442,0-17,2022,2728,personer,ssb_07459,ekte
3442,18-29,2022,1932,personer,ssb_07459,ekte
3442,30-49,2022,3530,personer,ssb_07459,ekte
3442,50-66,2022,3641,personer,ssb_07459,ekte
3442,67-79,2022,2150,personer,ssb_07459,ekte
3442,80-89,2022,693,personer,ssb_07459,ekte
3442,90+,2022,153,personer,ssb_07459,ekte
3442,alle,2022,14827,personer,ssb_07459,ekte
3443,0-17,2022,2430,personer,ssb_07459,ekte
3443,18-29,2022,2061,personer,ssb_07459,ekte
3443,30-49,2022,3283,personer,ssb_07459,ekte
3443,50-66,2022,3147,personer,ssb_07459,ekte
3443,67-79,2022,1935,personer,ssb_07459,ekte
3443,80-89,2022,588,personer,ssb_07459,ekte
3443,90+,2022,128,personer,ssb_07459,ekte
3443,alle,2022,13572,personer,ssb_07459,ekte
3446,0-17,2022,2514,personer,ssb_07459,ekte
3446,18-29,2022,1778,personer,ssb_07459,ekte
3446,30-49,2022,3209,personer,ssb_07459,ekte
3446,50-66,2022,3429,personer,ssb_07459,ekte
3446,67-79,2022,1949,personer,ssb_07459,ekte
3446,80-89,2022,621,personer,ssb_07459,ekte
3446,90+,2022,133,personer,ssb_07459,ekte
3446,alle,2022,13633,personer,ssb_07459,ekte
3447,0-17,2022,924,personer,ssb_07459,ekte
3447,18-29,2022,674,personer,ssb_07459,ekte
3447,30-49,2022,1249,personer,ssb_07459,ekte
3447,50-66,2022,1500,personer,ssb_07459,ekte
3447,67-79,2022,864,personer,ssb_07459,ekte
3447,80-89,2022,270,personer,ssb_07459,ekte
3447,90+,2022,54,personer,ssb_07459,ekte
3447,alle,2022,5535,personer,ssb_07459,ekte
3448,0-17,2022,1208,personer,ssb_07459,ekte
3448,18-29,2022,842,personer,ssb_07459,ekte
3448,30-49,2022,1434,personer,ssb_07459,ekte
3448,50-66,2022,1688,personer,ssb_07459,ekte
3448,67-79,2022,1013,personer,ssb_07459,ekte
3448,80-89,2022,328,personer,ssb_07459,ekte
3448,90+,2022,64,personer,ssb_07459,ekte
3448,alle,2022,6577,personer,ssb_07459,ekte
3449,0-17,2022,472,personer,ssb_07459,ekte
3449,18-29,2022,375,personer,ssb_07459,ekte
3449,30-49,2022,610,personer,ssb_07459,ekte
3449,50-66,2022,747,personer,ssb_07459,ekte
3449,67-79,2022,476,personer,ssb_07459,ekte
3449,80-89,2022,167,personer,ssb_07459,ekte
3449,90+,2022,42,personer,ssb_07459,ekte
3449,alle,2022,2889,personer,ssb_07459,ekte
3450,0-17,2022,205,personer,ssb_07459,ekte
3450,18-29,2022,159,personer,ssb_07459,ekte
3450,30-49,2022,254,personer,ssb_07459,ekte
3450,50-66,2022,323,personer,ssb_07459,ekte
3450,67-79,2022,207,personer,ssb_07459,ekte
3450,80-89,2022,88,personer,ssb_07459,ekte
3450,90+,2022,20,personer,ssb_07459,ekte
3450,alle,2022,1256,personer,ssb_07459,ekte
3451,0-17,2022,1120,personer,ssb_07459,ekte
3451,18-29,2022,841,personer,ssb_07459,ekte
3451,30-49,2022,1493,personer,ssb_07459,ekte
3451,50-66,2022,1499,personer,ssb_07459,ekte
3451,67-79,2022,1036,personer,ssb_07459,ekte
3451,80-89,2022,300,personer,ssb_07459,ekte
3451,90+,2022,65,personer,ssb_07459,ekte
3451,alle,2022,6354,personer,ssb_07459,ekte
3452,0-17,2022,375,personer,ssb_07459,ekte
3452,18-29,2022,273,personer,ssb_07459,ekte
3452,30-49,2022,477,personer,ssb_07459,ekte
3452,50-66,2022,554,personer,ssb_07459,ekte
3452,67-79,2022,305,personer,ssb_07459,ekte
3452,80-89,2022,107,personer,ssb_07459,ekte
3452,90+,2022,20,personer,ssb_07459,ekte
3452,alle,2022,2111,personer,ssb_07459,ekte
3453,0-17,2022,583,personer,ssb_07459,ekte
3453,18-29,2022,443,personer,ssb_07459,ekte
3453,30-49,2022,784,personer,ssb_07459,ekte
3453,50-66,2022,774,personer,ssb_07459,ekte
3453,67-79,2022,502,personer,ssb_07459,ekte
3453,80-89,2022,146,personer,ssb_07459,ekte
3453,90+,2022,20,personer,ssb_07459,ekte
3453,alle,2022,3252,personer,ssb_07459,ekte
3454,0-17,2022,316,personer,ssb_07459,ekte
3454,18-29,2022,183,personer,ssb_07459,ekte
3454,30-49,2022,385,personer,ssb_07459,ekte
3454,50-66,2022,370,personer,ssb_07459,ekte
3454,67-79,2022,243,personer,ssb_07459,ekte
3454,80-89,2022,66,personer,ssb_07459,ekte
3454,90+,2022,24,personer,ssb_07459,ekte
3454,alle,2022,1587,personer,ssb_07459,ekte
3901,alle,2022,0,personer,ssb_07459,ekte
3903,alle,2022,0,personer,ssb_07459,ekte
3905,alle,2022,0,personer,ssb_07459,ekte
3907,alle,2022,0,personer,ssb_07459,ekte
3909,alle,2022,0,personer,ssb_07459,ekte
3911,alle,2022,0,personer,ssb_07459,ekte
4001,alle,2022,0,personer,ssb_07459,ekte
4003,alle,2022,0,personer,ssb_07459,ekte
4005,alle,2022,0,personer,ssb_07459,ekte
4010,alle,2022,0,personer,ssb_07459,ekte
4012,alle,2022,0,personer,ssb_07459,ekte
4014,alle,2022,0,personer,ssb_07459,ekte
4016,alle,2022,0,personer,ssb_07459,ekte
4018,alle,2022,0,personer,ssb_07459,ekte
4020,alle,2022,0,personer,ssb_07459,ekte
4022,alle,2022,0,personer,ssb_07459,ekte
4024,alle,2022,0,personer,ssb_07459,ekte
4026,alle,2022,0,personer,ssb_07459,ekte
4028,alle,2022,0,personer,ssb_07459,ekte
4030,alle,2022,0,personer,ssb_07459,ekte
4032,alle,2022,0,personer,ssb_07459,ekte
4034,alle,2022,0,personer,ssb_07459,ekte
4036,alle,2022,0,personer,ssb_07459,ekte
4201,0-17,2022,1172,personer,ssb_07459,ekte
4201,18-29,2022,812,personer,ssb_07459,ekte
4201,30-49,2022,1518,personer,ssb_07459,ekte
4201,50-66,2022,1681,personer,ssb_07459,ekte
4201,67-79,2022,1173,personer,ssb_07459,ekte
4201,80-89,2022,295,personer,ssb_07459,ekte
4201,90+,2022,84,personer,ssb_07459,ekte
4201,alle,2022,6735,personer,ssb_07459,ekte
4202,0-17,2022,5236,personer,ssb_07459,ekte
4202,18-29,2022,4079,personer,ssb_07459,ekte
4202,30-49,2022,6197,personer,ssb_07459,ekte
4202,50-66,2022,4841,personer,ssb_07459,ekte
4202,67-79,2022,2700,personer,ssb_07459,ekte
4202,80-89,2022,798,personer,ssb_07459,ekte
4202,90+,2022,166,personer,ssb_07459,ekte
4202,alle,2022,24017,personer,ssb_07459,ekte
4203,0-17,2022,9241,personer,ssb_07459,ekte
4203,18-29,2022,5992,personer,ssb_07459,ekte
4203,30-49,2022,11806,personer,ssb_07459,ekte
4203,50-66,2022,10370,personer,ssb_07459,ekte
4203,67-79,2022,5946,personer,ssb_07459,ekte
4203,80-89,2022,1775,personer,ssb_07459,ekte
4203,90+,2022,379,personer,ssb_07459,ekte
4203,alle,2022,45509,personer,ssb_07459,ekte
4204,0-17,2022,24511,personer,ssb_07459,ekte
4204,18-29,2022,19758,personer,ssb_07459,ekte
4204,30-49,2022,30133,personer,ssb_07459,ekte
4204,50-66,2022,23011,personer,ssb_07459,ekte
4204,67-79,2022,11739,personer,ssb_07459,ekte
4204,80-89,2022,3731,personer,ssb_07459,ekte
4204,90+,2022,854,personer,ssb_07459,ekte
4204,alle,2022,113737,personer,ssb_07459,ekte
4205,0-17,2022,5026,personer,ssb_07459,ekte
4205,18-29,2022,3163,personer,ssb_07459,ekte
4205,30-49,2022,5715,personer,ssb_07459,ekte
4205,50-66,2022,5180,personer,ssb_07459,ekte
4205,67-79,2022,2981,personer,ssb_07459,ekte
4205,80-89,2022,869,personer,ssb_07459,ekte
4205,90+,2022,213,personer,ssb_07459,ekte
4205,alle,2022,23147,personer,ssb_07459,ekte
4206,0-17,2022,2026,personer,ssb_07459,ekte
4206,18-29,2022,1349,personer,ssb_07459,ekte
4206,30-49,2022,2283,personer,ssb_07459,ekte
4206,50-66,2022,2095,personer,ssb_07459,ekte
4206,67-79,2022,1379,personer,ssb_07459,ekte
4206,80-89,2022,413,personer,ssb_07459,ekte
4206,90+,2022,77,personer,ssb_07459,ekte
4206,alle,2022,9622,personer,ssb_07459,ekte
4207,0-17,2022,1937,personer,ssb_07459,ekte
4207,18-29,2022,1206,personer,ssb_07459,ekte
4207,30-49,2022,2101,personer,ssb_07459,ekte
4207,50-66,2022,2047,personer,ssb_07459,ekte
4207,67-79,2022,1237,personer,ssb_07459,ekte
4207,80-89,2022,405,personer,ssb_07459,ekte
4207,90+,2022,115,personer,ssb_07459,ekte
4207,alle,2022,9048,personer,ssb_07459,ekte
4211,0-17,2022,432,personer,ssb_07459,ekte
4211,18-29,2022,314,personer,ssb_07459,ekte
4211,30-49,2022,578,personer,ssb_07459,ekte
4211,50-66,2022,591,personer,ssb_07459,ekte
4211,67-79,2022,379,personer,ssb_07459,ekte
4211,80-89,2022,108,personer,ssb_07459,ekte
4211,90+,2022,25,personer,ssb_07459,ekte
4211,alle,2022,2427,personer,ssb_07459,ekte
4212,0-17,2022,484,personer,ssb_07459,ekte
4212,18-29,2022,294,personer,ssb_07459,ekte
4212,30-49,2022,521,personer,ssb_07459,ekte
4212,50-66,2022,504,personer,ssb_07459,ekte
4212,67-79,2022,230,personer,ssb_07459,ekte
4212,80-89,2022,84,personer,ssb_07459,ekte
4212,90+,2022,14,personer,ssb_07459,ekte
4212,alle,2022,2131,personer,ssb_07459,ekte
4213,0-17,2022,1143,personer,ssb_07459,ekte
4213,18-29,2022,772,personer,ssb_07459,ekte
4213,30-49,2022,1489,personer,ssb_07459,ekte
4213,50-66,2022,1461,personer,ssb_07459,ekte
4213,67-79,2022,953,personer,ssb_07459,ekte
4213,80-89,2022,234,personer,ssb_07459,ekte
4213,90+,2022,63,personer,ssb_07459,ekte
4213,alle,2022,6115,personer,ssb_07459,ekte
4214,0-17,2022,1414,personer,ssb_07459,ekte
4214,18-29,2022,874,personer,ssb_07459,ekte
4214,30-49,2022,1664,personer,ssb_07459,ekte
4214,50-66,2022,1253,personer,ssb_07459,ekte
4214,67-79,2022,680,personer,ssb_07459,ekte
4214,80-89,2022,180,personer,ssb_07459,ekte
4214,90+,2022,33,personer,ssb_07459,ekte
4214,alle,2022,6098,personer,ssb_07459,ekte
4215,0-17,2022,2509,personer,ssb_07459,ekte
4215,18-29,2022,1464,personer,ssb_07459,ekte
4215,30-49,2022,2892,personer,ssb_07459,ekte
4215,50-66,2022,2494,personer,ssb_07459,ekte
4215,67-79,2022,1419,personer,ssb_07459,ekte
4215,80-89,2022,420,personer,ssb_07459,ekte
4215,90+,2022,81,personer,ssb_07459,ekte
4215,alle,2022,11279,personer,ssb_07459,ekte
4216,0-17,2022,1337,personer,ssb_07459,ekte
4216,18-29,2022,776,personer,ssb_07459,ekte
4216,30-49,2022,1384,personer,ssb_07459,ekte
4216,50-66,2022,1036,personer,ssb_07459,ekte
4216,67-79,2022,604,personer,ssb_07459,ekte
4216,80-89,2022,166,personer,ssb_07459,ekte
4216,90+,2022,39,personer,ssb_07459,ekte
4216,alle,2022,5342,personer,ssb_07459,ekte
4217,0-17,2022,366,personer,ssb_07459,ekte
4217,18-29,2022,224,personer,ssb_07459,ekte
4217,30-49,2022,426,personer,ssb_07459,ekte
4217,50-66,2022,410,personer,ssb_07459,ekte
4217,67-79,2022,273,personer,ssb_07459,ekte
4217,80-89,2022,92,personer,ssb_07459,ekte
4217,90+,2022,10,personer,ssb_07459,ekte
4217,alle,2022,1801,personer,ssb_07459,ekte
4218,0-17,2022,323,personer,ssb_07459,ekte
4218,18-29,2022,160,personer,ssb_07459,ekte
4218,30-49,2022,366,personer,ssb_07459,ekte
4218,50-66,2022,291,personer,ssb_07459,ekte
4218,67-79,2022,142,personer,ssb_07459,ekte
4218,80-89,2022,31,personer,ssb_07459,ekte
4218,90+,2022,10,personer,ssb_07459,ekte
4218,alle,2022,1323,personer,ssb_07459,ekte
4219,0-17,2022,803,personer,ssb_07459,ekte
4219,18-29,2022,489,personer,ssb_07459,ekte
4219,30-49,2022,942,personer,ssb_07459,ekte
4219,50-66,2022,746,personer,ssb_07459,ekte
4219,67-79,2022,505,personer,ssb_07459,ekte
4219,80-89,2022,134,personer,ssb_07459,ekte
4219,90+,2022,34,personer,ssb_07459,ekte
4219,alle,2022,3653,personer,ssb_07459,ekte
4220,0-17,2022,200,personer,ssb_07459,ekte
4220,18-29,2022,132,personer,ssb_07459,ekte
4220,30-49,2022,260,personer,ssb_07459,ekte
4220,50-66,2022,276,personer,ssb_07459,ekte
4220,67-79,2022,205,personer,ssb_07459,ekte
4220,80-89,2022,51,personer,ssb_07459,ekte
4220,90+,2022,10,personer,ssb_07459,ekte
4220,alle,2022,1134,personer,ssb_07459,ekte
4221,0-17,2022,207,personer,ssb_07459,ekte
4221,18-29,2022,173,personer,ssb_07459,ekte
4221,30-49,2022,251,personer,ssb_07459,ekte
4221,50-66,2022,279,personer,ssb_07459,ekte
4221,67-79,2022,199,personer,ssb_07459,ekte
4221,80-89,2022,48,personer,ssb_07459,ekte
4221,90+,2022,12,personer,ssb_07459,ekte
4221,alle,2022,1169,personer,ssb_07459,ekte
4222,0-17,2022,165,personer,ssb_07459,ekte
4222,18-29,2022,150,personer,ssb_07459,ekte
4222,30-49,2022,261,personer,ssb_07459,ekte
4222,50-66,2022,227,personer,ssb_07459,ekte
4222,67-79,2022,107,personer,ssb_07459,ekte
4222,80-89,2022,20,personer,ssb_07459,ekte
4222,90+,2022,5,personer,ssb_07459,ekte
4222,alle,2022,935,personer,ssb_07459,ekte
4223,0-17,2022,3457,personer,ssb_07459,ekte
4223,18-29,2022,2364,personer,ssb_07459,ekte
4223,30-49,2022,4116,personer,ssb_07459,ekte
4223,50-66,2022,3079,personer,ssb_07459,ekte
4223,67-79,2022,1525,personer,ssb_07459,ekte
4223,80-89,2022,487,personer,ssb_07459,ekte
4223,90+,2022,95,personer,ssb_07459,ekte
4223,alle,2022,15123,personer,ssb_07459,ekte
4224,0-17,2022,188,personer,ssb_07459,ekte
4224,18-29,2022,148,personer,ssb_07459,ekte
4224,30-49,2022,190,personer,ssb_07459,ekte
4224,50-66,2022,239,personer,ssb_07459,ekte
4224,67-79,2022,98,personer,ssb_07459,ekte
4224,80-89,2022,36,personer,ssb_07459,ekte
4224,90+,2022,13,personer,ssb_07459,ekte
4224,alle,2022,912,personer,ssb_07459,ekte
4225,0-17,2022,2563,personer,ssb_07459,ekte
4225,18-29,2022,1563,personer,ssb_07459,ekte
4225,30-49,2022,2625,personer,ssb_07459,ekte
4225,50-66,2022,2045,personer,ssb_07459,ekte
4225,67-79,2022,1247,personer,ssb_07459,ekte
4225,80-89,2022,358,personer,ssb_07459,ekte
4225,90+,2022,79,personer,ssb_07459,ekte
4225,alle,2022,10480,personer,ssb_07459,ekte
4226,0-17,2022,391,personer,ssb_07459,ekte
4226,18-29,2022,242,personer,ssb_07459,ekte
4226,30-49,2022,450,personer,ssb_07459,ekte
4226,50-66,2022,333,personer,ssb_07459,ekte
4226,67-79,2022,193,personer,ssb_07459,ekte
4226,80-89,2022,77,personer,ssb_07459,ekte
4226,90+,2022,18,personer,ssb_07459,ekte
4226,alle,2022,1704,personer,ssb_07459,ekte
4227,0-17,2022,1258,personer,ssb_07459,ekte
4227,18-29,2022,828,personer,ssb_07459,ekte
4227,30-49,2022,1422,personer,ssb_07459,ekte
4227,50-66,2022,1351,personer,ssb_07459,ekte
4227,67-79,2022,714,personer,ssb_07459,ekte
4227,80-89,2022,257,personer,ssb_07459,ekte
4227,90+,2022,53,personer,ssb_07459,ekte
4227,alle,2022,5883,personer,ssb_07459,ekte
4228,0-17,2022,396,personer,ssb_07459,ekte
4228,18-29,2022,258,personer,ssb_07459,ekte
4228,30-49,2022,433,personer,ssb_07459,ekte
4228,50-66,2022,397,personer,ssb_07459,ekte
4228,67-79,2022,231,personer,ssb_07459,ekte
4228,80-89,2022,74,personer,ssb_07459,ekte
4228,90+,2022,21,personer,ssb_07459,ekte
4228,alle,2022,1810,personer,ssb_07459,ekte
1101,0-17,2022,3231,personer,ssb_07459,ekte
1101,18-29,2022,2175,personer,ssb_07459,ekte
1101,30-49,2022,3769,personer,ssb_07459,ekte
1101,50-66,2022,3199,personer,ssb_07459,ekte
1101,67-79,2022,1815,personer,ssb_07459,ekte
1101,80-89,2022,562,personer,ssb_07459,ekte
1101,90+,2022,109,personer,ssb_07459,ekte
1101,alle,2022,14860,personer,ssb_07459,ekte
1103,0-17,2022,31325,personer,ssb_07459,ekte
1103,18-29,2022,23027,personer,ssb_07459,ekte
1103,30-49,2022,41786,personer,ssb_07459,ekte
1103,50-66,2022,29419,personer,ssb_07459,ekte
1103,67-79,2022,14050,personer,ssb_07459,ekte
1103,80-89,2022,4029,personer,ssb_07459,ekte
1103,90+,2022,1063,personer,ssb_07459,ekte
1103,alle,2022,144699,personer,ssb_07459,ekte
1106,0-17,2022,7487,personer,ssb_07459,ekte
1106,18-29,2022,5640,personer,ssb_07459,ekte
1106,30-49,2022,10396,personer,ssb_07459,ekte
1106,50-66,2022,8048,personer,ssb_07459,ekte
1106,67-79,2022,4274,personer,ssb_07459,ekte
1106,80-89,2022,1268,personer,ssb_07459,ekte
1106,90+,2022,331,personer,ssb_07459,ekte
1106,alle,2022,37444,personer,ssb_07459,ekte
1108,0-17,2022,19698,personer,ssb_07459,ekte
1108,18-29,2022,11907,personer,ssb_07459,ekte
1108,30-49,2022,24367,personer,ssb_07459,ekte
1108,50-66,2022,15723,personer,ssb_07459,ekte
1108,67-79,2022,7128,personer,ssb_07459,ekte
1108,80-89,2022,2018,personer,ssb_07459,ekte
1108,90+,2022,464,personer,ssb_07459,ekte
1108,alle,2022,81305,personer,ssb_07459,ekte
1111,0-17,2022,758,personer,ssb_07459,ekte
1111,18-29,2022,417,personer,ssb_07459,ekte
1111,30-49,2022,757,personer,ssb_07459,ekte
1111,50-66,2022,726,personer,ssb_07459,ekte
1111,67-79,2022,428,personer,ssb_07459,ekte
1111,80-89,2022,145,personer,ssb_07459,ekte
1111,90+,2022,50,personer,ssb_07459,ekte
1111,alle,2022,3281,personer,ssb_07459,ekte
1112,0-17,2022,744,personer,ssb_07459,ekte
1112,18-29,2022,437,personer,ssb_07459,ekte
1112,30-49,2022,716,personer,ssb_07459,ekte
1112,50-66,2022,732,personer,ssb_07459,ekte
1112,67-79,2022,367,personer,ssb_07459,ekte
1112,80-89,2022,152,personer,ssb_07459,ekte
1112,90+,2022,30,personer,ssb_07459,ekte
1112,alle,2022,3178,personer,ssb_07459,ekte
1114,0-17,2022,683,personer,ssb_07459,ekte
1114,18-29,2022,392,personer,ssb_07459,ekte
1114,30-49,2022,709,personer,ssb_07459,ekte
1114,50-66,2022,602,personer,ssb_07459,ekte
1114,67-79,2022,310,personer,ssb_07459,ekte
1114,80-89,2022,74,personer,ssb_07459,ekte
1114,90+,2022,19,personer,ssb_07459,ekte
1114,alle,2022,2789,personer,ssb_07459,ekte
1119,0-17,2022,5002,personer,ssb_07459,ekte
1119,18-29,2022,2825,personer,ssb_07459,ekte
1119,30-49,2022,5236,personer,ssb_07459,ekte
1119,50-66,2022,3668,personer,ssb_07459,ekte
1119,67-79,2022,1882,personer,ssb_07459,ekte
1119,80-89,2022,553,personer,ssb_07459,ekte
1119,90+,2022,130,personer,ssb_07459,ekte
1119,alle,2022,19296,personer,ssb_07459,ekte
1120,0-17,2022,4989,personer,ssb_07459,ekte
1120,18-29,2022,3230,personer,ssb_07459,ekte
1120,30-49,2022,5698,personer,ssb_07459,ekte
1120,50-66,2022,3827,personer,ssb_07459,ekte
1120,67-79,2022,1792,personer,ssb_07459,ekte
1120,80-89,2022,525,personer,ssb_07459,ekte
1120,90+,2022,102,personer,ssb_07459,ekte
1120,alle,2022,20163,personer,ssb_07459,ekte
1121,0-17,2022,4739,personer,ssb_07459,ekte
1121,18-29,2022,2922,personer,ssb_07459,ekte
1121,30-49,2022,5365,personer,ssb_07459,ekte
1121,50-66,2022,3765,personer,ssb_07459,ekte
1121,67-79,2022,1853,personer,ssb_07459,ekte
1121,80-89,2022,585,personer,ssb_07459,ekte
1121,90+,2022,124,personer,ssb_07459,ekte
1121,alle,2022,19353,personer,ssb_07459,ekte
1122,0-17,2022,3182,personer,ssb_07459,ekte
1122,18-29,2022,1749,personer,ssb_07459,ekte
1122,30-49,2022,3504,personer,ssb_07459,ekte
1122,50-66,2022,2396,personer,ssb_07459,ekte
1122,67-79,2022,1001,personer,ssb_07459,ekte
1122,80-89,2022,255,personer,ssb_07459,ekte
1122,90+,2022,44,personer,ssb_07459,ekte
1122,alle,2022,12131,personer,ssb_07459,ekte
1124,0-17,2022,6687,personer,ssb_07459,ekte
1124,18-29,2022,4041,personer,ssb_07459,ekte
1124,30-49,2022,8034,personer,ssb_07459,ekte
1124,50-66,2022,5517,personer,ssb_07459,ekte
1124,67-79,2022,2360,personer,ssb_07459,ekte
1124,80-89,2022,779,personer,ssb_07459,ekte
1124,90+,2022,150,personer,ssb_07459,ekte
1124,alle,2022,27568,personer,ssb_07459,ekte
1127,0-17,2022,2713,personer,ssb_07459,ekte
1127,18-29,2022,1803,personer,ssb_07459,ekte
1127,30-49,2022,2926,personer,ssb_07459,ekte
1127,50-66,2022,2412,personer,ssb_07459,ekte
1127,67-79,2022,1118,personer,ssb_07459,ekte
1127,80-89,2022,401,personer,ssb_07459,ekte
1127,90+,2022,81,personer,ssb_07459,ekte
1127,alle,2022,11454,personer,ssb_07459,ekte
1130,0-17,2022,3276,personer,ssb_07459,ekte
1130,18-29,2022,1918,personer,ssb_07459,ekte
1130,30-49,2022,3524,personer,ssb_07459,ekte
1130,50-66,2022,2601,personer,ssb_07459,ekte
1130,67-79,2022,1391,personer,ssb_07459,ekte
1130,80-89,2022,453,personer,ssb_07459,ekte
1130,90+,2022,105,personer,ssb_07459,ekte
1130,alle,2022,13268,personer,ssb_07459,ekte
1133,0-17,2022,567,personer,ssb_07459,ekte
1133,18-29,2022,319,personer,ssb_07459,ekte
1133,30-49,2022,589,personer,ssb_07459,ekte
1133,50-66,2022,550,personer,ssb_07459,ekte
1133,67-79,2022,365,personer,ssb_07459,ekte
1133,80-89,2022,121,personer,ssb_07459,ekte
1133,90+,2022,23,personer,ssb_07459,ekte
1133,alle,2022,2534,personer,ssb_07459,ekte
1134,0-17,2022,844,personer,ssb_07459,ekte
1134,18-29,2022,479,personer,ssb_07459,ekte
1134,30-49,2022,856,personer,ssb_07459,ekte
1134,50-66,2022,837,personer,ssb_07459,ekte
1134,67-79,2022,550,personer,ssb_07459,ekte
1134,80-89,2022,179,personer,ssb_07459,ekte
1134,90+,2022,39,personer,ssb_07459,ekte
1134,alle,2022,3784,personer,ssb_07459,ekte
1135,0-17,2022,950,personer,ssb_07459,ekte
1135,18-29,2022,543,personer,ssb_07459,ekte
1135,30-49,2022,1090,personer,ssb_07459,ekte
1135,50-66,2022,1046,personer,ssb_07459,ekte
1135,67-79,2022,590,personer,ssb_07459,ekte
1135,80-89,2022,225,personer,ssb_07459,ekte
1135,90+,2022,81,personer,ssb_07459,ekte
1135,alle,2022,4525,personer,ssb_07459,ekte
1144,0-17,2022,105,personer,ssb_07459,ekte
1144,18-29,2022,69,personer,ssb_07459,ekte
1144,30-49,2022,96,personer,ssb_07459,ekte
1144,50-66,2022,138,personer,ssb_07459,ekte
1144,67-79,2022,70,personer,ssb_07459,ekte
1144,80-89,2022,39,personer,ssb_07459,ekte
1144,90+,2022,6,personer,ssb_07459,ekte
1144,alle,2022,523,personer,ssb_07459,ekte
1145,0-17,2022,157,personer,ssb_07459,ekte
1145,18-29,2022,134,personer,ssb_07459,ekte
1145,30-49,2022,186,personer,ssb_07459,ekte
1145,50-66,2022,209,personer,ssb_07459,ekte
1145,67-79,2022,113,personer,ssb_07459,ekte
1145,80-89,2022,38,personer,ssb_07459,ekte
1145,90+,2022,18,personer,ssb_07459,ekte
1145,alle,2022,855,personer,ssb_07459,ekte
1146,0-17,2022,2846,personer,ssb_07459,ekte
1146,18-29,2022,1557,personer,ssb_07459,ekte
1146,30-49,2022,2950,personer,ssb_07459,ekte
1146,50-66,2022,2229,personer,ssb_07459,ekte
1146,67-79,2022,1265,personer,ssb_07459,ekte
1146,80-89,2022,373,personer,ssb_07459,ekte
1146,90+,2022,63,personer,ssb_07459,ekte
1146,alle,2022,11283,personer,ssb_07459,ekte
1149,0-17,2022,9708,personer,ssb_07459,ekte
1149,18-29,2022,6078,personer,ssb_07459,ekte
1149,30-49,2022,11082,personer,ssb_07459,ekte
1149,50-66,2022,8937,personer,ssb_07459,ekte
1149,67-79,2022,4858,personer,ssb_07459,ekte
1149,80-89,2022,1551,personer,ssb_07459,ekte
1149,90+,2022,327,personer,ssb_07459,ekte
1149,alle,2022,42541,personer,ssb_07459,ekte
1151,0-17,2022,29,personer,ssb_07459,ekte
1151,18-29,2022,27,personer,ssb_07459,ekte
1151,30-49,2022,42,personer,ssb_07459,ekte
1151,50-66,2022,50,personer,ssb_07459,ekte
1151,67-79,2022,28,personer,ssb_07459,ekte
1151,80-89,2022,10,personer,ssb_07459,ekte
1151,90+,2022,2,personer,ssb_07459,ekte
1151,alle,2022,188,personer,ssb_07459,ekte
1160,0-17,2022,1919,personer,ssb_07459,ekte
1160,18-29,2022,1250,personer,ssb_07459,ekte
1160,30-49,2022,2208,personer,ssb_07459,ekte
1160,50-66,2022,1925,personer,ssb_07459,ekte
1160,67-79,2022,1014,personer,ssb_07459,ekte
1160,80-89,2022,353,personer,ssb_07459,ekte
1160,90+,2022,106,personer,ssb_07459,ekte
1160,alle,2022,8775,personer,ssb_07459,ekte
4601,0-17,2022,55588,personer,ssb_07459,ekte
4601,18-29,2022,53335,personer,ssb_07459,ekte
4601,30-49,2022,80781,personer,ssb_07459,ekte
4601,50-66,2022,56369,personer,ssb_07459,ekte
4601,67-79,2022,28459,personer,ssb_07459,ekte
4601,80-89,2022,9780,personer,ssb_07459,ekte
4601,90+,2022,2618,personer,ssb_07459,ekte
4601,alle,2022,286930,personer,ssb_07459,ekte
4602,0-17,2022,3659,personer,ssb_07459,ekte
4602,18-29,2022,2499,personer,ssb_07459,ekte
4602,30-49,2022,4104,personer,ssb_07459,ekte
4602,50-66,2022,3952,personer,ssb_07459,ekte
4602,67-79,2022,2099,personer,ssb_07459,ekte
4602,80-89,2022,632,personer,ssb_07459,ekte
4602,90+,2022,186,personer,ssb_07459,ekte
4602,alle,2022,17131,personer,ssb_07459,ekte
4611,0-17,2022,872,personer,ssb_07459,ekte
4611,18-29,2022,517,personer,ssb_07459,ekte
4611,30-49,2022,989,personer,ssb_07459,ekte
4611,50-66,2022,881,personer,ssb_07459,ekte
4611,67-79,2022,537,personer,ssb_07459,ekte
4611,80-89,2022,184,personer,ssb_07459,ekte
4611,90+,2022,63,personer,ssb_07459,ekte
4611,alle,2022,4043,personer,ssb_07459,ekte
4612,0-17,2022,1394,personer,ssb_07459,ekte
4612,18-29,2022,790,personer,ssb_07459,ekte
4612,30-49,2022,1522,personer,ssb_07459,ekte
4612,50-66,2022,1124,personer,ssb_07459,ekte
4612,67-79,2022,718,personer,ssb_07459,ekte
4612,80-89,2022,180,personer,ssb_07459,ekte
4612,90+,2022,47,personer,ssb_07459,ekte
4612,alle,2022,5775,personer,ssb_07459,ekte
4613,0-17,2022,2859,personer,ssb_07459,ekte
4613,18-29,2022,1694,personer,ssb_07459,ekte
4613,30-49,2022,3046,personer,ssb_07459,ekte
4613,50-66,2022,2452,personer,ssb_07459,ekte
4613,67-79,2022,1500,personer,ssb_07459,ekte
4613,80-89,2022,374,personer,ssb_07459,ekte
4613,90+,2022,136,personer,ssb_07459,ekte
4613,alle,2022,12061,personer,ssb_07459,ekte
4614,0-17,2022,4332,personer,ssb_07459,ekte
4614,18-29,2022,2789,personer,ssb_07459,ekte
4614,30-49,2022,4880,personer,ssb_07459,ekte
4614,50-66,2022,3927,personer,ssb_07459,ekte
4614,67-79,2022,2136,personer,ssb_07459,ekte
4614,80-89,2022,686,personer,ssb_07459,ekte
4614,90+,2022,169,personer,ssb_07459,ekte
4614,alle,2022,18919,personer,ssb_07459,ekte
4615,0-17,2022,699,personer,ssb_07459,ekte
4615,18-29,2022,408,personer,ssb_07459,ekte
4615,30-49,2022,816,personer,ssb_07459,ekte
4615,50-66,2022,650,personer,ssb_07459,ekte
4615,67-79,2022,415,personer,ssb_07459,ekte
4615,80-89,2022,102,personer,ssb_07459,ekte
4615,90+,2022,27,personer,ssb_07459,ekte
4615,alle,2022,3117,personer,ssb_07459,ekte
4616,0-17,2022,576,personer,ssb_07459,ekte
4616,18-29,2022,343,personer,ssb_07459,ekte
4616,30-49,2022,627,personer,ssb_07459,ekte
4616,50-66,2022,626,personer,ssb_07459,ekte
4616,67-79,2022,514,personer,ssb_07459,ekte
4616,80-89,2022,157,personer,ssb_07459,ekte
4616,90+,2022,40,personer,ssb_07459,ekte
4616,alle,2022,2883,personer,ssb_07459,ekte
4617,0-17,2022,2673,personer,ssb_07459,ekte
4617,18-29,2022,1779,personer,ssb_07459,ekte
4617,30-49,2022,2894,personer,ssb_07459,ekte
4617,50-66,2022,2978,personer,ssb_07459,ekte
4617,67-79,2022,1867,personer,ssb_07459,ekte
4617,80-89,2022,678,personer,ssb_07459,ekte
4617,90+,2022,148,personer,ssb_07459,ekte
4617,alle,2022,13017,personer,ssb_07459,ekte
4618,0-17,2022,1989,personer,ssb_07459,ekte
4618,18-29,2022,1432,personer,ssb_07459,ekte
4618,30-49,2022,2455,personer,ssb_07459,ekte
4618,50-66,2022,2593,personer,ssb_07459,ekte
4618,67-79,2022,1597,personer,ssb_07459,ekte
4618,80-89,2022,632,personer,ssb_07459,ekte
4618,90+,2022,183,personer,ssb_07459,ekte
4618,alle,2022,10881,personer,ssb_07459,ekte
4619,0-17,2022,182,personer,ssb_07459,ekte
4619,18-29,2022,111,personer,ssb_07459,ekte
4619,30-49,2022,206,personer,ssb_07459,ekte
4619,50-66,2022,251,personer,ssb_07459,ekte
4619,67-79,2022,130,personer,ssb_07459,ekte
4619,80-89,2022,41,personer,ssb_07459,ekte
4619,90+,2022,16,personer,ssb_07459,ekte
4619,alle,2022,937,personer,ssb_07459,ekte
4620,0-17,2022,205,personer,ssb_07459,ekte
4620,18-29,2022,119,personer,ssb_07459,ekte
4620,30-49,2022,223,personer,ssb_07459,ekte
4620,50-66,2022,253,personer,ssb_07459,ekte
4620,67-79,2022,181,personer,ssb_07459,ekte
4620,80-89,2022,51,personer,ssb_07459,ekte
4620,90+,2022,19,personer,ssb_07459,ekte
4620,alle,2022,1051,personer,ssb_07459,ekte
4621,0-17,2022,3311,personer,ssb_07459,ekte
4621,18-29,2022,2167,personer,ssb_07459,ekte
4621,30-49,2022,3854,personer,ssb_07459,ekte
4621,50-66,2022,3420,personer,ssb_07459,ekte
4621,67-79,2022,2097,personer,ssb_07459,ekte
4621,80-89,2022,776,personer,ssb_07459,ekte
4621,90+,2022,250,personer,ssb_07459,ekte
4621,alle,2022,15875,personer,ssb_07459,ekte
4622,0-17,2022,1800,personer,ssb_07459,ekte
4622,18-29,2022,1101,personer,ssb_07459,ekte
4622,30-49,2022,1914,personer,ssb_07459,ekte
4622,50-66,2022,1881,personer,ssb_07459,ekte
4622,67-79,2022,1237,personer,ssb_07459,ekte
4622,80-89,2022,435,personer,ssb_07459,ekte
4622,90+,2022,129,personer,ssb_07459,ekte
4622,alle,2022,8497,personer,ssb_07459,ekte
4623,0-17,2022,510,personer,ssb_07459,ekte
4623,18-29,2022,307,personer,ssb_07459,ekte
4623,30-49,2022,602,personer,ssb_07459,ekte
4623,50-66,2022,562,personer,ssb_07459,ekte
4623,67-79,2022,385,personer,ssb_07459,ekte
4623,80-89,2022,96,personer,ssb_07459,ekte
4623,90+,2022,39,personer,ssb_07459,ekte
4623,alle,2022,2501,personer,ssb_07459,ekte
4624,0-17,2022,6007,personer,ssb_07459,ekte
4624,18-29,2022,3428,personer,ssb_07459,ekte
4624,30-49,2022,6859,personer,ssb_07459,ekte
4624,50-66,2022,4993,personer,ssb_07459,ekte
4624,67-79,2022,2903,personer,ssb_07459,ekte
4624,80-89,2022,858,personer,ssb_07459,ekte
4624,90+,2022,165,personer,ssb_07459,ekte
4624,alle,2022,25213,personer,ssb_07459,ekte
4625,0-17,2022,1302,personer,ssb_07459,ekte
4625,18-29,2022,715,personer,ssb_07459,ekte
4625,30-49,2022,1370,personer,ssb_07459,ekte
4625,50-66,2022,1013,personer,ssb_07459,ekte
4625,67-79,2022,656,personer,ssb_07459,ekte
4625,80-89,2022,177,personer,ssb_07459,ekte
4625,90+,2022,50,personer,ssb_07459,ekte
4625,alle,2022,5283,personer,ssb_07459,ekte
4626,0-17,2022,9369,personer,ssb_07459,ekte
4626,18-29,2022,5482,personer,ssb_07459,ekte
4626,30-49,2022,10606,personer,ssb_07459,ekte
4626,50-66,2022,8164,personer,ssb_07459,ekte
4626,67-79,2022,4150,personer,ssb_07459,ekte
4626,80-89,2022,1030,personer,ssb_07459,ekte
4626,90+,2022,231,personer,ssb_07459,ekte
4626,alle,2022,39032,personer,ssb_07459,ekte
4627,0-17,2022,7562,personer,ssb_07459,ekte
4627,18-29,2022,3956,personer,ssb_07459,ekte
4627,30-49,2022,8549,personer,ssb_07459,ekte
4627,50-66,2022,5693,personer,ssb_07459,ekte
4627,67-79,2022,3080,personer,ssb_07459,ekte
4627,80-89,2022,795,personer,ssb_07459,ekte
4627,90+,2022,181,personer,ssb_07459,ekte
4627,alle,2022,29816,personer,ssb_07459,ekte
4628,0-17,2022,773,personer,ssb_07459,ekte
4628,18-29,2022,505,personer,ssb_07459,ekte
4628,30-49,2022,923,personer,ssb_07459,ekte
4628,50-66,2022,855,personer,ssb_07459,ekte
4628,67-79,2022,539,personer,ssb_07459,ekte
4628,80-89,2022,195,personer,ssb_07459,ekte
4628,90+,2022,77,personer,ssb_07459,ekte
4628,alle,2022,3867,personer,ssb_07459,ekte
4629,0-17,2022,95,personer,ssb_07459,ekte
4629,18-29,2022,43,personer,ssb_07459,ekte
4629,30-49,2022,92,personer,ssb_07459,ekte
4629,50-66,2022,81,personer,ssb_07459,ekte
4629,67-79,2022,41,personer,ssb_07459,ekte
4629,80-89,2022,23,personer,ssb_07459,ekte
4629,90+,2022,3,personer,ssb_07459,ekte
4629,alle,2022,378,personer,ssb_07459,ekte
4630,0-17,2022,1794,personer,ssb_07459,ekte
4630,18-29,2022,1111,personer,ssb_07459,ekte
4630,30-49,2022,2106,personer,ssb_07459,ekte
4630,50-66,2022,1698,personer,ssb_07459,ekte
4630,67-79,2022,996,personer,ssb_07459,ekte
4630,80-89,2022,328,personer,ssb_07459,ekte
4630,90+,2022,98,personer,ssb_07459,ekte
4630,alle,2022,8131,personer,ssb_07459,ekte
4631,0-17,2022,6837,personer,ssb_07459,ekte
4631,18-29,2022,4104,personer,ssb_07459,ekte
4631,30-49,2022,7636,personer,ssb_07459,ekte
4631,50-66,2022,6051,personer,ssb_07459,ekte
4631,67-79,2022,3721,personer,ssb_07459,ekte
4631,80-89,2022,987,personer,ssb_07459,ekte
4631,90+,2022,257,personer,ssb_07459,ekte
4631,alle,2022,29593,personer,ssb_07459,ekte
4632,0-17,2022,574,personer,ssb_07459,ekte
4632,18-29,2022,370,personer,ssb_07459,ekte
4632,30-49,2022,708,personer,ssb_07459,ekte
4632,50-66,2022,619,personer,ssb_07459,ekte
4632,67-79,2022,448,personer,ssb_07459,ekte
4632,80-89,2022,149,personer,ssb_07459,ekte
4632,90+,2022,21,personer,ssb_07459,ekte
4632,alle,2022,2889,personer,ssb_07459,ekte
4633,0-17,2022,90,personer,ssb_07459,ekte
4633,18-29,2022,48,personer,ssb_07459,ekte
4633,30-49,2022,93,personer,ssb_07459,ekte
4633,50-66,2022,133,personer,ssb_07459,ekte
4633,67-79,2022,89,personer,ssb_07459,ekte
4633,80-89,2022,35,personer,ssb_07459,ekte
4633,90+,2022,14,personer,ssb_07459,ekte
4633,alle,2022,502,personer,ssb_07459,ekte
4634,0-17,2022,327,personer,ssb_07459,ekte
4634,18-29,2022,182,personer,ssb_07459,ekte
4634,30-49,2022,333,personer,ssb_07459,ekte
4634,50-66,2022,400,personer,ssb_07459,ekte
4634,67-79,2022,258,personer,ssb_07459,ekte
4634,80-89,2022,95,personer,ssb_07459,ekte
4634,90+,2022,34,personer,ssb_07459,ekte
4634,alle,2022,1629,personer,ssb_07459,ekte
4635,0-17,2022,409,personer,ssb_07459,ekte
4635,18-29,2022,298,personer,ssb_07459,ekte
4635,30-49,2022,499,personer,ssb_07459,ekte
4635,50-66,2022,553,personer,ssb_07459,ekte
4635,67-79,2022,316,personer,ssb_07459,ekte
4635,80-89,2022,116,personer,ssb_07459,ekte
4635,90+,2022,39,personer,ssb_07459,ekte
4635,alle,2022,2230,personer,ssb_07459,ekte
4636,0-17,2022,122,personer,ssb_07459,ekte
4636,18-29,2022,96,personer,ssb_07459,ekte
4636,30-49,2022,160,personer,ssb_07459,ekte
4636,50-66,2022,203,personer,ssb_07459,ekte
4636,67-79,2022,132,personer,ssb_07459,ekte
4636,80-89,2022,45,personer,ssb_07459,ekte
4636,90+,2022,10,personer,ssb_07459,ekte
4636,alle,2022,768,personer,ssb_07459,ekte
4637,0-17,2022,195,personer,ssb_07459,ekte
4637,18-29,2022,157,personer,ssb_07459,ekte
4637,30-49,2022,285,personer,ssb_07459,ekte
4637,50-66,2022,313,personer,ssb_07459,ekte
4637,67-79,2022,236,personer,ssb_07459,ekte
4637,80-89,2022,92,personer,ssb_07459,ekte
4637,90+,2022,12,personer,ssb_07459,ekte
4637,alle,2022,1290,personer,ssb_07459,ekte
4638,0-17,2022,677,personer,ssb_07459,ekte
4638,18-29,2022,581,personer,ssb_07459,ekte
4638,30-49,2022,765,personer,ssb_07459,ekte
4638,50-66,2022,1045,personer,ssb_07459,ekte
4638,67-79,2022,612,personer,ssb_07459,ekte
4638,80-89,2022,215,personer,ssb_07459,ekte
4638,90+,2022,70,personer,ssb_07459,ekte
4638,alle,2022,3965,personer,ssb_07459,ekte
4639,0-17,2022,498,personer,ssb_07459,ekte
4639,18-29,2022,320,personer,ssb_07459,ekte
4639,30-49,2022,525,personer,ssb_07459,ekte
4639,50-66,2022,577,personer,ssb_07459,ekte
4639,67-79,2022,422,personer,ssb_07459,ekte
4639,80-89,2022,177,personer,ssb_07459,ekte
4639,90+,2022,41,personer,ssb_07459,ekte
4639,alle,2022,2560,personer,ssb_07459,ekte
4640,0-17,2022,2592,personer,ssb_07459,ekte
4640,18-29,2022,2140,personer,ssb_07459,ekte
4640,30-49,2022,3064,personer,ssb_07459,ekte
4640,50-66,2022,2344,personer,ssb_07459,ekte
4640,67-79,2022,1413,personer,ssb_07459,ekte
4640,80-89,2022,429,personer,ssb_07459,ekte
4640,90+,2022,115,personer,ssb_07459,ekte
4640,alle,2022,12097,personer,ssb_07459,ekte
4641,0-17,2022,299,personer,ssb_07459,ekte
4641,18-29,2022,251,personer,ssb_07459,ekte
4641,30-49,2022,456,personer,ssb_07459,ekte
4641,50-66,2022,423,personer,ssb_07459,ekte
4641,67-79,2022,228,personer,ssb_07459,ekte
4641,80-89,2022,80,personer,ssb_07459,ekte
4641,90+,2022,29,personer,ssb_07459,ekte
4641,alle,2022,1766,personer,ssb_07459,ekte
4642,0-17,2022,387,personer,ssb_07459,ekte
4642,18-29,2022,286,personer,ssb_07459,ekte
4642,30-49,2022,462,personer,ssb_07459,ekte
4642,50-66,2022,519,personer,ssb_07459,ekte
4642,67-79,2022,344,personer,ssb_07459,ekte
4642,80-89,2022,96,personer,ssb_07459,ekte
4642,90+,2022,23,personer,ssb_07459,ekte
4642,alle,2022,2117,personer,ssb_07459,ekte
4643,0-17,2022,925,personer,ssb_07459,ekte
4643,18-29,2022,715,personer,ssb_07459,ekte
4643,30-49,2022,1128,personer,ssb_07459,ekte
4643,50-66,2022,1320,personer,ssb_07459,ekte
4643,67-79,2022,734,personer,ssb_07459,ekte
4643,80-89,2022,298,personer,ssb_07459,ekte
4643,90+,2022,84,personer,ssb_07459,ekte
4643,alle,2022,5204,personer,ssb_07459,ekte
4644,0-17,2022,1138,personer,ssb_07459,ekte
4644,18-29,2022,707,personer,ssb_07459,ekte
4644,30-49,2022,1205,personer,ssb_07459,ekte
4644,50-66,2022,1169,personer,ssb_07459,ekte
4644,67-79,2022,696,personer,ssb_07459,ekte
4644,80-89,2022,256,personer,ssb_07459,ekte
4644,90+,2022,75,personer,ssb_07459,ekte
4644,alle,2022,5246,personer,ssb_07459,ekte
4645,0-17,2022,587,personer,ssb_07459,ekte
4645,18-29,2022,343,personer,ssb_07459,ekte
4645,30-49,2022,595,personer,ssb_07459,ekte
4645,50-66,2022,708,personer,ssb_07459,ekte
4645,67-79,2022,487,personer,ssb_07459,ekte
4645,80-89,2022,179,personer,ssb_07459,ekte
4645,90+,2022,52,personer,ssb_07459,ekte
4645,alle,2022,2951,personer,ssb_07459,ekte
4646,0-17,2022,648,personer,ssb_07459,ekte
4646,18-29,2022,518,personer,ssb_07459,ekte
4646,30-49,2022,595,personer,ssb_07459,ekte
4646,50-66,2022,546,personer,ssb_07459,ekte
4646,67-79,2022,421,personer,ssb_07459,ekte
4646,80-89,2022,151,personer,ssb_07459,ekte
4646,90+,2022,22,personer,ssb_07459,ekte
4646,alle,2022,2901,personer,ssb_07459,ekte
4647,0-17,2022,5121,personer,ssb_07459,ekte
4647,18-29,2022,3384,personer,ssb_07459,ekte
4647,30-49,2022,5596,personer,ssb_07459,ekte
4647,50-66,2022,4596,personer,ssb_07459,ekte
4647,67-79,2022,2451,personer,ssb_07459,ekte
4647,80-89,2022,752,personer,ssb_07459,ekte
4647,90+,2022,216,personer,ssb_07459,ekte
4647,alle,2022,22116,personer,ssb_07459,ekte
4648,0-17,2022,664,personer,ssb_07459,ekte
4648,18-29,2022,431,personer,ssb_07459,ekte
4648,30-49,2022,740,personer,ssb_07459,ekte
4648,50-66,2022,832,personer,ssb_07459,ekte
4648,67-79,2022,546,personer,ssb_07459,ekte
4648,80-89,2022,229,personer,ssb_07459,ekte
4648,90+,2022,79,personer,ssb_07459,ekte
4648,alle,2022,3521,personer,ssb_07459,ekte
4649,0-17,2022,2034,personer,ssb_07459,ekte
4649,18-29,2022,1345,personer,ssb_07459,ekte
4649,30-49,2022,2134,personer,ssb_07459,ekte
4649,50-66,2022,2166,personer,ssb_07459,ekte
4649,67-79,2022,1276,personer,ssb_07459,ekte
4649,80-89,2022,449,personer,ssb_07459,ekte
4649,90+,2022,123,personer,ssb_07459,ekte
4649,alle,2022,9527,personer,ssb_07459,ekte
4650,0-17,2022,1278,personer,ssb_07459,ekte
4650,18-29,2022,772,personer,ssb_07459,ekte
4650,30-49,2022,1340,personer,ssb_07459,ekte
4650,50-66,2022,1258,personer,ssb_07459,ekte
4650,67-79,2022,865,personer,ssb_07459,ekte
4650,80-89,2022,272,personer,ssb_07459,ekte
4650,90+,2022,90,personer,ssb_07459,ekte
4650,alle,2022,5875,personer,ssb_07459,ekte
4651,0-17,2022,1543,personer,ssb_07459,ekte
4651,18-29,2022,1042,personer,ssb_07459,ekte
4651,30-49,2022,1745,personer,ssb_07459,ekte
4651,50-66,2022,1532,personer,ssb_07459,ekte
4651,67-79,2022,955,personer,ssb_07459,ekte
4651,80-89,2022,307,personer,ssb_07459,ekte
4651,90+,2022,83,personer,ssb_07459,ekte
4651,alle,2022,7207,personer,ssb_07459,ekte
1505,0-17,2022,4500,personer,ssb_07459,ekte
1505,18-29,2022,3404,personer,ssb_07459,ekte
1505,30-49,2022,6120,personer,ssb_07459,ekte
1505,50-66,2022,5399,personer,ssb_07459,ekte
1505,67-79,2022,3452,personer,ssb_07459,ekte
1505,80-89,2022,930,personer,ssb_07459,ekte
1505,90+,2022,208,personer,ssb_07459,ekte
1505,alle,2022,24013,personer,ssb_07459,ekte
1506,0-17,2022,6429,personer,ssb_07459,ekte
1506,18-29,2022,4582,personer,ssb_07459,ekte
1506,30-49,2022,7855,personer,ssb_07459,ekte
1506,50-66,2022,7136,personer,ssb_07459,ekte
1506,67-79,2022,4327,personer,ssb_07459,ekte
1506,80-89,2022,1306,personer,ssb_07459,ekte
1506,90+,2022,367,personer,ssb_07459,ekte
1506,alle,2022,32002,personer,ssb_07459,ekte
1508,alle,2022,0,personer,ssb_07459,ekte
1511,0-17,2022,482,personer,ssb_07459,ekte
1511,18-29,2022,383,personer,ssb_07459,ekte
1511,30-49,2022,586,personer,ssb_07459,ekte
1511,50-66,2022,768,personer,ssb_07459,ekte
1511,67-79,2022,580,personer,ssb_07459,ekte
1511,80-89,2022,198,personer,ssb_07459,ekte
1511,90+,2022,48,personer,ssb_07459,ekte
1511,alle,2022,3045,personer,ssb_07459,ekte
1514,0-17,2022,436,personer,ssb_07459,ekte
1514,18-29,2022,277,personer,ssb_07459,ekte
1514,30-49,2022,577,personer,ssb_07459,ekte
1514,50-66,2022,610,personer,ssb_07459,ekte
1514,67-79,2022,350,personer,ssb_07459,ekte
1514,80-89,2022,136,personer,ssb_07459,ekte
1514,90+,2022,36,personer,ssb_07459,ekte
1514,alle,2022,2422,personer,ssb_07459,ekte
1515,0-17,2022,1839,personer,ssb_07459,ekte
1515,18-29,2022,1078,personer,ssb_07459,ekte
1515,30-49,2022,2188,personer,ssb_07459,ekte
1515,50-66,2022,2034,personer,ssb_07459,ekte
1515,67-79,2022,1139,personer,ssb_07459,ekte
1515,80-89,2022,384,personer,ssb_07459,ekte
1515,90+,2022,103,personer,ssb_07459,ekte
1515,alle,2022,8765,personer,ssb_07459,ekte
1516,0-17,2022,1924,personer,ssb_07459,ekte
1516,18-29,2022,1191,personer,ssb_07459,ekte
1516,30-49,2022,2203,personer,ssb_07459,ekte
1516,50-66,2022,1895,personer,ssb_07459,ekte
1516,67-79,2022,963,personer,ssb_07459,ekte
1516,80-89,2022,314,personer,ssb_07459,ekte
1516,90+,2022,67,personer,ssb_07459,ekte
1516,alle,2022,8557,personer,ssb_07459,ekte
1517,0-17,2022,1154,personer,ssb_07459,ekte
1517,18-29,2022,657,personer,ssb_07459,ekte
1517,30-49,2022,1371,personer,ssb_07459,ekte
1517,50-66,2022,1070,personer,ssb_07459,ekte
1517,67-79,2022,614,personer,ssb_07459,ekte
1517,80-89,2022,202,personer,ssb_07459,ekte
1517,90+,2022,58,personer,ssb_07459,ekte
1517,alle,2022,5126,personer,ssb_07459,ekte
1520,0-17,2022,2334,personer,ssb_07459,ekte
1520,18-29,2022,1516,personer,ssb_07459,ekte
1520,30-49,2022,2672,personer,ssb_07459,ekte
1520,50-66,2022,2288,personer,ssb_07459,ekte
1520,67-79,2022,1412,personer,ssb_07459,ekte
1520,80-89,2022,456,personer,ssb_07459,ekte
1520,90+,2022,155,personer,ssb_07459,ekte
1520,alle,2022,10833,personer,ssb_07459,ekte
1525,0-17,2022,801,personer,ssb_07459,ekte
1525,18-29,2022,586,personer,ssb_07459,ekte
1525,30-49,2022,1120,personer,ssb_07459,ekte
1525,50-66,2022,1024,personer,ssb_07459,ekte
1525,67-79,2022,607,personer,ssb_07459,ekte
1525,80-89,2022,249,personer,ssb_07459,ekte
1525,90+,2022,80,personer,ssb_07459,ekte
1525,alle,2022,4467,personer,ssb_07459,ekte
1528,0-17,2022,1535,personer,ssb_07459,ekte
1528,18-29,2022,1024,personer,ssb_07459,ekte
1528,30-49,2022,1859,personer,ssb_07459,ekte
1528,50-66,2022,1709,personer,ssb_07459,ekte
1528,67-79,2022,1043,personer,ssb_07459,ekte
1528,80-89,2022,315,personer,ssb_07459,ekte
1528,90+,2022,73,personer,ssb_07459,ekte
1528,alle,2022,7558,personer,ssb_07459,ekte
1531,0-17,2022,2349,personer,ssb_07459,ekte
1531,18-29,2022,1328,personer,ssb_07459,ekte
1531,30-49,2022,2638,personer,ssb_07459,ekte
1531,50-66,2022,1828,personer,ssb_07459,ekte
1531,67-79,2022,1000,personer,ssb_07459,ekte
1531,80-89,2022,298,personer,ssb_07459,ekte
1531,90+,2022,106,personer,ssb_07459,ekte
1531,alle,2022,9547,personer,ssb_07459,ekte
1532,0-17,2022,2161,personer,ssb_07459,ekte
1532,18-29,2022,1143,personer,ssb_07459,ekte
1532,30-49,2022,2326,personer,ssb_07459,ekte
1532,50-66,2022,1674,personer,ssb_07459,ekte
1532,67-79,2022,929,personer,ssb_07459,ekte
1532,80-89,2022,291,personer,ssb_07459,ekte
1532,90+,2022,73,personer,ssb_07459,ekte
1532,alle,2022,8597,personer,ssb_07459,ekte
1535,0-17,2022,1361,personer,ssb_07459,ekte
1535,18-29,2022,879,personer,ssb_07459,ekte
1535,30-49,2022,1623,personer,ssb_07459,ekte
1535,50-66,2022,1663,personer,ssb_07459,ekte
1535,67-79,2022,1043,personer,ssb_07459,ekte
1535,80-89,2022,294,personer,ssb_07459,ekte
1535,90+,2022,73,personer,ssb_07459,ekte
1535,alle,2022,6936,personer,ssb_07459,ekte
1539,0-17,2022,1418,personer,ssb_07459,ekte
1539,18-29,2022,854,personer,ssb_07459,ekte
1539,30-49,2022,1685,personer,ssb_07459,ekte
1539,50-66,2022,1577,personer,ssb_07459,ekte
1539,67-79,2022,1062,personer,ssb_07459,ekte
1539,80-89,2022,328,personer,ssb_07459,ekte
1539,90+,2022,95,personer,ssb_07459,ekte
1539,alle,2022,7019,personer,ssb_07459,ekte
1547,0-17,2022,786,personer,ssb_07459,ekte
1547,18-29,2022,495,personer,ssb_07459,ekte
1547,30-49,2022,882,personer,ssb_07459,ekte
1547,50-66,2022,699,personer,ssb_07459,ekte
1547,67-79,2022,461,personer,ssb_07459,ekte
1547,80-89,2022,155,personer,ssb_07459,ekte
1547,90+,2022,40,personer,ssb_07459,ekte
1547,alle,2022,3518,personer,ssb_07459,ekte
1554,0-17,2022,1169,personer,ssb_07459,ekte
1554,18-29,2022,735,personer,ssb_07459,ekte
1554,30-49,2022,1397,personer,ssb_07459,ekte
1554,50-66,2022,1360,personer,ssb_07459,ekte
1554,67-79,2022,855,personer,ssb_07459,ekte
1554,80-89,2022,250,personer,ssb_07459,ekte
1554,90+,2022,62,personer,ssb_07459,ekte
1554,alle,2022,5828,personer,ssb_07459,ekte
1557,0-17,2022,568,personer,ssb_07459,ekte
1557,18-29,2022,336,personer,ssb_07459,ekte
1557,30-49,2022,632,personer,ssb_07459,ekte
1557,50-66,2022,568,personer,ssb_07459,ekte
1557,67-79,2022,439,personer,ssb_07459,ekte
1557,80-89,2022,100,personer,ssb_07459,ekte
1557,90+,2022,26,personer,ssb_07459,ekte
1557,alle,2022,2669,personer,ssb_07459,ekte
1560,0-17,2022,542,personer,ssb_07459,ekte
1560,18-29,2022,354,personer,ssb_07459,ekte
1560,30-49,2022,654,personer,ssb_07459,ekte
1560,50-66,2022,715,personer,ssb_07459,ekte
1560,67-79,2022,485,personer,ssb_07459,ekte
1560,80-89,2022,164,personer,ssb_07459,ekte
1560,90+,2022,46,personer,ssb_07459,ekte
1560,alle,2022,2960,personer,ssb_07459,ekte
1563,0-17,2022,1281,personer,ssb_07459,ekte
1563,18-29,2022,963,personer,ssb_07459,ekte
1563,30-49,2022,1490,personer,ssb_07459,ekte
1563,50-66,2022,1795,personer,ssb_07459,ekte
1563,67-79,2022,969,personer,ssb_07459,ekte
1563,80-89,2022,331,personer,ssb_07459,ekte
1563,90+,2022,103,personer,ssb_07459,ekte
1563,alle,2022,6932,personer,ssb_07459,ekte
1566,0-17,2022,1089,personer,ssb_07459,ekte
1566,18-29,2022,833,personer,ssb_07459,ekte
1566,30-49,2022,1209,personer,ssb_07459,ekte
1566,50-66,2022,1433,personer,ssb_07459,ekte
1566,67-79,2022,917,personer,ssb_07459,ekte
1566,80-89,2022,309,personer,ssb_07459,ekte
1566,90+,2022,59,personer,ssb_07459,ekte
1566,alle,2022,5849,personer,ssb_07459,ekte
1573,0-17,2022,363,personer,ssb_07459,ekte
1573,18-29,2022,281,personer,ssb_07459,ekte
1573,30-49,2022,473,personer,ssb_07459,ekte
1573,50-66,2022,514,personer,ssb_07459,ekte
1573,67-79,2022,356,personer,ssb_07459,ekte
1573,80-89,2022,104,personer,ssb_07459,ekte
1573,90+,2022,29,personer,ssb_07459,ekte
1573,alle,2022,2120,personer,ssb_07459,ekte
1576,0-17,2022,596,personer,ssb_07459,ekte
1576,18-29,2022,403,personer,ssb_07459,ekte
1576,30-49,2022,733,personer,ssb_07459,ekte
1576,50-66,2022,867,personer,ssb_07459,ekte
1576,67-79,2022,572,personer,ssb_07459,ekte
1576,80-89,2022,165,personer,ssb_07459,ekte
1576,90+,2022,48,personer,ssb_07459,ekte
1576,alle,2022,3384,personer,ssb_07459,ekte
1577,0-17,2022,2161,personer,ssb_07459,ekte
1577,18-29,2022,2184,personer,ssb_07459,ekte
1577,30-49,2022,2430,personer,ssb_07459,ekte
1577,50-66,2022,2113,personer,ssb_07459,ekte
1577,67-79,2022,1341,personer,ssb_07459,ekte
1577,80-89,2022,464,personer,ssb_07459,ekte
1577,90+,2022,116,personer,ssb_07459,ekte
1577,alle,2022,10809,personer,ssb_07459,ekte
1578,0-17,2022,458,personer,ssb_07459,ekte
1578,18-29,2022,320,personer,ssb_07459,ekte
1578,30-49,2022,497,personer,ssb_07459,ekte
1578,50-66,2022,624,personer,ssb_07459,ekte
1578,67-79,2022,383,personer,ssb_07459,ekte
1578,80-89,2022,157,personer,ssb_07459,ekte
1578,90+,2022,52,personer,ssb_07459,ekte
1578,alle,2022,2491,personer,ssb_07459,ekte
1579,0-17,2022,2905,personer,ssb_07459,ekte
1579,18-29,2022,1809,personer,ssb_07459,ekte
1579,30-49,2022,3331,personer,ssb_07459,ekte
1579,50-66,2022,2881,personer,ssb_07459,ekte
1579,67-79,2022,1748,personer,ssb_07459,ekte
1579,80-89,2022,507,personer,ssb_07459,ekte
1579,90+,2022,106,personer,ssb_07459,ekte
1579,alle,2022,13287,personer,ssb_07459,ekte
1580,alle,2022,0,personer,ssb_07459,ekte
5001,0-17,2022,40685,personer,ssb_07459,ekte
5001,18-29,2022,43346,personer,ssb_07459,ekte
5001,30-49,2022,59226,personer,ssb_07459,ekte
5001,50-66,2022,39383,personer,ssb_07459,ekte
5001,67-79,2022,20521,personer,ssb_07459,ekte
5001,80-89,2022,5958,personer,ssb_07459,ekte
5001,90+,2022,1377,personer,ssb_07459,ekte
5001,alle,2022,210496,personer,ssb_07459,ekte
5006,0-17,2022,4776,personer,ssb_07459,ekte
5006,18-29,2022,3251,personer,ssb_07459,ekte
5006,30-49,2022,5479,personer,ssb_07459,ekte
5006,50-66,2022,5586,personer,ssb_07459,ekte
5006,67-79,2022,3435,personer,ssb_07459,ekte
5006,80-89,2022,1169,personer,ssb_07459,ekte
5006,90+,2022,308,personer,ssb_07459,ekte
5006,alle,2022,24004,personer,ssb_07459,ekte
5007,0-17,2022,3010,personer,ssb_07459,ekte
5007,18-29,2022,2288,personer,ssb_07459,ekte
5007,30-49,2022,3418,personer,ssb_07459,ekte
5007,50-66,2022,3384,personer,ssb_07459,ekte
5007,67-79,2022,2105,personer,ssb_07459,ekte
5007,80-89,2022,626,personer,ssb_07459,ekte
5007,90+,2022,170,personer,ssb_07459,ekte
5007,alle,2022,15001,personer,ssb_07459,ekte
5014,0-17,2022,1011,personer,ssb_07459,ekte
5014,18-29,2022,840,personer,ssb_07459,ekte
5014,30-49,2022,1515,personer,ssb_07459,ekte
5014,50-66,2022,1105,personer,ssb_07459,ekte
5014,67-79,2022,563,personer,ssb_07459,ekte
5014,80-89,2022,184,personer,ssb_07459,ekte
5014,90+,2022,47,personer,ssb_07459,ekte
5014,alle,2022,5265,personer,ssb_07459,ekte
5020,0-17,2022,154,personer,ssb_07459,ekte
5020,18-29,2022,100,personer,ssb_07459,ekte
5020,30-49,2022,171,personer,ssb_07459,ekte
5020,50-66,2022,218,personer,ssb_07459,ekte
5020,67-79,2022,188,personer,ssb_07459,ekte
5020,80-89,2022,56,personer,ssb_07459,ekte
5020,90+,2022,17,personer,ssb_07459,ekte
5020,alle,2022,904,personer,ssb_07459,ekte
5021,0-17,2022,1425,personer,ssb_07459,ekte
5021,18-29,2022,947,personer,ssb_07459,ekte
5021,30-49,2022,1658,personer,ssb_07459,ekte
5021,50-66,2022,1612,personer,ssb_07459,ekte
5021,67-79,2022,1031,personer,ssb_07459,ekte
5021,80-89,2022,315,personer,ssb_07459,ekte
5021,90+,2022,78,personer,ssb_07459,ekte
5021,alle,2022,7066,personer,ssb_07459,ekte
5022,0-17,2022,460,personer,ssb_07459,ekte
5022,18-29,2022,313,personer,ssb_07459,ekte
5022,30-49,2022,482,personer,ssb_07459,ekte
5022,50-66,2022,597,personer,ssb_07459,ekte
5022,67-79,2022,436,personer,ssb_07459,ekte
5022,80-89,2022,127,personer,ssb_07459,ekte
5022,90+,2022,28,personer,ssb_07459,ekte
5022,alle,2022,2443,personer,ssb_07459,ekte
5025,0-17,2022,970,personer,ssb_07459,ekte
5025,18-29,2022,703,personer,ssb_07459,ekte
5025,30-49,2022,1269,personer,ssb_07459,ekte
5025,50-66,2022,1344,personer,ssb_07459,ekte
5025,67-79,2022,960,personer,ssb_07459,ekte
5025,80-89,2022,270,personer,ssb_07459,ekte
5025,90+,2022,56,personer,ssb_07459,ekte
5025,alle,2022,5572,personer,ssb_07459,ekte
5026,0-17,2022,336,personer,ssb_07459,ekte
5026,18-29,2022,246,personer,ssb_07459,ekte
5026,30-49,2022,396,personer,ssb_07459,ekte
5026,50-66,2022,485,personer,ssb_07459,ekte
5026,67-79,2022,353,personer,ssb_07459,ekte
5026,80-89,2022,124,personer,ssb_07459,ekte
5026,90+,2022,13,personer,ssb_07459,ekte
5026,alle,2022,1953,personer,ssb_07459,ekte
5027,0-17,2022,1225,personer,ssb_07459,ekte
5027,18-29,2022,880,personer,ssb_07459,ekte
5027,30-49,2022,1464,personer,ssb_07459,ekte
5027,50-66,2022,1374,personer,ssb_07459,ekte
5027,67-79,2022,825,personer,ssb_07459,ekte
5027,80-89,2022,275,personer,ssb_07459,ekte
5027,90+,2022,77,personer,ssb_07459,ekte
5027,alle,2022,6120,personer,ssb_07459,ekte
5028,0-17,2022,3851,personer,ssb_07459,ekte
5028,18-29,2022,2487,personer,ssb_07459,ekte
5028,30-49,2022,4527,personer,ssb_07459,ekte
5028,50-66,2022,3533,personer,ssb_07459,ekte
5028,67-79,2022,1936,personer,ssb_07459,ekte
5028,80-89,2022,645,personer,ssb_07459,ekte
5028,90+,2022,144,personer,ssb_07459,ekte
5028,alle,2022,17123,personer,ssb_07459,ekte
5029,0-17,2022,2165,personer,ssb_07459,ekte
5029,18-29,2022,1007,personer,ssb_07459,ekte
5029,30-49,2022,2355,personer,ssb_07459,ekte
5029,50-66,2022,1678,personer,ssb_07459,ekte
5029,67-79,2022,848,personer,ssb_07459,ekte
5029,80-89,2022,240,personer,ssb_07459,ekte
5029,90+,2022,67,personer,ssb_07459,ekte
5029,alle,2022,8360,personer,ssb_07459,ekte
5031,0-17,2022,3471,personer,ssb_07459,ekte
5031,18-29,2022,1933,personer,ssb_07459,ekte
5031,30-49,2022,4032,personer,ssb_07459,ekte
5031,50-66,2022,3120,personer,ssb_07459,ekte
5031,67-79,2022,1370,personer,ssb_07459,ekte
5031,80-89,2022,415,personer,ssb_07459,ekte
5031,90+,2022,84,personer,ssb_07459,ekte
5031,alle,2022,14425,personer,ssb_07459,ekte
5032,0-17,2022,801,personer,ssb_07459,ekte
5032,18-29,2022,518,personer,ssb_07459,ekte
5032,30-49,2022,949,personer,ssb_07459,ekte
5032,50-66,2022,959,personer,ssb_07459,ekte
5032,67-79,2022,571,personer,ssb_07459,ekte
5032,80-89,2022,231,personer,ssb_07459,ekte
5032,90+,2022,61,personer,ssb_07459,ekte
5032,alle,2022,4090,personer,ssb_07459,ekte
5033,0-17,2022,115,personer,ssb_07459,ekte
5033,18-29,2022,79,personer,ssb_07459,ekte
5033,30-49,2022,139,personer,ssb_07459,ekte
5033,50-66,2022,215,personer,ssb_07459,ekte
5033,67-79,2022,124,personer,ssb_07459,ekte
5033,80-89,2022,63,personer,ssb_07459,ekte
5033,90+,2022,15,personer,ssb_07459,ekte
5033,alle,2022,750,personer,ssb_07459,ekte
5034,0-17,2022,445,personer,ssb_07459,ekte
5034,18-29,2022,280,personer,ssb_07459,ekte
5034,30-49,2022,532,personer,ssb_07459,ekte
5034,50-66,2022,596,personer,ssb_07459,ekte
5034,67-79,2022,391,personer,ssb_07459,ekte
5034,80-89,2022,119,personer,ssb_07459,ekte
5034,90+,2022,36,personer,ssb_07459,ekte
5034,alle,2022,2399,personer,ssb_07459,ekte
5035,0-17,2022,5326,personer,ssb_07459,ekte
5035,18-29,2022,3466,personer,ssb_07459,ekte
5035,30-49,2022,5996,personer,ssb_07459,ekte
5035,50-66,2022,5322,personer,ssb_07459,ekte
5035,67-79,2022,3068,personer,ssb_07459,ekte
5035,80-89,2022,936,personer,ssb_07459,ekte
5035,90+,2022,173,personer,ssb_07459,ekte
5035,alle,2022,24287,personer,ssb_07459,ekte
5036,0-17,2022,513,personer,ssb_07459,ekte
5036,18-29,2022,358,personer,ssb_07459,ekte
5036,30-49,2022,583,personer,ssb_07459,ekte
5036,50-66,2022,630,personer,ssb_07459,ekte
5036,67-79,2022,358,personer,ssb_07459,ekte
5036,80-89,2022,146,personer,ssb_07459,ekte
5036,90+,2022,20,personer,ssb_07459,ekte
5036,alle,2022,2608,personer,ssb_07459,ekte
5037,0-17,2022,4360,personer,ssb_07459,ekte
5037,18-29,2022,3069,personer,ssb_07459,ekte
5037,30-49,2022,4752,personer,ssb_07459,ekte
5037,50-66,2022,4404,personer,ssb_07459,ekte
5037,67-79,2022,2568,personer,ssb_07459,ekte
5037,80-89,2022,843,personer,ssb_07459,ekte
5037,90+,2022,175,personer,ssb_07459,ekte
5037,alle,2022,20171,personer,ssb_07459,ekte
5038,0-17,2022,2996,personer,ssb_07459,ekte
5038,18-29,2022,2275,personer,ssb_07459,ekte
5038,30-49,2022,3537,personer,ssb_07459,ekte
5038,50-66,2022,3291,personer,ssb_07459,ekte
5038,67-79,2022,2185,personer,ssb_07459,ekte
5038,80-89,2022,552,personer,ssb_07459,ekte
5038,90+,2022,119,personer,ssb_07459,ekte
5038,alle,2022,14955,personer,ssb_07459,ekte
5041,0-17,2022,411,personer,ssb_07459,ekte
5041,18-29,2022,251,personer,ssb_07459,ekte
5041,30-49,2022,418,personer,ssb_07459,ekte
5041,50-66,2022,489,personer,ssb_07459,ekte
5041,67-79,2022,306,personer,ssb_07459,ekte
5041,80-89,2022,132,personer,ssb_07459,ekte
5041,90+,2022,26,personer,ssb_07459,ekte
5041,alle,2022,2033,personer,ssb_07459,ekte
5042,0-17,2022,225,personer,ssb_07459,ekte
5042,18-29,2022,161,personer,ssb_07459,ekte
5042,30-49,2022,278,personer,ssb_07459,ekte
5042,50-66,2022,313,personer,ssb_07459,ekte
5042,67-79,2022,235,personer,ssb_07459,ekte
5042,80-89,2022,77,personer,ssb_07459,ekte
5042,90+,2022,20,personer,ssb_07459,ekte
5042,alle,2022,1309,personer,ssb_07459,ekte
5043,0-17,2022,83,personer,ssb_07459,ekte
5043,18-29,2022,43,personer,ssb_07459,ekte
5043,30-49,2022,89,personer,ssb_07459,ekte
5043,50-66,2022,106,personer,ssb_07459,ekte
5043,67-79,2022,86,personer,ssb_07459,ekte
5043,80-89,2022,28,personer,ssb_07459,ekte
5043,90+,2022,6,personer,ssb_07459,ekte
5043,alle,2022,441,personer,ssb_07459,ekte
5044,0-17,2022,137,personer,ssb_07459,ekte
5044,18-29,2022,110,personer,ssb_07459,ekte
5044,30-49,2022,153,personer,ssb_07459,ekte
5044,50-66,2022,209,personer,ssb_07459,ekte
5044,67-79,2022,135,personer,ssb_07459,ekte
5044,80-89,2022,62,personer,ssb_07459,ekte
5044,90+,2022,12,personer,ssb_07459,ekte
5044,alle,2022,818,personer,ssb_07459,ekte
5045,0-17,2022,452,personer,ssb_07459,ekte
5045,18-29,2022,289,personer,ssb_07459,ekte
5045,30-49,2022,485,personer,ssb_07459,ekte
5045,50-66,2022,553,personer,ssb_07459,ekte
5045,67-79,2022,340,personer,ssb_07459,ekte
5045,80-89,2022,130,personer,ssb_07459,ekte
5045,90+,2022,38,personer,ssb_07459,ekte
5045,alle,2022,2287,personer,ssb_07459,ekte
5046,0-17,2022,259,personer,ssb_07459,ekte
5046,18-29,2022,144,personer,ssb_07459,ekte
5046,30-49,2022,251,personer,ssb_07459,ekte
5046,50-66,2022,248,personer,ssb_07459,ekte
5046,67-79,2022,212,personer,ssb_07459,ekte
5046,80-89,2022,64,personer,ssb_07459,ekte
5046,90+,2022,15,personer,ssb_07459,ekte
5046,alle,2022,1193,personer,ssb_07459,ekte
5047,0-17,2022,904,personer,ssb_07459,ekte
5047,18-29,2022,518,personer,ssb_07459,ekte
5047,30-49,2022,953,personer,ssb_07459,ekte
5047,50-66,2022,788,personer,ssb_07459,ekte
5047,67-79,2022,463,personer,ssb_07459,ekte
5047,80-89,2022,155,personer,ssb_07459,ekte
5047,90+,2022,36,personer,ssb_07459,ekte
5047,alle,2022,3817,personer,ssb_07459,ekte
5049,0-17,2022,171,personer,ssb_07459,ekte
5049,18-29,2022,156,personer,ssb_07459,ekte
5049,30-49,2022,213,personer,ssb_07459,ekte
5049,50-66,2022,294,personer,ssb_07459,ekte
5049,67-79,2022,196,personer,ssb_07459,ekte
5049,80-89,2022,62,personer,ssb_07459,ekte
5049,90+,2022,9,personer,ssb_07459,ekte
5049,alle,2022,1101,personer,ssb_07459,ekte
5052,0-17,2022,107,personer,ssb_07459,ekte
5052,18-29,2022,62,personer,ssb_07459,ekte
5052,30-49,2022,102,personer,ssb_07459,ekte
5052,50-66,2022,143,personer,ssb_07459,ekte
5052,67-79,2022,111,personer,ssb_07459,ekte
5052,80-89,2022,38,personer,ssb_07459,ekte
5052,90+,2022,7,personer,ssb_07459,ekte
5052,alle,2022,570,personer,ssb_07459,ekte
5053,0-17,2022,1456,personer,ssb_07459,ekte
5053,18-29,2022,868,personer,ssb_07459,ekte
5053,30-49,2022,1550,personer,ssb_07459,ekte
5053,50-66,2022,1552,personer,ssb_07459,ekte
5053,67-79,2022,1014,personer,ssb_07459,ekte
5053,80-89,2022,284,personer,ssb_07459,ekte
5053,90+,2022,70,personer,ssb_07459,ekte
5053,alle,2022,6794,personer,ssb_07459,ekte
5054,0-17,2022,1975,personer,ssb_07459,ekte
5054,18-29,2022,1277,personer,ssb_07459,ekte
5054,30-49,2022,2190,personer,ssb_07459,ekte
5054,50-66,2022,2316,personer,ssb_07459,ekte
5054,67-79,2022,1528,personer,ssb_07459,ekte
5054,80-89,2022,502,personer,ssb_07459,ekte
5054,90+,2022,111,personer,ssb_07459,ekte
5054,alle,2022,9899,personer,ssb_07459,ekte
5055,0-17,2022,1095,personer,ssb_07459,ekte
5055,18-29,2022,773,personer,ssb_07459,ekte
5055,30-49,2022,1269,personer,ssb_07459,ekte
5055,50-66,2022,1398,personer,ssb_07459,ekte
5055,67-79,2022,956,personer,ssb_07459,ekte
5055,80-89,2022,315,personer,ssb_07459,ekte
5055,90+,2022,78,personer,ssb_07459,ekte
5055,alle,2022,5884,personer,ssb_07459,ekte
5056,0-17,2022,922,personer,ssb_07459,ekte
5056,18-29,2022,759,personer,ssb_07459,ekte
5056,30-49,2022,1384,personer,ssb_07459,ekte
5056,50-66,2022,1134,personer,ssb_07459,ekte
5056,67-79,2022,699,personer,ssb_07459,ekte
5056,80-89,2022,216,personer,ssb_07459,ekte
5056,90+,2022,42,personer,ssb_07459,ekte
5056,alle,2022,5156,personer,ssb_07459,ekte
5057,0-17,2022,2107,personer,ssb_07459,ekte
5057,18-29,2022,1521,personer,ssb_07459,ekte
5057,30-49,2022,2367,personer,ssb_07459,ekte
5057,50-66,2022,2360,personer,ssb_07459,ekte
5057,67-79,2022,1389,personer,ssb_07459,ekte
5057,80-89,2022,517,personer,ssb_07459,ekte
5057,90+,2022,110,personer,ssb_07459,ekte
5057,alle,2022,10371,personer,ssb_07459,ekte
5058,0-17,2022,781,personer,ssb_07459,ekte
5058,18-29,2022,594,personer,ssb_07459,ekte
5058,30-49,2022,841,personer,ssb_07459,ekte
5058,50-66,2022,1061,personer,ssb_07459,ekte
5058,67-79,2022,686,personer,ssb_07459,ekte
5058,80-89,2022,236,personer,ssb_07459,ekte
5058,90+,2022,53,personer,ssb_07459,ekte
5058,alle,2022,4252,personer,ssb_07459,ekte
5059,0-17,2022,3724,personer,ssb_07459,ekte
5059,18-29,2022,2447,personer,ssb_07459,ekte
5059,30-49,2022,4449,personer,ssb_07459,ekte
5059,50-66,2022,4295,personer,ssb_07459,ekte
5059,67-79,2022,2556,personer,ssb_07459,ekte
5059,80-89,2022,823,personer,ssb_07459,ekte
5059,90+,2022,208,personer,ssb_07459,ekte
5059,alle,2022,18502,personer,ssb_07459,ekte
5060,0-17,2022,2061,personer,ssb_07459,ekte
5060,18-29,2022,1487,personer,ssb_07459,ekte
5060,30-49,2022,2349,personer,ssb_07459,ekte
5060,50-66,2022,2131,personer,ssb_07459,ekte
5060,67-79,2022,1199,personer,ssb_07459,ekte
5060,80-89,2022,420,personer,ssb_07459,ekte
5060,90+,2022,85,personer,ssb_07459,ekte
5060,alle,2022,9732,personer,ssb_07459,ekte
5061,0-17,2022,383,personer,ssb_07459,ekte
5061,18-29,2022,273,personer,ssb_07459,ekte
5061,30-49,2022,423,personer,ssb_07459,ekte
5061,50-66,2022,437,personer,ssb_07459,ekte
5061,67-79,2022,320,personer,ssb_07459,ekte
5061,80-89,2022,113,personer,ssb_07459,ekte
5061,90+,2022,31,personer,ssb_07459,ekte
5061,alle,2022,1980,personer,ssb_07459,ekte
1804,0-17,2022,10641,personer,ssb_07459,ekte
1804,18-29,2022,8848,personer,ssb_07459,ekte
1804,30-49,2022,14202,personer,ssb_07459,ekte
1804,50-66,2022,11182,personer,ssb_07459,ekte
1804,67-79,2022,5764,personer,ssb_07459,ekte
1804,80-89,2022,1816,personer,ssb_07459,ekte
1804,90+,2022,350,personer,ssb_07459,ekte
1804,alle,2022,52803,personer,ssb_07459,ekte
1806,0-17,2022,3998,personer,ssb_07459,ekte
1806,18-29,2022,3061,personer,ssb_07459,ekte
1806,30-49,2022,5092,personer,ssb_07459,ekte
1806,50-66,2022,5103,personer,ssb_07459,ekte
1806,67-79,2022,3023,personer,ssb_07459,ekte
1806,80-89,2022,1015,personer,ssb_07459,ekte
1806,90+,2022,238,personer,ssb_07459,ekte
1806,alle,2022,21530,personer,ssb_07459,ekte
1811,0-17,2022,264,personer,ssb_07459,ekte
1811,18-29,2022,142,personer,ssb_07459,ekte
1811,30-49,2022,261,personer,ssb_07459,ekte
1811,50-66,2022,351,personer,ssb_07459,ekte
1811,67-79,2022,279,personer,ssb_07459,ekte
1811,80-89,2022,86,personer,ssb_07459,ekte
1811,90+,2022,23,personer,ssb_07459,ekte
1811,alle,2022,1406,personer,ssb_07459,ekte
1812,0-17,2022,379,personer,ssb_07459,ekte
1812,18-29,2022,261,personer,ssb_07459,ekte
1812,30-49,2022,432,personer,ssb_07459,ekte
1812,50-66,2022,491,personer,ssb_07459,ekte
1812,67-79,2022,294,personer,ssb_07459,ekte
1812,80-89,2022,101,personer,ssb_07459,ekte
1812,90+,2022,23,personer,ssb_07459,ekte
1812,alle,2022,1981,personer,ssb_07459,ekte
1813,0-17,2022,1572,personer,ssb_07459,ekte
1813,18-29,2022,1060,personer,ssb_07459,ekte
1813,30-49,2022,1846,personer,ssb_07459,ekte
1813,50-66,2022,1899,personer,ssb_07459,ekte
1813,67-79,2022,1023,personer,ssb_07459,ekte
1813,80-89,2022,305,personer,ssb_07459,ekte
1813,90+,2022,72,personer,ssb_07459,ekte
1813,alle,2022,7777,personer,ssb_07459,ekte
1815,0-17,2022,204,personer,ssb_07459,ekte
1815,18-29,2022,141,personer,ssb_07459,ekte
1815,30-49,2022,233,personer,ssb_07459,ekte
1815,50-66,2022,310,personer,ssb_07459,ekte
1815,67-79,2022,204,personer,ssb_07459,ekte
1815,80-89,2022,67,personer,ssb_07459,ekte
1815,90+,2022,16,personer,ssb_07459,ekte
1815,alle,2022,1175,personer,ssb_07459,ekte
1816,0-17,2022,73,personer,ssb_07459,ekte
1816,18-29,2022,58,personer,ssb_07459,ekte
1816,30-49,2022,95,personer,ssb_07459,ekte
1816,50-66,2022,110,personer,ssb_07459,ekte
1816,67-79,2022,98,personer,ssb_07459,ekte
1816,80-89,2022,19,personer,ssb_07459,ekte
1816,90+,2022,9,personer,ssb_07459,ekte
1816,alle,2022,462,personer,ssb_07459,ekte
1818,0-17,2022,367,personer,ssb_07459,ekte
1818,18-29,2022,209,personer,ssb_07459,ekte
1818,30-49,2022,446,personer,ssb_07459,ekte
1818,50-66,2022,433,personer,ssb_07459,ekte
1818,67-79,2022,270,personer,ssb_07459,ekte
1818,80-89,2022,88,personer,ssb_07459,ekte
1818,90+,2022,12,personer,ssb_07459,ekte
1818,alle,2022,1825,personer,ssb_07459,ekte
1820,0-17,2022,1411,personer,ssb_07459,ekte
1820,18-29,2022,1041,personer,ssb_07459,ekte
1820,30-49,2022,1679,personer,ssb_07459,ekte
1820,50-66,2022,1759,personer,ssb_07459,ekte
1820,67-79,2022,1076,personer,ssb_07459,ekte
1820,80-89,2022,313,personer,ssb_07459,ekte
1820,90+,2022,54,personer,ssb_07459,ekte
1820,alle,2022,7333,personer,ssb_07459,ekte
1822,0-17,2022,502,personer,ssb_07459,ekte
1822,18-29,2022,250,personer,ssb_07459,ekte
1822,30-49,2022,561,personer,ssb_07459,ekte
1822,50-66,2022,505,personer,ssb_07459,ekte
1822,67-79,2022,311,personer,ssb_07459,ekte
1822,80-89,2022,93,personer,ssb_07459,ekte
1822,90+,2022,35,personer,ssb_07459,ekte
1822,alle,2022,2257,personer,ssb_07459,ekte
1824,0-17,2022,2443,personer,ssb_07459,ekte
1824,18-29,2022,1959,personer,ssb_07459,ekte
1824,30-49,2022,3078,personer,ssb_07459,ekte
1824,50-66,2022,3139,personer,ssb_07459,ekte
1824,67-79,2022,1812,personer,ssb_07459,ekte
1824,80-89,2022,648,personer,ssb_07459,ekte
1824,90+,2022,154,personer,ssb_07459,ekte
1824,alle,2022,13233,personer,ssb_07459,ekte
1825,0-17,2022,265,personer,ssb_07459,ekte
1825,18-29,2022,202,personer,ssb_07459,ekte
1825,30-49,2022,308,personer,ssb_07459,ekte
1825,50-66,2022,344,personer,ssb_07459,ekte
1825,67-79,2022,227,personer,ssb_07459,ekte
1825,80-89,2022,94,personer,ssb_07459,ekte
1825,90+,2022,21,personer,ssb_07459,ekte
1825,alle,2022,1461,personer,ssb_07459,ekte
1826,0-17,2022,219,personer,ssb_07459,ekte
1826,18-29,2022,155,personer,ssb_07459,ekte
1826,30-49,2022,254,personer,ssb_07459,ekte
1826,50-66,2022,311,personer,ssb_07459,ekte
1826,67-79,2022,229,personer,ssb_07459,ekte
1826,80-89,2022,84,personer,ssb_07459,ekte
1826,90+,2022,21,personer,ssb_07459,ekte
1826,alle,2022,1273,personer,ssb_07459,ekte
1827,0-17,2022,247,personer,ssb_07459,ekte
1827,18-29,2022,171,personer,ssb_07459,ekte
1827,30-49,2022,263,personer,ssb_07459,ekte
1827,50-66,2022,364,personer,ssb_07459,ekte
1827,67-79,2022,238,personer,ssb_07459,ekte
1827,80-89,2022,71,personer,ssb_07459,ekte
1827,90+,2022,15,personer,ssb_07459,ekte
1827,alle,2022,1369,personer,ssb_07459,ekte
1828,0-17,2022,316,personer,ssb_07459,ekte
1828,18-29,2022,234,personer,ssb_07459,ekte
1828,30-49,2022,402,personer,ssb_07459,ekte
1828,50-66,2022,420,personer,ssb_07459,ekte
1828,67-79,2022,231,personer,ssb_07459,ekte
1828,80-89,2022,84,personer,ssb_07459,ekte
1828,90+,2022,11,personer,ssb_07459,ekte
1828,alle,2022,1698,personer,ssb_07459,ekte
1832,0-17,2022,842,personer,ssb_07459,ekte
1832,18-29,2022,568,personer,ssb_07459,ekte
1832,30-49,2022,982,personer,ssb_07459,ekte
1832,50-66,2022,1032,personer,ssb_07459,ekte
1832,67-79,2022,684,personer,ssb_07459,ekte
1832,80-89,2022,235,personer,ssb_07459,ekte
1832,90+,2022,77,personer,ssb_07459,ekte
1832,alle,2022,4420,personer,ssb_07459,ekte
1833,0-17,2022,5003,personer,ssb_07459,ekte
1833,18-29,2022,3938,personer,ssb_07459,ekte
1833,30-49,2022,6219,personer,ssb_07459,ekte
1833,50-66,2022,6108,personer,ssb_07459,ekte
1833,67-79,2022,3399,personer,ssb_07459,ekte
1833,80-89,2022,1141,personer,ssb_07459,ekte
1833,90+,2022,284,personer,ssb_07459,ekte
1833,alle,2022,26092,personer,ssb_07459,ekte
1834,0-17,2022,342,personer,ssb_07459,ekte
1834,18-29,2022,230,personer,ssb_07459,ekte
1834,30-49,2022,428,personer,ssb_07459,ekte
1834,50-66,2022,420,personer,ssb_07459,ekte
1834,67-79,2022,311,personer,ssb_07459,ekte
1834,80-89,2022,119,personer,ssb_07459,ekte
1834,90+,2022,19,personer,ssb_07459,ekte
1834,alle,2022,1869,personer,ssb_07459,ekte
1835,0-17,2022,75,personer,ssb_07459,ekte
1835,18-29,2022,71,personer,ssb_07459,ekte
1835,30-49,2022,127,personer,ssb_07459,ekte
1835,50-66,2022,110,personer,ssb_07459,ekte
1835,67-79,2022,49,personer,ssb_07459,ekte
1835,80-89,2022,15,personer,ssb_07459,ekte
1835,90+,2022,3,personer,ssb_07459,ekte
1835,alle,2022,450,personer,ssb_07459,ekte
1836,0-17,2022,236,personer,ssb_07459,ekte
1836,18-29,2022,156,personer,ssb_07459,ekte
1836,30-49,2022,226,personer,ssb_07459,ekte
1836,50-66,2022,280,personer,ssb_07459,ekte
1836,67-79,2022,186,personer,ssb_07459,ekte
1836,80-89,2022,57,personer,ssb_07459,ekte
1836,90+,2022,12,personer,ssb_07459,ekte
1836,alle,2022,1153,personer,ssb_07459,ekte
1837,0-17,2022,1245,personer,ssb_07459,ekte
1837,18-29,2022,841,personer,ssb_07459,ekte
1837,30-49,2022,1374,personer,ssb_07459,ekte
1837,50-66,2022,1479,personer,ssb_07459,ekte
1837,67-79,2022,895,personer,ssb_07459,ekte
1837,80-89,2022,296,personer,ssb_07459,ekte
1837,90+,2022,84,personer,ssb_07459,ekte
1837,alle,2022,6214,personer,ssb_07459,ekte
1838,0-17,2022,304,personer,ssb_07459,ekte
1838,18-29,2022,201,personer,ssb_07459,ekte
1838,30-49,2022,415,personer,ssb_07459,ekte
1838,50-66,2022,487,personer,ssb_07459,ekte
1838,67-79,2022,355,personer,ssb_07459,ekte
1838,80-89,2022,106,personer,ssb_07459,ekte
1838,90+,2022,26,personer,ssb_07459,ekte
1838,alle,2022,1894,personer,ssb_07459,ekte
1839,0-17,2022,154,personer,ssb_07459,ekte
1839,18-29,2022,103,personer,ssb_07459,ekte
1839,30-49,2022,193,personer,ssb_07459,ekte
1839,50-66,2022,270,personer,ssb_07459,ekte
1839,67-79,2022,198,personer,ssb_07459,ekte
1839,80-89,2022,78,personer,ssb_07459,ekte
1839,90+,2022,16,personer,ssb_07459,ekte
1839,alle,2022,1012,personer,ssb_07459,ekte
1840,0-17,2022,893,personer,ssb_07459,ekte
1840,18-29,2022,532,personer,ssb_07459,ekte
1840,30-49,2022,1036,personer,ssb_07459,ekte
1840,50-66,2022,1099,personer,ssb_07459,ekte
1840,67-79,2022,789,personer,ssb_07459,ekte
1840,80-89,2022,217,personer,ssb_07459,ekte
1840,90+,2022,51,personer,ssb_07459,ekte
1840,alle,2022,4617,personer,ssb_07459,ekte
1841,0-17,2022,1728,personer,ssb_07459,ekte
1841,18-29,2022,1338,personer,ssb_07459,ekte
1841,30-49,2022,2280,personer,ssb_07459,ekte
1841,50-66,2022,2286,personer,ssb_07459,ekte
1841,67-79,2022,1440,personer,ssb_07459,ekte
1841,80-89,2022,438,personer,ssb_07459,ekte
1841,90+,2022,93,personer,ssb_07459,ekte
1841,alle,2022,9603,personer,ssb_07459,ekte
1845,0-17,2022,326,personer,ssb_07459,ekte
1845,18-29,2022,233,personer,ssb_07459,ekte
1845,30-49,2022,389,personer,ssb_07459,ekte
1845,50-66,2022,452,personer,ssb_07459,ekte
1845,67-79,2022,341,personer,ssb_07459,ekte
1845,80-89,2022,100,personer,ssb_07459,ekte
1845,90+,2022,28,personer,ssb_07459,ekte
1845,alle,2022,1869,personer,ssb_07459,ekte
1848,0-17,2022,460,personer,ssb_07459,ekte
1848,18-29,2022,314,personer,ssb_07459,ekte
1848,30-49,2022,597,personer,ssb_07459,ekte
1848,50-66,2022,612,personer,ssb_07459,ekte
1848,67-79,2022,442,personer,ssb_07459,ekte
1848,80-89,2022,144,personer,ssb_07459,ekte
1848,90+,2022,22,personer,ssb_07459,ekte
1848,alle,2022,2591,personer,ssb_07459,ekte
1851,0-17,2022,301,personer,ssb_07459,ekte
1851,18-29,2022,208,personer,ssb_07459,ekte
1851,30-49,2022,358,personer,ssb_07459,ekte
1851,50-66,2022,541,personer,ssb_07459,ekte
1851,67-79,2022,396,personer,ssb_07459,ekte
1851,80-89,2022,131,personer,ssb_07459,ekte
1851,90+,2022,41,personer,ssb_07459,ekte
1851,alle,2022,1976,personer,ssb_07459,ekte
1853,0-17,2022,213,personer,ssb_07459,ekte
1853,18-29,2022,170,personer,ssb_07459,ekte
1853,30-49,2022,274,personer,ssb_07459,ekte
1853,50-66,2022,317,personer,ssb_07459,ekte
1853,67-79,2022,270,personer,ssb_07459,ekte
1853,80-89,2022,65,personer,ssb_07459,ekte
1853,90+,2022,25,personer,ssb_07459,ekte
1853,alle,2022,1334,personer,ssb_07459,ekte
1856,0-17,2022,68,personer,ssb_07459,ekte
1856,18-29,2022,65,personer,ssb_07459,ekte
1856,30-49,2022,99,personer,ssb_07459,ekte
1856,50-66,2022,135,personer,ssb_07459,ekte
1856,67-79,2022,68,personer,ssb_07459,ekte
1856,80-89,2022,28,personer,ssb_07459,ekte
1856,90+,2022,6,personer,ssb_07459,ekte
1856,alle,2022,469,personer,ssb_07459,ekte
1857,0-17,2022,115,personer,ssb_07459,ekte
1857,18-29,2022,71,personer,ssb_07459,ekte
1857,30-49,2022,167,personer,ssb_07459,ekte
1857,50-66,2022,174,personer,ssb_07459,ekte
1857,67-79,2022,98,personer,ssb_07459,ekte
1857,80-89,2022,44,personer,ssb_07459,ekte
1857,90+,2022,9,personer,ssb_07459,ekte
1857,alle,2022,678,personer,ssb_07459,ekte
1859,0-17,2022,184,personer,ssb_07459,ekte
1859,18-29,2022,163,personer,ssb_07459,ekte
1859,30-49,2022,246,personer,ssb_07459,ekte
1859,50-66,2022,322,personer,ssb_07459,ekte
1859,67-79,2022,202,personer,ssb_07459,ekte
1859,80-89,2022,80,personer,ssb_07459,ekte
1859,90+,2022,19,personer,ssb_07459,ekte
1859,alle,2022,1216,personer,ssb_07459,ekte
1860,0-17,2022,2445,personer,ssb_07459,ekte
1860,18-29,2022,1791,personer,ssb_07459,ekte
1860,30-49,2022,2715,personer,ssb_07459,ekte
1860,50-66,2022,2544,personer,ssb_07459,ekte
1860,67-79,2022,1487,personer,ssb_07459,ekte
1860,80-89,2022,464,personer,ssb_07459,ekte
1860,90+,2022,120,personer,ssb_07459,ekte
1860,alle,2022,11566,personer,ssb_07459,ekte
1865,0-17,2022,1853,personer,ssb_07459,ekte
1865,18-29,2022,1395,personer,ssb_07459,ekte
1865,30-49,2022,2543,personer,ssb_07459,ekte
1865,50-66,2022,2123,personer,ssb_07459,ekte
1865,67-79,2022,1367,personer,ssb_07459,ekte
1865,80-89,2022,360,personer,ssb_07459,ekte
1865,90+,2022,83,personer,ssb_07459,ekte
1865,alle,2022,9724,personer,ssb_07459,ekte
1866,0-17,2022,1555,personer,ssb_07459,ekte
1866,18-29,2022,1121,personer,ssb_07459,ekte
1866,30-49,2022,1880,personer,ssb_07459,ekte
1866,50-66,2022,1866,personer,ssb_07459,ekte
1866,67-79,2022,1231,personer,ssb_07459,ekte
1866,80-89,2022,379,personer,ssb_07459,ekte
1866,90+,2022,75,personer,ssb_07459,ekte
1866,alle,2022,8107,personer,ssb_07459,ekte
1867,0-17,2022,389,personer,ssb_07459,ekte
1867,18-29,2022,313,personer,ssb_07459,ekte
1867,30-49,2022,488,personer,ssb_07459,ekte
1867,50-66,2022,692,personer,ssb_07459,ekte
1867,67-79,2022,445,personer,ssb_07459,ekte
1867,80-89,2022,193,personer,ssb_07459,ekte
1867,90+,2022,45,personer,ssb_07459,ekte
1867,alle,2022,2565,personer,ssb_07459,ekte
1868,0-17,2022,787,personer,ssb_07459,ekte
1868,18-29,2022,637,personer,ssb_07459,ekte
1868,30-49,2022,1072,personer,ssb_07459,ekte
1868,50-66,2022,1079,personer,ssb_07459,ekte
1868,67-79,2022,628,personer,ssb_07459,ekte
1868,80-89,2022,205,personer,ssb_07459,ekte
1868,90+,2022,50,personer,ssb_07459,ekte
1868,alle,2022,4458,personer,ssb_07459,ekte
1870,0-17,2022,2180,personer,ssb_07459,ekte
1870,18-29,2022,1631,personer,ssb_07459,ekte
1870,30-49,2022,2542,personer,ssb_07459,ekte
1870,50-66,2022,2271,personer,ssb_07459,ekte
1870,67-79,2022,1384,personer,ssb_07459,ekte
1870,80-89,2022,372,personer,ssb_07459,ekte
1870,90+,2022,88,personer,ssb_07459,ekte
1870,alle,2022,10468,personer,ssb_07459,ekte
1871,0-17,2022,774,personer,ssb_07459,ekte
1871,18-29,2022,625,personer,ssb_07459,ekte
1871,30-49,2022,937,personer,ssb_07459,ekte
1871,50-66,2022,1116,personer,ssb_07459,ekte
1871,67-79,2022,791,personer,ssb_07459,ekte
1871,80-89,2022,268,personer,ssb_07459,ekte
1871,90+,2022,61,personer,ssb_07459,ekte
1871,alle,2022,4572,personer,ssb_07459,ekte
1874,0-17,2022,114,personer,ssb_07459,ekte
1874,18-29,2022,111,personer,ssb_07459,ekte
1874,30-49,2022,272,personer,ssb_07459,ekte
1874,50-66,2022,250,personer,ssb_07459,ekte
1874,67-79,2022,145,personer,ssb_07459,ekte
1874,80-89,2022,70,personer,ssb_07459,ekte
1874,90+,2022,20,personer,ssb_07459,ekte
1874,alle,2022,982,personer,ssb_07459,ekte
1875,0-17,2022,455,personer,ssb_07459,ekte
1875,18-29,2022,320,personer,ssb_07459,ekte
1875,30-49,2022,622,personer,ssb_07459,ekte
1875,50-66,2022,649,personer,ssb_07459,ekte
1875,67-79,2022,468,personer,ssb_07459,ekte
1875,80-89,2022,143,personer,ssb_07459,ekte
1875,90+,2022,51,personer,ssb_07459,ekte
1875,alle,2022,2708,personer,ssb_07459,ekte
5501,alle,2022,0,personer,ssb_07459,ekte
5503,alle,2022,0,personer,ssb_07459,ekte
5510,alle,2022,0,personer,ssb_07459,ekte
5512,alle,2022,0,personer,ssb_07459,ekte
5514,alle,2022,0,personer,ssb_07459,ekte
5516,alle,2022,0,personer,ssb_07459,ekte
5518,alle,2022,0,personer,ssb_07459,ekte
5520,alle,2022,0,personer,ssb_07459,ekte
5522,alle,2022,0,personer,ssb_07459,ekte
5524,alle,2022,0,personer,ssb_07459,ekte
5526,alle,2022,0,personer,ssb_07459,ekte
5528,alle,2022,0,personer,ssb_07459,ekte
5530,alle,2022,0,personer,ssb_07459,ekte
5532,alle,2022,0,personer,ssb_07459,ekte
5534,alle,2022,0,personer,ssb_07459,ekte
5536,alle,2022,0,personer,ssb_07459,ekte
5538,alle,2022,0,personer,ssb_07459,ekte
5540,alle,2022,0,personer,ssb_07459,ekte
5542,alle,2022,0,personer,ssb_07459,ekte
5544,alle,2022,0,personer,ssb_07459,ekte
5546,alle,2022,0,personer,ssb_07459,ekte
5601,alle,2022,0,personer,ssb_07459,ekte
5603,alle,2022,0,personer,ssb_07459,ekte
5605,alle,2022,0,personer,ssb_07459,ekte
5607,alle,2022,0,personer,ssb_07459,ekte
5610,alle,2022,0,personer,ssb_07459,ekte
5612,alle,2022,0,personer,ssb_07459,ekte
5614,alle,2022,0,personer,ssb_07459,ekte
5616,alle,2022,0,personer,ssb_07459,ekte
5618,alle,2022,0,personer,ssb_07459,ekte
5620,alle,2022,0,personer,ssb_07459,ekte
5622,alle,2022,0,personer,ssb_07459,ekte
5624,alle,2022,0,personer,ssb_07459,ekte
5626,alle,2022,0,personer,ssb_07459,ekte
5628,alle,2022,0,personer,ssb_07459,ekte
5630,alle,2022,0,personer,ssb_07459,ekte
5632,alle,2022,0,personer,ssb_07459,ekte
5634,alle,2022,0,personer,ssb_07459,ekte
5636,alle,2022,0,personer,ssb_07459,ekte
3101,alle,2023,0,personer,ssb_07459,ekte
3103,alle,2023,0,personer,ssb_07459,ekte
3105,alle,2023,0,personer,ssb_07459,ekte
3107,alle,2023,0,personer,ssb_07459,ekte
3110,alle,2023,0,personer,ssb_07459,ekte
3112,alle,2023,0,personer,ssb_07459,ekte
3114,alle,2023,0,personer,ssb_07459,ekte
3116,alle,2023,0,personer,ssb_07459,ekte
3118,alle,2023,0,personer,ssb_07459,ekte
3120,alle,2023,0,personer,ssb_07459,ekte
3122,alle,2023,0,personer,ssb_07459,ekte
3124,alle,2023,0,personer,ssb_07459,ekte
3201,alle,2023,0,personer,ssb_07459,ekte
3203,alle,2023,0,personer,ssb_07459,ekte
3205,alle,2023,0,personer,ssb_07459,ekte
3207,alle,2023,0,personer,ssb_07459,ekte
3209,alle,2023,0,personer,ssb_07459,ekte
3212,alle,2023,0,personer,ssb_07459,ekte
3214,alle,2023,0,personer,ssb_07459,ekte
3216,alle,2023,0,personer,ssb_07459,ekte
3218,alle,2023,0,personer,ssb_07459,ekte
3220,alle,2023,0,personer,ssb_07459,ekte
3222,alle,2023,0,personer,ssb_07459,ekte
3224,alle,2023,0,personer,ssb_07459,ekte
3226,alle,2023,0,personer,ssb_07459,ekte
3228,alle,2023,0,personer,ssb_07459,ekte
3230,alle,2023,0,personer,ssb_07459,ekte
3232,alle,2023,0,personer,ssb_07459,ekte
3234,alle,2023,0,personer,ssb_07459,ekte
3236,alle,2023,0,personer,ssb_07459,ekte
3238,alle,2023,0,personer,ssb_07459,ekte
3240,alle,2023,0,personer,ssb_07459,ekte
3242,alle,2023,0,personer,ssb_07459,ekte
0301,0-17,2023,132245,personer,ssb_07459,ekte
0301,18-29,2023,135283,personer,ssb_07459,ekte
0301,30-49,2023,234579,personer,ssb_07459,ekte
0301,50-66,2023,126019,personer,ssb_07459,ekte
0301,67-79,2023,58809,personer,ssb_07459,ekte
0301,80-89,2023,17326,personer,ssb_07459,ekte
0301,90+,2023,4776,personer,ssb_07459,ekte
0301,alle,2023,709037,personer,ssb_07459,ekte
3301,alle,2023,0,personer,ssb_07459,ekte
3303,alle,2023,0,personer,ssb_07459,ekte
3305,alle,2023,0,personer,ssb_07459,ekte
3310,alle,2023,0,personer,ssb_07459,ekte
3312,alle,2023,0,personer,ssb_07459,ekte
3314,alle,2023,0,personer,ssb_07459,ekte
3316,alle,2023,0,personer,ssb_07459,ekte
3318,alle,2023,0,personer,ssb_07459,ekte
3320,alle,2023,0,personer,ssb_07459,ekte
3322,alle,2023,0,personer,ssb_07459,ekte
3324,alle,2023,0,personer,ssb_07459,ekte
3326,alle,2023,0,personer,ssb_07459,ekte
3328,alle,2023,0,personer,ssb_07459,ekte
3330,alle,2023,0,personer,ssb_07459,ekte
3332,alle,2023,0,personer,ssb_07459,ekte
3334,alle,2023,0,personer,ssb_07459,ekte
3336,alle,2023,0,personer,ssb_07459,ekte
3338,alle,2023,0,personer,ssb_07459,ekte
3401,0-17,2023,3195,personer,ssb_07459,ekte
3401,18-29,2023,2297,personer,ssb_07459,ekte
3401,30-49,2023,4057,personer,ssb_07459,ekte
3401,50-66,2023,4396,personer,ssb_07459,ekte
3401,67-79,2023,2968,personer,ssb_07459,ekte
3401,80-89,2023,880,personer,ssb_07459,ekte
3401,90+,2023,173,personer,ssb_07459,ekte
3401,alle,2023,17966,personer,ssb_07459,ekte
3403,0-17,2023,5972,personer,ssb_07459,ekte
3403,18-29,2023,4723,personer,ssb_07459,ekte
3403,30-49,2023,8045,personer,ssb_07459,ekte
3403,50-66,2023,7001,personer,ssb_07459,ekte
3403,67-79,2023,4772,personer,ssb_07459,ekte
3403,80-89,2023,1459,personer,ssb_07459,ekte
3403,90+,2023,410,personer,ssb_07459,ekte
3403,alle,2023,32382,personer,ssb_07459,ekte
3405,0-17,2023,5305,personer,ssb_07459,ekte
3405,18-29,2023,4711,personer,ssb_07459,ekte
3405,30-49,2023,6880,personer,ssb_07459,ekte
3405,50-66,2023,6208,personer,ssb_07459,ekte
3405,67-79,2023,3820,personer,ssb_07459,ekte
3405,80-89,2023,1328,personer,ssb_07459,ekte
3405,90+,2023,308,personer,ssb_07459,ekte
3405,alle,2023,28560,personer,ssb_07459,ekte
3407,0-17,2023,5608,personer,ssb_07459,ekte
3407,18-29,2023,4844,personer,ssb_07459,ekte
3407,30-49,2023,7648,personer,ssb_07459,ekte
3407,50-66,2023,6755,personer,ssb_07459,ekte
3407,67-79,2023,4113,personer,ssb_07459,ekte
3407,80-89,2023,1305,personer,ssb_07459,ekte
3407,90+,2023,290,personer,ssb_07459,ekte
3407,alle,2023,30563,personer,ssb_07459,ekte
3411,0-17,2023,6814,personer,ssb_07459,ekte
3411,18-29,2023,4773,personer,ssb_07459,ekte
3411,30-49,2023,8998,personer,ssb_07459,ekte
3411,50-66,2023,8420,personer,ssb_07459,ekte
3411,67-79,2023,4703,personer,ssb_07459,ekte
3411,80-89,2023,1473,personer,ssb_07459,ekte
3411,90+,2023,294,personer,ssb_07459,ekte
3411,alle,2023,35475,personer,ssb_07459,ekte
3412,0-17,2023,1536,personer,ssb_07459,ekte
3412,18-29,2023,978,personer,ssb_07459,ekte
3412,30-49,2023,1976,personer,ssb_07459,ekte
3412,50-66,2023,1815,personer,ssb_07459,ekte
3412,67-79,2023,1141,personer,ssb_07459,ekte
3412,80-89,2023,340,personer,ssb_07459,ekte
3412,90+,2023,50,personer,ssb_07459,ekte
3412,alle,2023,7836,personer,ssb_07459,ekte
3413,0-17,2023,4299,personer,ssb_07459,ekte
3413,18-29,2023,2732,personer,ssb_07459,ekte
3413,30-49,2023,5426,personer,ssb_07459,ekte
3413,50-66,2023,4862,personer,ssb_07459,ekte
3413,67-79,2023,2957,personer,ssb_07459,ekte
3413,80-89,2023,885,personer,ssb_07459,ekte
3413,90+,2023,195,personer,ssb_07459,ekte
3413,alle,2023,21356,personer,ssb_07459,ekte
3414,0-17,2023,778,personer,ssb_07459,ekte
3414,18-29,2023,602,personer,ssb_07459,ekte
3414,30-49,2023,1062,personer,ssb_07459,ekte
3414,50-66,2023,1361,personer,ssb_07459,ekte
3414,67-79,2023,883,personer,ssb_07459,ekte
3414,80-89,2023,263,personer,ssb_07459,ekte
3414,90+,2023,61,personer,ssb_07459,ekte
3414,alle,2023,5010,personer,ssb_07459,ekte
3415,0-17,2023,1419,personer,ssb_07459,ekte
3415,18-29,2023,996,personer,ssb_07459,ekte
3415,30-49,2023,1984,personer,ssb_07459,ekte
3415,50-66,2023,2067,personer,ssb_07459,ekte
3415,67-79,2023,1198,personer,ssb_07459,ekte
3415,80-89,2023,327,personer,ssb_07459,ekte
3415,90+,2023,78,personer,ssb_07459,ekte
3415,alle,2023,8069,personer,ssb_07459,ekte
3416,0-17,2023,905,personer,ssb_07459,ekte
3416,18-29,2023,708,personer,ssb_07459,ekte
3416,30-49,2023,1234,personer,ssb_07459,ekte
3416,50-66,2023,1724,personer,ssb_07459,ekte
3416,67-79,2023,1066,personer,ssb_07459,ekte
3416,80-89,2023,310,personer,ssb_07459,ekte
3416,90+,2023,81,personer,ssb_07459,ekte
3416,alle,2023,6028,personer,ssb_07459,ekte
3417,0-17,2023,640,personer,ssb_07459,ekte
3417,18-29,2023,540,personer,ssb_07459,ekte
3417,30-49,2023,910,personer,ssb_07459,ekte
3417,50-66,2023,1272,personer,ssb_07459,ekte
3417,67-79,2023,863,personer,ssb_07459,ekte
3417,80-89,2023,268,personer,ssb_07459,ekte
3417,90+,2023,79,personer,ssb_07459,ekte
3417,alle,2023,4572,personer,ssb_07459,ekte
3418,0-17,2023,1131,personer,ssb_07459,ekte
3418,18-29,2023,855,personer,ssb_07459,ekte
3418,30-49,2023,1557,personer,ssb_07459,ekte
3418,50-66,2023,1916,personer,ssb_07459,ekte
3418,67-79,2023,1294,personer,ssb_07459,ekte
3418,80-89,2023,430,personer,ssb_07459,ekte
3418,90+,2023,84,personer,ssb_07459,ekte
3418,alle,2023,7267,personer,ssb_07459,ekte
3419,0-17,2023,554,personer,ssb_07459,ekte
3419,18-29,2023,401,personer,ssb_07459,ekte
3419,30-49,2023,722,personer,ssb_07459,ekte
3419,50-66,2023,1025,personer,ssb_07459,ekte
3419,67-79,2023,674,personer,ssb_07459,ekte
3419,80-89,2023,209,personer,ssb_07459,ekte
3419,90+,2023,40,personer,ssb_07459,ekte
3419,alle,2023,3625,personer,ssb_07459,ekte
3420,0-17,2023,4192,personer,ssb_07459,ekte
3420,18-29,2023,3224,personer,ssb_07459,ekte
3420,30-49,2023,5287,personer,ssb_07459,ekte
3420,50-66,2023,4778,personer,ssb_07459,ekte
3420,67-79,2023,3009,personer,ssb_07459,ekte
3420,80-89,2023,880,personer,ssb_07459,ekte
3420,90+,2023,198,personer,ssb_07459,ekte
3420,alle,2023,21568,personer,ssb_07459,ekte
3421,0-17,2023,1100,personer,ssb_07459,ekte
3421,18-29,2023,778,personer,ssb_07459,ekte
3421,30-49,2023,1475,personer,ssb_07459,ekte
3421,50-66,2023,1674,personer,ssb_07459,ekte
3421,67-79,2023,1123,personer,ssb_07459,ekte
3421,80-89,2023,360,personer,ssb_07459,ekte
3421,90+,2023,72,personer,ssb_07459,ekte
3421,alle,2023,6582,personer,ssb_07459,ekte
3422,0-17,2023,692,personer,ssb_07459,ekte
3422,18-29,2023,760,personer,ssb_07459,ekte
3422,30-49,2023,915,personer,ssb_07459,ekte
3422,50-66,2023,972,personer,ssb_07459,ekte
3422,67-79,2023,636,personer,ssb_07459,ekte
3422,80-89,2023,194,personer,ssb_07459,ekte
3422,90+,2023,44,personer,ssb_07459,ekte
3422,alle,2023,4213,personer,ssb_07459,ekte
3423,0-17,2023,302,personer,ssb_07459,ekte
3423,18-29,2023,257,personer,ssb_07459,ekte
3423,30-49,2023,462,personer,ssb_07459,ekte
3423,50-66,2023,628,personer,ssb_07459,ekte
3423,67-79,2023,428,personer,ssb_07459,ekte
3423,80-89,2023,183,personer,ssb_07459,ekte
3423,90+,2023,21,personer,ssb_07459,ekte
3423,alle,2023,2281,personer,ssb_07459,ekte
3424,0-17,2023,251,personer,ssb_07459,ekte
3424,18-29,2023,190,personer,ssb_07459,ekte
3424,30-49,2023,304,personer,ssb_07459,ekte
3424,50-66,2023,515,personer,ssb_07459,ekte
3424,67-79,2023,379,personer,ssb_07459,ekte
3424,80-89,2023,102,personer,ssb_07459,ekte
3424,90+,2023,28,personer,ssb_07459,ekte
3424,alle,2023,1769,personer,ssb_07459,ekte
3425,0-17,2023,204,personer,ssb_07459,ekte
3425,18-29,2023,172,personer,ssb_07459,ekte
3425,30-49,2023,237,personer,ssb_07459,ekte
3425,50-66,2023,362,personer,ssb_07459,ekte
3425,67-79,2023,248,personer,ssb_07459,ekte
3425,80-89,2023,88,personer,ssb_07459,ekte
3425,90+,2023,17,personer,ssb_07459,ekte
3425,alle,2023,1328,personer,ssb_07459,ekte
3426,0-17,2023,326,personer,ssb_07459,ekte
3426,18-29,2023,200,personer,ssb_07459,ekte
3426,30-49,2023,346,personer,ssb_07459,ekte
3426,50-66,2023,364,personer,ssb_07459,ekte
3426,67-79,2023,229,personer,ssb_07459,ekte
3426,80-89,2023,79,personer,ssb_07459,ekte
3426,90+,2023,11,personer,ssb_07459,ekte
3426,alle,2023,1555,personer,ssb_07459,ekte
3427,0-17,2023,1139,personer,ssb_07459,ekte
3427,18-29,2023,798,personer,ssb_07459,ekte
3427,30-49,2023,1274,personer,ssb_07459,ekte
3427,50-66,2023,1292,personer,ssb_07459,ekte
3427,67-79,2023,805,personer,ssb_07459,ekte
3427,80-89,2023,264,personer,ssb_07459,ekte
3427,90+,2023,56,personer,ssb_07459,ekte
3427,alle,2023,5628,personer,ssb_07459,ekte
3428,0-17,2023,549,personer,ssb_07459,ekte
3428,18-29,2023,328,personer,ssb_07459,ekte
3428,30-49,2023,561,personer,ssb_07459,ekte
3428,50-66,2023,592,personer,ssb_07459,ekte
3428,67-79,2023,316,personer,ssb_07459,ekte
3428,80-89,2023,115,personer,ssb_07459,ekte
3428,90+,2023,32,personer,ssb_07459,ekte
3428,alle,2023,2493,personer,ssb_07459,ekte
3429,0-17,2023,239,personer,ssb_07459,ekte
3429,18-29,2023,171,personer,ssb_07459,ekte
3429,30-49,2023,308,personer,ssb_07459,ekte
3429,50-66,2023,382,personer,ssb_07459,ekte
3429,67-79,2023,301,personer,ssb_07459,ekte
3429,80-89,2023,98,personer,ssb_07459,ekte
3429,90+,2023,20,personer,ssb_07459,ekte
3429,alle,2023,1519,personer,ssb_07459,ekte
3430,0-17,2023,278,personer,ssb_07459,ekte
3430,18-29,2023,269,personer,ssb_07459,ekte
3430,30-49,2023,380,personer,ssb_07459,ekte
3430,50-66,2023,509,personer,ssb_07459,ekte
3430,67-79,2023,295,personer,ssb_07459,ekte
3430,80-89,2023,95,personer,ssb_07459,ekte
3430,90+,2023,18,personer,ssb_07459,ekte
3430,alle,2023,1844,personer,ssb_07459,ekte
3431,0-17,2023,394,personer,ssb_07459,ekte
3431,18-29,2023,302,personer,ssb_07459,ekte
3431,30-49,2023,513,personer,ssb_07459,ekte
3431,50-66,2023,601,personer,ssb_07459,ekte
3431,67-79,2023,449,personer,ssb_07459,ekte
3431,80-89,2023,170,personer,ssb_07459,ekte
3431,90+,2023,37,personer,ssb_07459,ekte
3431,alle,2023,2466,personer,ssb_07459,ekte
3432,0-17,2023,381,personer,ssb_07459,ekte
3432,18-29,2023,255,personer,ssb_07459,ekte
3432,30-49,2023,405,personer,ssb_07459,ekte
3432,50-66,2023,469,personer,ssb_07459,ekte
3432,67-79,2023,320,personer,ssb_07459,ekte
3432,80-89,2023,108,personer,ssb_07459,ekte
3432,90+,2023,28,personer,ssb_07459,ekte
3432,alle,2023,1966,personer,ssb_07459,ekte
3433,0-17,2023,348,personer,ssb_07459,ekte
3433,18-29,2023,263,personer,ssb_07459,ekte
3433,30-49,2023,454,personer,ssb_07459,ekte
3433,50-66,2023,538,personer,ssb_07459,ekte
3433,67-79,2023,390,personer,ssb_07459,ekte
3433,80-89,2023,128,personer,ssb_07459,ekte
3433,90+,2023,26,personer,ssb_07459,ekte
3433,alle,2023,2147,personer,ssb_07459,ekte
3434,0-17,2023,371,personer,ssb_07459,ekte
3434,18-29,2023,295,personer,ssb_07459,ekte
3434,30-49,2023,456,personer,ssb_07459,ekte
3434,50-66,2023,564,personer,ssb_07459,ekte
3434,67-79,2023,376,personer,ssb_07459,ekte
3434,80-89,2023,123,personer,ssb_07459,ekte
3434,90+,2023,27,personer,ssb_07459,ekte
3434,alle,2023,2212,personer,ssb_07459,ekte
3435,0-17,2023,646,personer,ssb_07459,ekte
3435,18-29,2023,455,personer,ssb_07459,ekte
3435,30-49,2023,777,personer,ssb_07459,ekte
3435,50-66,2023,844,personer,ssb_07459,ekte
3435,67-79,2023,561,personer,ssb_07459,ekte
3435,80-89,2023,203,personer,ssb_07459,ekte
3435,90+,2023,46,personer,ssb_07459,ekte
3435,alle,2023,3532,personer,ssb_07459,ekte
3436,0-17,2023,966,personer,ssb_07459,ekte
3436,18-29,2023,756,personer,ssb_07459,ekte
3436,30-49,2023,1136,personer,ssb_07459,ekte
3436,50-66,2023,1426,personer,ssb_07459,ekte
3436,67-79,2023,926,personer,ssb_07459,ekte
3436,80-89,2023,319,personer,ssb_07459,ekte
3436,90+,2023,60,personer,ssb_07459,ekte
3436,alle,2023,5589,personer,ssb_07459,ekte
3437,0-17,2023,962,personer,ssb_07459,ekte
3437,18-29,2023,736,personer,ssb_07459,ekte
3437,30-49,2023,1150,personer,ssb_07459,ekte
3437,50-66,2023,1399,personer,ssb_07459,ekte
3437,67-79,2023,903,personer,ssb_07459,ekte
3437,80-89,2023,332,personer,ssb_07459,ekte
3437,90+,2023,85,personer,ssb_07459,ekte
3437,alle,2023,5567,personer,ssb_07459,ekte
3438,0-17,2023,614,personer,ssb_07459,ekte
3438,18-29,2023,408,personer,ssb_07459,ekte
3438,30-49,2023,740,personer,ssb_07459,ekte
3438,50-66,2023,820,personer,ssb_07459,ekte
3438,67-79,2023,455,personer,ssb_07459,ekte
3438,80-89,2023,162,personer,ssb_07459,ekte
3438,90+,2023,41,personer,ssb_07459,ekte
3438,alle,2023,3240,personer,ssb_07459,ekte
3439,0-17,2023,772,personer,ssb_07459,ekte
3439,18-29,2023,523,personer,ssb_07459,ekte
3439,30-49,2023,1032,personer,ssb_07459,ekte
3439,50-66,2023,1072,personer,ssb_07459,ekte
3439,67-79,2023,699,personer,ssb_07459,ekte
3439,80-89,2023,255,personer,ssb_07459,ekte
3439,90+,2023,63,personer,ssb_07459,ekte
3439,alle,2023,4416,personer,ssb_07459,ekte
3440,0-17,2023,1001,personer,ssb_07459,ekte
3440,18-29,2023,653,personer,ssb_07459,ekte
3440,30-49,2023,1253,personer,ssb_07459,ekte
3440,50-66,2023,1240,personer,ssb_07459,ekte
3440,67-79,2023,725,personer,ssb_07459,ekte
3440,80-89,2023,237,personer,ssb_07459,ekte
3440,90+,2023,52,personer,ssb_07459,ekte
3440,alle,2023,5161,personer,ssb_07459,ekte
3441,0-17,2023,1067,personer,ssb_07459,ekte
3441,18-29,2023,766,personer,ssb_07459,ekte
3441,30-49,2023,1427,personer,ssb_07459,ekte
3441,50-66,2023,1560,personer,ssb_07459,ekte
3441,67-79,2023,904,personer,ssb_07459,ekte
3441,80-89,2023,326,personer,ssb_07459,ekte
3441,90+,2023,79,personer,ssb_07459,ekte
3441,alle,2023,6129,personer,ssb_07459,ekte
3442,0-17,2023,2702,personer,ssb_07459,ekte
3442,18-29,2023,1920,personer,ssb_07459,ekte
3442,30-49,2023,3514,personer,ssb_07459,ekte
3442,50-66,2023,3692,personer,ssb_07459,ekte
3442,67-79,2023,2210,personer,ssb_07459,ekte
3442,80-89,2023,709,personer,ssb_07459,ekte
3442,90+,2023,149,personer,ssb_07459,ekte
3442,alle,2023,14896,personer,ssb_07459,ekte
3443,0-17,2023,2451,personer,ssb_07459,ekte
3443,18-29,2023,1963,personer,ssb_07459,ekte
3443,30-49,2023,3328,personer,ssb_07459,ekte
3443,50-66,2023,3194,personer,ssb_07459,ekte
3443,67-79,2023,1958,personer,ssb_07459,ekte
3443,80-89,2023,619,personer,ssb_07459,ekte
3443,90+,2023,122,personer,ssb_07459,ekte
3443,alle,2023,13635,personer,ssb_07459,ekte
3446,0-17,2023,2463,personer,ssb_07459,ekte
3446,18-29,2023,1711,personer,ssb_07459,ekte
3446,30-49,2023,3196,personer,ssb_07459,ekte
3446,50-66,2023,3444,personer,ssb_07459,ekte
3446,67-79,2023,1982,personer,ssb_07459,ekte
3446,80-89,2023,652,personer,ssb_07459,ekte
3446,90+,2023,120,personer,ssb_07459,ekte
3446,alle,2023,13568,personer,ssb_07459,ekte
3447,0-17,2023,930,personer,ssb_07459,ekte
3447,18-29,2023,694,personer,ssb_07459,ekte
3447,30-49,2023,1245,personer,ssb_07459,ekte
3447,50-66,2023,1480,personer,ssb_07459,ekte
3447,67-79,2023,885,personer,ssb_07459,ekte
3447,80-89,2023,282,personer,ssb_07459,ekte
3447,90+,2023,48,personer,ssb_07459,ekte
3447,alle,2023,5564,personer,ssb_07459,ekte
3448,0-17,2023,1179,personer,ssb_07459,ekte
3448,18-29,2023,815,personer,ssb_07459,ekte
3448,30-49,2023,1428,personer,ssb_07459,ekte
3448,50-66,2023,1694,personer,ssb_07459,ekte
3448,67-79,2023,1010,personer,ssb_07459,ekte
3448,80-89,2023,342,personer,ssb_07459,ekte
3448,90+,2023,59,personer,ssb_07459,ekte
3448,alle,2023,6527,personer,ssb_07459,ekte
3449,0-17,2023,460,personer,ssb_07459,ekte
3449,18-29,2023,366,personer,ssb_07459,ekte
3449,30-49,2023,608,personer,ssb_07459,ekte
3449,50-66,2023,734,personer,ssb_07459,ekte
3449,67-79,2023,492,personer,ssb_07459,ekte
3449,80-89,2023,169,personer,ssb_07459,ekte
3449,90+,2023,37,personer,ssb_07459,ekte
3449,alle,2023,2866,personer,ssb_07459,ekte
3450,0-17,2023,191,personer,ssb_07459,ekte
3450,18-29,2023,158,personer,ssb_07459,ekte
3450,30-49,2023,240,personer,ssb_07459,ekte
3450,50-66,2023,340,personer,ssb_07459,ekte
3450,67-79,2023,205,personer,ssb_07459,ekte
3450,80-89,2023,84,personer,ssb_07459,ekte
3450,90+,2023,21,personer,ssb_07459,ekte
3450,alle,2023,1239,personer,ssb_07459,ekte
3451,0-17,2023,1138,personer,ssb_07459,ekte
3451,18-29,2023,837,personer,ssb_07459,ekte
3451,30-49,2023,1499,personer,ssb_07459,ekte
3451,50-66,2023,1481,personer,ssb_07459,ekte
3451,67-79,2023,1070,personer,ssb_07459,ekte
3451,80-89,2023,306,personer,ssb_07459,ekte
3451,90+,2023,70,personer,ssb_07459,ekte
3451,alle,2023,6401,personer,ssb_07459,ekte
3452,0-17,2023,368,personer,ssb_07459,ekte
3452,18-29,2023,261,personer,ssb_07459,ekte
3452,30-49,2023,468,personer,ssb_07459,ekte
3452,50-66,2023,566,personer,ssb_07459,ekte
3452,67-79,2023,307,personer,ssb_07459,ekte
3452,80-89,2023,106,personer,ssb_07459,ekte
3452,90+,2023,15,personer,ssb_07459,ekte
3452,alle,2023,2091,personer,ssb_07459,ekte
3453,0-17,2023,594,personer,ssb_07459,ekte
3453,18-29,2023,417,personer,ssb_07459,ekte
3453,30-49,2023,810,personer,ssb_07459,ekte
3453,50-66,2023,788,personer,ssb_07459,ekte
3453,67-79,2023,505,personer,ssb_07459,ekte
3453,80-89,2023,156,personer,ssb_07459,ekte
3453,90+,2023,21,personer,ssb_07459,ekte
3453,alle,2023,3291,personer,ssb_07459,ekte
3454,0-17,2023,325,personer,ssb_07459,ekte
3454,18-29,2023,192,personer,ssb_07459,ekte
3454,30-49,2023,395,personer,ssb_07459,ekte
3454,50-66,2023,386,personer,ssb_07459,ekte
3454,67-79,2023,246,personer,ssb_07459,ekte
3454,80-89,2023,69,personer,ssb_07459,ekte
3454,90+,2023,23,personer,ssb_07459,ekte
3454,alle,2023,1636,personer,ssb_07459,ekte
3901,alle,2023,0,personer,ssb_07459,ekte
3903,alle,2023,0,personer,ssb_07459,ekte
3905,alle,2023,0,personer,ssb_07459,ekte
3907,alle,2023,0,personer,ssb_07459,ekte
3909,alle,2023,0,personer,ssb_07459,ekte
3911,alle,2023,0,personer,ssb_07459,ekte
4001,alle,2023,0,personer,ssb_07459,ekte
4003,alle,2023,0,personer,ssb_07459,ekte
4005,alle,2023,0,personer,ssb_07459,ekte
4010,alle,2023,0,personer,ssb_07459,ekte
4012,alle,2023,0,personer,ssb_07459,ekte
4014,alle,2023,0,personer,ssb_07459,ekte
4016,alle,2023,0,personer,ssb_07459,ekte
4018,alle,2023,0,personer,ssb_07459,ekte
4020,alle,2023,0,personer,ssb_07459,ekte
4022,alle,2023,0,personer,ssb_07459,ekte
4024,alle,2023,0,personer,ssb_07459,ekte
4026,alle,2023,0,personer,ssb_07459,ekte
4028,alle,2023,0,personer,ssb_07459,ekte
4030,alle,2023,0,personer,ssb_07459,ekte
4032,alle,2023,0,personer,ssb_07459,ekte
4034,alle,2023,0,personer,ssb_07459,ekte
4036,alle,2023,0,personer,ssb_07459,ekte
4201,0-17,2023,1186,personer,ssb_07459,ekte
4201,18-29,2023,822,personer,ssb_07459,ekte
4201,30-49,2023,1509,personer,ssb_07459,ekte
4201,50-66,2023,1704,personer,ssb_07459,ekte
4201,67-79,2023,1181,personer,ssb_07459,ekte
4201,80-89,2023,324,personer,ssb_07459,ekte
4201,90+,2023,80,personer,ssb_07459,ekte
4201,alle,2023,6806,personer,ssb_07459,ekte
4202,0-17,2023,5333,personer,ssb_07459,ekte
4202,18-29,2023,4220,personer,ssb_07459,ekte
4202,30-49,2023,6305,personer,ssb_07459,ekte
4202,50-66,2023,4981,personer,ssb_07459,ekte
4202,67-79,2023,2730,personer,ssb_07459,ekte
4202,80-89,2023,851,personer,ssb_07459,ekte
4202,90+,2023,167,personer,ssb_07459,ekte
4202,alle,2023,24587,personer,ssb_07459,ekte
4203,0-17,2023,9265,personer,ssb_07459,ekte
4203,18-29,2023,5957,personer,ssb_07459,ekte
4203,30-49,2023,11844,personer,ssb_07459,ekte
4203,50-66,2023,10452,personer,ssb_07459,ekte
4203,67-79,2023,6144,personer,ssb_07459,ekte
4203,80-89,2023,1863,personer,ssb_07459,ekte
4203,90+,2023,366,personer,ssb_07459,ekte
4203,alle,2023,45891,personer,ssb_07459,ekte
4204,0-17,2023,24645,personer,ssb_07459,ekte
4204,18-29,2023,20066,personer,ssb_07459,ekte
4204,30-49,2023,30719,personer,ssb_07459,ekte
4204,50-66,2023,23366,personer,ssb_07459,ekte
4204,67-79,2023,12073,personer,ssb_07459,ekte
4204,80-89,2023,3828,personer,ssb_07459,ekte
4204,90+,2023,872,personer,ssb_07459,ekte
4204,alle,2023,115569,personer,ssb_07459,ekte
4205,0-17,2023,5066,personer,ssb_07459,ekte
4205,18-29,2023,3180,personer,ssb_07459,ekte
4205,30-49,2023,5782,personer,ssb_07459,ekte
4205,50-66,2023,5242,personer,ssb_07459,ekte
4205,67-79,2023,3110,personer,ssb_07459,ekte
4205,80-89,2023,898,personer,ssb_07459,ekte
4205,90+,2023,201,personer,ssb_07459,ekte
4205,alle,2023,23479,personer,ssb_07459,ekte
4206,0-17,2023,2096,personer,ssb_07459,ekte
4206,18-29,2023,1322,personer,ssb_07459,ekte
4206,30-49,2023,2328,personer,ssb_07459,ekte
4206,50-66,2023,2177,personer,ssb_07459,ekte
4206,67-79,2023,1411,personer,ssb_07459,ekte
4206,80-89,2023,438,personer,ssb_07459,ekte
4206,90+,2023,88,personer,ssb_07459,ekte
4206,alle,2023,9860,personer,ssb_07459,ekte
4207,0-17,2023,1989,personer,ssb_07459,ekte
4207,18-29,2023,1208,personer,ssb_07459,ekte
4207,30-49,2023,2184,personer,ssb_07459,ekte
4207,50-66,2023,2061,personer,ssb_07459,ekte
4207,67-79,2023,1263,personer,ssb_07459,ekte
4207,80-89,2023,412,personer,ssb_07459,ekte
4207,90+,2023,99,personer,ssb_07459,ekte
4207,alle,2023,9216,personer,ssb_07459,ekte
4211,0-17,2023,417,personer,ssb_07459,ekte
4211,18-29,2023,308,personer,ssb_07459,ekte
4211,30-49,2023,581,personer,ssb_07459,ekte
4211,50-66,2023,609,personer,ssb_07459,ekte
4211,67-79,2023,375,personer,ssb_07459,ekte
4211,80-89,2023,108,personer,ssb_07459,ekte
4211,90+,2023,23,personer,ssb_07459,ekte
4211,alle,2023,2421,personer,ssb_07459,ekte
4212,0-17,2023,476,personer,ssb_07459,ekte
4212,18-29,2023,293,personer,ssb_07459,ekte
4212,30-49,2023,517,personer,ssb_07459,ekte
4212,50-66,2023,514,personer,ssb_07459,ekte
4212,67-79,2023,243,personer,ssb_07459,ekte
4212,80-89,2023,87,personer,ssb_07459,ekte
4212,90+,2023,13,personer,ssb_07459,ekte
4212,alle,2023,2143,personer,ssb_07459,ekte
4213,0-17,2023,1154,personer,ssb_07459,ekte
4213,18-29,2023,766,personer,ssb_07459,ekte
4213,30-49,2023,1501,personer,ssb_07459,ekte
4213,50-66,2023,1458,personer,ssb_07459,ekte
4213,67-79,2023,1001,personer,ssb_07459,ekte
4213,80-89,2023,241,personer,ssb_07459,ekte
4213,90+,2023,63,personer,ssb_07459,ekte
4213,alle,2023,6184,personer,ssb_07459,ekte
4214,0-17,2023,1407,personer,ssb_07459,ekte
4214,18-29,2023,895,personer,ssb_07459,ekte
4214,30-49,2023,1678,personer,ssb_07459,ekte
4214,50-66,2023,1283,personer,ssb_07459,ekte
4214,67-79,2023,687,personer,ssb_07459,ekte
4214,80-89,2023,191,personer,ssb_07459,ekte
4214,90+,2023,33,personer,ssb_07459,ekte
4214,alle,2023,6174,personer,ssb_07459,ekte
4215,0-17,2023,2545,personer,ssb_07459,ekte
4215,18-29,2023,1466,personer,ssb_07459,ekte
4215,30-49,2023,2894,personer,ssb_07459,ekte
4215,50-66,2023,2530,personer,ssb_07459,ekte
4215,67-79,2023,1448,personer,ssb_07459,ekte
4215,80-89,2023,453,personer,ssb_07459,ekte
4215,90+,2023,83,personer,ssb_07459,ekte
4215,alle,2023,11419,personer,ssb_07459,ekte
4216,0-17,2023,1324,personer,ssb_07459,ekte
4216,18-29,2023,804,personer,ssb_07459,ekte
4216,30-49,2023,1406,personer,ssb_07459,ekte
4216,50-66,2023,1043,personer,ssb_07459,ekte
4216,67-79,2023,591,personer,ssb_07459,ekte
4216,80-89,2023,180,personer,ssb_07459,ekte
4216,90+,2023,42,personer,ssb_07459,ekte
4216,alle,2023,5390,personer,ssb_07459,ekte
4217,0-17,2023,357,personer,ssb_07459,ekte
4217,18-29,2023,221,personer,ssb_07459,ekte
4217,30-49,2023,411,personer,ssb_07459,ekte
4217,50-66,2023,413,personer,ssb_07459,ekte
4217,67-79,2023,278,personer,ssb_07459,ekte
4217,80-89,2023,93,personer,ssb_07459,ekte
4217,90+,2023,13,personer,ssb_07459,ekte
4217,alle,2023,1786,personer,ssb_07459,ekte
4218,0-17,2023,335,personer,ssb_07459,ekte
4218,18-29,2023,159,personer,ssb_07459,ekte
4218,30-49,2023,362,personer,ssb_07459,ekte
4218,50-66,2023,300,personer,ssb_07459,ekte
4218,67-79,2023,146,personer,ssb_07459,ekte
4218,80-89,2023,32,personer,ssb_07459,ekte
4218,90+,2023,10,personer,ssb_07459,ekte
4218,alle,2023,1344,personer,ssb_07459,ekte
4219,0-17,2023,874,personer,ssb_07459,ekte
4219,18-29,2023,518,personer,ssb_07459,ekte
4219,30-49,2023,1037,personer,ssb_07459,ekte
4219,50-66,2023,770,personer,ssb_07459,ekte
4219,67-79,2023,517,personer,ssb_07459,ekte
4219,80-89,2023,157,personer,ssb_07459,ekte
4219,90+,2023,31,personer,ssb_07459,ekte
4219,alle,2023,3904,personer,ssb_07459,ekte
4220,0-17,2023,187,personer,ssb_07459,ekte
4220,18-29,2023,138,personer,ssb_07459,ekte
4220,30-49,2023,271,personer,ssb_07459,ekte
4220,50-66,2023,275,personer,ssb_07459,ekte
4220,67-79,2023,212,personer,ssb_07459,ekte
4220,80-89,2023,45,personer,ssb_07459,ekte
4220,90+,2023,8,personer,ssb_07459,ekte
4220,alle,2023,1136,personer,ssb_07459,ekte
4221,0-17,2023,207,personer,ssb_07459,ekte
4221,18-29,2023,169,personer,ssb_07459,ekte
4221,30-49,2023,256,personer,ssb_07459,ekte
4221,50-66,2023,283,personer,ssb_07459,ekte
4221,67-79,2023,200,personer,ssb_07459,ekte
4221,80-89,2023,55,personer,ssb_07459,ekte
4221,90+,2023,10,personer,ssb_07459,ekte
4221,alle,2023,1180,personer,ssb_07459,ekte
4222,0-17,2023,162,personer,ssb_07459,ekte
4222,18-29,2023,146,personer,ssb_07459,ekte
4222,30-49,2023,281,personer,ssb_07459,ekte
4222,50-66,2023,259,personer,ssb_07459,ekte
4222,67-79,2023,114,personer,ssb_07459,ekte
4222,80-89,2023,25,personer,ssb_07459,ekte
4222,90+,2023,8,personer,ssb_07459,ekte
4222,alle,2023,995,personer,ssb_07459,ekte
4223,0-17,2023,3495,personer,ssb_07459,ekte
4223,18-29,2023,2304,personer,ssb_07459,ekte
4223,30-49,2023,4177,personer,ssb_07459,ekte
4223,50-66,2023,3130,personer,ssb_07459,ekte
4223,67-79,2023,1578,personer,ssb_07459,ekte
4223,80-89,2023,499,personer,ssb_07459,ekte
4223,90+,2023,111,personer,ssb_07459,ekte
4223,alle,2023,15294,personer,ssb_07459,ekte
4224,0-17,2023,184,personer,ssb_07459,ekte
4224,18-29,2023,146,personer,ssb_07459,ekte
4224,30-49,2023,190,personer,ssb_07459,ekte
4224,50-66,2023,245,personer,ssb_07459,ekte
4224,67-79,2023,97,personer,ssb_07459,ekte
4224,80-89,2023,37,personer,ssb_07459,ekte
4224,90+,2023,12,personer,ssb_07459,ekte
4224,alle,2023,911,personer,ssb_07459,ekte
4225,0-17,2023,2609,personer,ssb_07459,ekte
4225,18-29,2023,1605,personer,ssb_07459,ekte
4225,30-49,2023,2685,personer,ssb_07459,ekte
4225,50-66,2023,2114,personer,ssb_07459,ekte
4225,67-79,2023,1277,personer,ssb_07459,ekte
4225,80-89,2023,377,personer,ssb_07459,ekte
4225,90+,2023,84,personer,ssb_07459,ekte
4225,alle,2023,10751,personer,ssb_07459,ekte
4226,0-17,2023,405,personer,ssb_07459,ekte
4226,18-29,2023,247,personer,ssb_07459,ekte
4226,30-49,2023,463,personer,ssb_07459,ekte
4226,50-66,2023,339,personer,ssb_07459,ekte
4226,67-79,2023,199,personer,ssb_07459,ekte
4226,80-89,2023,76,personer,ssb_07459,ekte
4226,90+,2023,21,personer,ssb_07459,ekte
4226,alle,2023,1750,personer,ssb_07459,ekte
4227,0-17,2023,1289,personer,ssb_07459,ekte
4227,18-29,2023,817,personer,ssb_07459,ekte
4227,30-49,2023,1484,personer,ssb_07459,ekte
4227,50-66,2023,1367,personer,ssb_07459,ekte
4227,67-79,2023,739,personer,ssb_07459,ekte
4227,80-89,2023,272,personer,ssb_07459,ekte
4227,90+,2023,56,personer,ssb_07459,ekte
4227,alle,2023,6024,personer,ssb_07459,ekte
4228,0-17,2023,394,personer,ssb_07459,ekte
4228,18-29,2023,268,personer,ssb_07459,ekte
4228,30-49,2023,448,personer,ssb_07459,ekte
4228,50-66,2023,398,personer,ssb_07459,ekte
4228,67-79,2023,237,personer,ssb_07459,ekte
4228,80-89,2023,67,personer,ssb_07459,ekte
4228,90+,2023,25,personer,ssb_07459,ekte
4228,alle,2023,1837,personer,ssb_07459,ekte
1101,0-17,2023,3264,personer,ssb_07459,ekte
1101,18-29,2023,2131,personer,ssb_07459,ekte
1101,30-49,2023,3802,personer,ssb_07459,ekte
1101,50-66,2023,3237,personer,ssb_07459,ekte
1101,67-79,2023,1886,personer,ssb_07459,ekte
1101,80-89,2023,574,personer,ssb_07459,ekte
1101,90+,2023,117,personer,ssb_07459,ekte
1101,alle,2023,15011,personer,ssb_07459,ekte
1103,0-17,2023,31250,personer,ssb_07459,ekte
1103,18-29,2023,22974,personer,ssb_07459,ekte
1103,30-49,2023,42182,personer,ssb_07459,ekte
1103,50-66,2023,29796,personer,ssb_07459,ekte
1103,67-79,2023,14593,personer,ssb_07459,ekte
1103,80-89,2023,4184,personer,ssb_07459,ekte
1103,90+,2023,1032,personer,ssb_07459,ekte
1103,alle,2023,146011,personer,ssb_07459,ekte
1106,0-17,2023,7509,personer,ssb_07459,ekte
1106,18-29,2023,5660,personer,ssb_07459,ekte
1106,30-49,2023,10476,personer,ssb_07459,ekte
1106,50-66,2023,8163,personer,ssb_07459,ekte
1106,67-79,2023,4408,personer,ssb_07459,ekte
1106,80-89,2023,1315,personer,ssb_07459,ekte
1106,90+,2023,324,personer,ssb_07459,ekte
1106,alle,2023,37855,personer,ssb_07459,ekte
1108,0-17,2023,19842,personer,ssb_07459,ekte
1108,18-29,2023,11878,personer,ssb_07459,ekte
1108,30-49,2023,24806,personer,ssb_07459,ekte
1108,50-66,2023,16028,personer,ssb_07459,ekte
1108,67-79,2023,7413,personer,ssb_07459,ekte
1108,80-89,2023,2103,personer,ssb_07459,ekte
1108,90+,2023,478,personer,ssb_07459,ekte
1108,alle,2023,82548,personer,ssb_07459,ekte
1111,0-17,2023,765,personer,ssb_07459,ekte
1111,18-29,2023,420,personer,ssb_07459,ekte
1111,30-49,2023,782,personer,ssb_07459,ekte
1111,50-66,2023,731,personer,ssb_07459,ekte
1111,67-79,2023,446,personer,ssb_07459,ekte
1111,80-89,2023,138,personer,ssb_07459,ekte
1111,90+,2023,42,personer,ssb_07459,ekte
1111,alle,2023,3324,personer,ssb_07459,ekte
1112,0-17,2023,749,personer,ssb_07459,ekte
1112,18-29,2023,425,personer,ssb_07459,ekte
1112,30-49,2023,731,personer,ssb_07459,ekte
1112,50-66,2023,736,personer,ssb_07459,ekte
1112,67-79,2023,392,personer,ssb_07459,ekte
1112,80-89,2023,144,personer,ssb_07459,ekte
1112,90+,2023,29,personer,ssb_07459,ekte
1112,alle,2023,3206,personer,ssb_07459,ekte
1114,0-17,2023,689,personer,ssb_07459,ekte
1114,18-29,2023,389,personer,ssb_07459,ekte
1114,30-49,2023,747,personer,ssb_07459,ekte
1114,50-66,2023,606,personer,ssb_07459,ekte
1114,67-79,2023,316,personer,ssb_07459,ekte
1114,80-89,2023,87,personer,ssb_07459,ekte
1114,90+,2023,14,personer,ssb_07459,ekte
1114,alle,2023,2848,personer,ssb_07459,ekte
1119,0-17,2023,5054,personer,ssb_07459,ekte
1119,18-29,2023,2878,personer,ssb_07459,ekte
1119,30-49,2023,5321,personer,ssb_07459,ekte
1119,50-66,2023,3747,personer,ssb_07459,ekte
1119,67-79,2023,1944,personer,ssb_07459,ekte
1119,80-89,2023,582,personer,ssb_07459,ekte
1119,90+,2023,123,personer,ssb_07459,ekte
1119,alle,2023,19649,personer,ssb_07459,ekte
1120,0-17,2023,5082,personer,ssb_07459,ekte
1120,18-29,2023,3267,personer,ssb_07459,ekte
1120,30-49,2023,5864,personer,ssb_07459,ekte
1120,50-66,2023,3944,personer,ssb_07459,ekte
1120,67-79,2023,1815,personer,ssb_07459,ekte
1120,80-89,2023,557,personer,ssb_07459,ekte
1120,90+,2023,86,personer,ssb_07459,ekte
1120,alle,2023,20615,personer,ssb_07459,ekte
1121,0-17,2023,4827,personer,ssb_07459,ekte
1121,18-29,2023,2961,personer,ssb_07459,ekte
1121,30-49,2023,5474,personer,ssb_07459,ekte
1121,50-66,2023,3844,personer,ssb_07459,ekte
1121,67-79,2023,1943,personer,ssb_07459,ekte
1121,80-89,2023,600,personer,ssb_07459,ekte
1121,90+,2023,132,personer,ssb_07459,ekte
1121,alle,2023,19781,personer,ssb_07459,ekte
1122,0-17,2023,3237,personer,ssb_07459,ekte
1122,18-29,2023,1671,personer,ssb_07459,ekte
1122,30-49,2023,3616,personer,ssb_07459,ekte
1122,50-66,2023,2409,personer,ssb_07459,ekte
1122,67-79,2023,1040,personer,ssb_07459,ekte
1122,80-89,2023,278,personer,ssb_07459,ekte
1122,90+,2023,51,personer,ssb_07459,ekte
1122,alle,2023,12302,personer,ssb_07459,ekte
1124,0-17,2023,6801,personer,ssb_07459,ekte
1124,18-29,2023,4130,personer,ssb_07459,ekte
1124,30-49,2023,8283,personer,ssb_07459,ekte
1124,50-66,2023,5696,personer,ssb_07459,ekte
1124,67-79,2023,2433,personer,ssb_07459,ekte
1124,80-89,2023,818,personer,ssb_07459,ekte
1124,90+,2023,154,personer,ssb_07459,ekte
1124,alle,2023,28315,personer,ssb_07459,ekte
1127,0-17,2023,2738,personer,ssb_07459,ekte
1127,18-29,2023,1825,personer,ssb_07459,ekte
1127,30-49,2023,3008,personer,ssb_07459,ekte
1127,50-66,2023,2465,personer,ssb_07459,ekte
1127,67-79,2023,1107,personer,ssb_07459,ekte
1127,80-89,2023,453,personer,ssb_07459,ekte
1127,90+,2023,75,personer,ssb_07459,ekte
1127,alle,2023,11671,personer,ssb_07459,ekte
1130,0-17,2023,3295,personer,ssb_07459,ekte
1130,18-29,2023,1945,personer,ssb_07459,ekte
1130,30-49,2023,3562,personer,ssb_07459,ekte
1130,50-66,2023,2682,personer,ssb_07459,ekte
1130,67-79,2023,1415,personer,ssb_07459,ekte
1130,80-89,2023,475,personer,ssb_07459,ekte
1130,90+,2023,100,personer,ssb_07459,ekte
1130,alle,2023,13474,personer,ssb_07459,ekte
1133,0-17,2023,574,personer,ssb_07459,ekte
1133,18-29,2023,329,personer,ssb_07459,ekte
1133,30-49,2023,617,personer,ssb_07459,ekte
1133,50-66,2023,566,personer,ssb_07459,ekte
1133,67-79,2023,383,personer,ssb_07459,ekte
1133,80-89,2023,123,personer,ssb_07459,ekte
1133,90+,2023,27,personer,ssb_07459,ekte
1133,alle,2023,2619,personer,ssb_07459,ekte
1134,0-17,2023,854,personer,ssb_07459,ekte
1134,18-29,2023,470,personer,ssb_07459,ekte
1134,30-49,2023,872,personer,ssb_07459,ekte
1134,50-66,2023,829,personer,ssb_07459,ekte
1134,67-79,2023,573,personer,ssb_07459,ekte
1134,80-89,2023,175,personer,ssb_07459,ekte
1134,90+,2023,42,personer,ssb_07459,ekte
1134,alle,2023,3815,personer,ssb_07459,ekte
1135,0-17,2023,961,personer,ssb_07459,ekte
1135,18-29,2023,558,personer,ssb_07459,ekte
1135,30-49,2023,1100,personer,ssb_07459,ekte
1135,50-66,2023,1051,personer,ssb_07459,ekte
1135,67-79,2023,579,personer,ssb_07459,ekte
1135,80-89,2023,223,personer,ssb_07459,ekte
1135,90+,2023,71,personer,ssb_07459,ekte
1135,alle,2023,4543,personer,ssb_07459,ekte
1144,0-17,2023,96,personer,ssb_07459,ekte
1144,18-29,2023,78,personer,ssb_07459,ekte
1144,30-49,2023,109,personer,ssb_07459,ekte
1144,50-66,2023,133,personer,ssb_07459,ekte
1144,67-79,2023,72,personer,ssb_07459,ekte
1144,80-89,2023,38,personer,ssb_07459,ekte
1144,90+,2023,9,personer,ssb_07459,ekte
1144,alle,2023,535,personer,ssb_07459,ekte
1145,0-17,2023,153,personer,ssb_07459,ekte
1145,18-29,2023,142,personer,ssb_07459,ekte
1145,30-49,2023,186,personer,ssb_07459,ekte
1145,50-66,2023,213,personer,ssb_07459,ekte
1145,67-79,2023,117,personer,ssb_07459,ekte
1145,80-89,2023,42,personer,ssb_07459,ekte
1145,90+,2023,15,personer,ssb_07459,ekte
1145,alle,2023,868,personer,ssb_07459,ekte
1146,0-17,2023,2864,personer,ssb_07459,ekte
1146,18-29,2023,1587,personer,ssb_07459,ekte
1146,30-49,2023,2940,personer,ssb_07459,ekte
1146,50-66,2023,2283,personer,ssb_07459,ekte
1146,67-79,2023,1260,personer,ssb_07459,ekte
1146,80-89,2023,404,personer,ssb_07459,ekte
1146,90+,2023,67,personer,ssb_07459,ekte
1146,alle,2023,11405,personer,ssb_07459,ekte
1149,0-17,2023,9762,personer,ssb_07459,ekte
1149,18-29,2023,6031,personer,ssb_07459,ekte
1149,30-49,2023,11141,personer,ssb_07459,ekte
1149,50-66,2023,9055,personer,ssb_07459,ekte
1149,67-79,2023,4983,personer,ssb_07459,ekte
1149,80-89,2023,1589,personer,ssb_07459,ekte
1149,90+,2023,342,personer,ssb_07459,ekte
1149,alle,2023,42903,personer,ssb_07459,ekte
1151,0-17,2023,35,personer,ssb_07459,ekte
1151,18-29,2023,30,personer,ssb_07459,ekte
1151,30-49,2023,49,personer,ssb_07459,ekte
1151,50-66,2023,55,personer,ssb_07459,ekte
1151,67-79,2023,28,personer,ssb_07459,ekte
1151,80-89,2023,9,personer,ssb_07459,ekte
1151,90+,2023,2,personer,ssb_07459,ekte
1151,alle,2023,208,personer,ssb_07459,ekte
1160,0-17,2023,1952,personer,ssb_07459,ekte
1160,18-29,2023,1223,personer,ssb_07459,ekte
1160,30-49,2023,2236,personer,ssb_07459,ekte
1160,50-66,2023,1905,personer,ssb_07459,ekte
1160,67-79,2023,1060,personer,ssb_07459,ekte
1160,80-89,2023,353,personer,ssb_07459,ekte
1160,90+,2023,115,personer,ssb_07459,ekte
1160,alle,2023,8844,personer,ssb_07459,ekte
4601,0-17,2023,55554,personer,ssb_07459,ekte
4601,18-29,2023,53447,personer,ssb_07459,ekte
4601,30-49,2023,81349,personer,ssb_07459,ekte
4601,50-66,2023,57334,personer,ssb_07459,ekte
4601,67-79,2023,29073,personer,ssb_07459,ekte
4601,80-89,2023,9972,personer,ssb_07459,ekte
4601,90+,2023,2601,personer,ssb_07459,ekte
4601,alle,2023,289330,personer,ssb_07459,ekte
4602,0-17,2023,3651,personer,ssb_07459,ekte
4602,18-29,2023,2456,personer,ssb_07459,ekte
4602,30-49,2023,4143,personer,ssb_07459,ekte
4602,50-66,2023,3924,personer,ssb_07459,ekte
4602,67-79,2023,2176,personer,ssb_07459,ekte
4602,80-89,2023,646,personer,ssb_07459,ekte
4602,90+,2023,183,personer,ssb_07459,ekte
4602,alle,2023,17179,personer,ssb_07459,ekte
4611,0-17,2023,888,personer,ssb_07459,ekte
4611,18-29,2023,517,personer,ssb_07459,ekte
4611,30-49,2023,975,personer,ssb_07459,ekte
4611,50-66,2023,878,personer,ssb_07459,ekte
4611,67-79,2023,553,personer,ssb_07459,ekte
4611,80-89,2023,198,personer,ssb_07459,ekte
4611,90+,2023,64,personer,ssb_07459,ekte
4611,alle,2023,4073,personer,ssb_07459,ekte
4612,0-17,2023,1351,personer,ssb_07459,ekte
4612,18-29,2023,770,personer,ssb_07459,ekte
4612,30-49,2023,1487,personer,ssb_07459,ekte
4612,50-66,2023,1151,personer,ssb_07459,ekte
4612,67-79,2023,738,personer,ssb_07459,ekte
4612,80-89,2023,189,personer,ssb_07459,ekte
4612,90+,2023,46,personer,ssb_07459,ekte
4612,alle,2023,5732,personer,ssb_07459,ekte
4613,0-17,2023,2843,personer,ssb_07459,ekte
4613,18-29,2023,1670,personer,ssb_07459,ekte
4613,30-49,2023,3040,personer,ssb_07459,ekte
4613,50-66,2023,2476,personer,ssb_07459,ekte
4613,67-79,2023,1568,personer,ssb_07459,ekte
4613,80-89,2023,411,personer,ssb_07459,ekte
4613,90+,2023,124,personer,ssb_07459,ekte
4613,alle,2023,12132,personer,ssb_07459,ekte
4614,0-17,2023,4352,personer,ssb_07459,ekte
4614,18-29,2023,2727,personer,ssb_07459,ekte
4614,30-49,2023,4946,personer,ssb_07459,ekte
4614,50-66,2023,4001,personer,ssb_07459,ekte
4614,67-79,2023,2177,personer,ssb_07459,ekte
4614,80-89,2023,716,personer,ssb_07459,ekte
4614,90+,2023,179,personer,ssb_07459,ekte
4614,alle,2023,19098,personer,ssb_07459,ekte
4615,0-17,2023,708,personer,ssb_07459,ekte
4615,18-29,2023,410,personer,ssb_07459,ekte
4615,30-49,2023,837,personer,ssb_07459,ekte
4615,50-66,2023,646,personer,ssb_07459,ekte
4615,67-79,2023,447,personer,ssb_07459,ekte
4615,80-89,2023,101,personer,ssb_07459,ekte
4615,90+,2023,32,personer,ssb_07459,ekte
4615,alle,2023,3181,personer,ssb_07459,ekte
4616,0-17,2023,592,personer,ssb_07459,ekte
4616,18-29,2023,322,personer,ssb_07459,ekte
4616,30-49,2023,662,personer,ssb_07459,ekte
4616,50-66,2023,605,personer,ssb_07459,ekte
4616,67-79,2023,523,personer,ssb_07459,ekte
4616,80-89,2023,166,personer,ssb_07459,ekte
4616,90+,2023,40,personer,ssb_07459,ekte
4616,alle,2023,2910,personer,ssb_07459,ekte
4617,0-17,2023,2648,personer,ssb_07459,ekte
4617,18-29,2023,1820,personer,ssb_07459,ekte
4617,30-49,2023,2897,personer,ssb_07459,ekte
4617,50-66,2023,2969,personer,ssb_07459,ekte
4617,67-79,2023,1908,personer,ssb_07459,ekte
4617,80-89,2023,678,personer,ssb_07459,ekte
4617,90+,2023,138,personer,ssb_07459,ekte
4617,alle,2023,13058,personer,ssb_07459,ekte
4618,0-17,2023,2092,personer,ssb_07459,ekte
4618,18-29,2023,1441,personer,ssb_07459,ekte
4618,30-49,2023,2562,personer,ssb_07459,ekte
4618,50-66,2023,2641,personer,ssb_07459,ekte
4618,67-79,2023,1612,personer,ssb_07459,ekte
4618,80-89,2023,641,personer,ssb_07459,ekte
4618,90+,2023,159,personer,ssb_07459,ekte
4618,alle,2023,11148,personer,ssb_07459,ekte
4619,0-17,2023,186,personer,ssb_07459,ekte
4619,18-29,2023,114,personer,ssb_07459,ekte
4619,30-49,2023,214,personer,ssb_07459,ekte
4619,50-66,2023,244,personer,ssb_07459,ekte
4619,67-79,2023,144,personer,ssb_07459,ekte
4619,80-89,2023,46,personer,ssb_07459,ekte
4619,90+,2023,14,personer,ssb_07459,ekte
4619,alle,2023,962,personer,ssb_07459,ekte
4620,0-17,2023,210,personer,ssb_07459,ekte
4620,18-29,2023,122,personer,ssb_07459,ekte
4620,30-49,2023,218,personer,ssb_07459,ekte
4620,50-66,2023,261,personer,ssb_07459,ekte
4620,67-79,2023,175,personer,ssb_07459,ekte
4620,80-89,2023,58,personer,ssb_07459,ekte
4620,90+,2023,12,personer,ssb_07459,ekte
4620,alle,2023,1056,personer,ssb_07459,ekte
4621,0-17,2023,3362,personer,ssb_07459,ekte
4621,18-29,2023,2168,personer,ssb_07459,ekte
4621,30-49,2023,3998,personer,ssb_07459,ekte
4621,50-66,2023,3400,personer,ssb_07459,ekte
4621,67-79,2023,2200,personer,ssb_07459,ekte
4621,80-89,2023,770,personer,ssb_07459,ekte
4621,90+,2023,246,personer,ssb_07459,ekte
4621,alle,2023,16144,personer,ssb_07459,ekte
4622,0-17,2023,1819,personer,ssb_07459,ekte
4622,18-29,2023,1067,personer,ssb_07459,ekte
4622,30-49,2023,1937,personer,ssb_07459,ekte
4622,50-66,2023,1894,personer,ssb_07459,ekte
4622,67-79,2023,1235,personer,ssb_07459,ekte
4622,80-89,2023,466,personer,ssb_07459,ekte
4622,90+,2023,113,personer,ssb_07459,ekte
4622,alle,2023,8531,personer,ssb_07459,ekte
4623,0-17,2023,515,personer,ssb_07459,ekte
4623,18-29,2023,305,personer,ssb_07459,ekte
4623,30-49,2023,594,personer,ssb_07459,ekte
4623,50-66,2023,561,personer,ssb_07459,ekte
4623,67-79,2023,394,personer,ssb_07459,ekte
4623,80-89,2023,91,personer,ssb_07459,ekte
4623,90+,2023,35,personer,ssb_07459,ekte
4623,alle,2023,2495,personer,ssb_07459,ekte
4624,0-17,2023,5986,personer,ssb_07459,ekte
4624,18-29,2023,3456,personer,ssb_07459,ekte
4624,30-49,2023,7025,personer,ssb_07459,ekte
4624,50-66,2023,5066,personer,ssb_07459,ekte
4624,67-79,2023,3000,personer,ssb_07459,ekte
4624,80-89,2023,888,personer,ssb_07459,ekte
4624,90+,2023,175,personer,ssb_07459,ekte
4624,alle,2023,25596,personer,ssb_07459,ekte
4625,0-17,2023,1286,personer,ssb_07459,ekte
4625,18-29,2023,714,personer,ssb_07459,ekte
4625,30-49,2023,1384,personer,ssb_07459,ekte
4625,50-66,2023,1009,personer,ssb_07459,ekte
4625,67-79,2023,674,personer,ssb_07459,ekte
4625,80-89,2023,185,personer,ssb_07459,ekte
4625,90+,2023,45,personer,ssb_07459,ekte
4625,alle,2023,5297,personer,ssb_07459,ekte
4626,0-17,2023,9272,personer,ssb_07459,ekte
4626,18-29,2023,5511,personer,ssb_07459,ekte
4626,30-49,2023,10614,personer,ssb_07459,ekte
4626,50-66,2023,8342,personer,ssb_07459,ekte
4626,67-79,2023,4331,personer,ssb_07459,ekte
4626,80-89,2023,1072,personer,ssb_07459,ekte
4626,90+,2023,226,personer,ssb_07459,ekte
4626,alle,2023,39368,personer,ssb_07459,ekte
4627,0-17,2023,7489,personer,ssb_07459,ekte
4627,18-29,2023,4000,personer,ssb_07459,ekte
4627,30-49,2023,8502,personer,ssb_07459,ekte
4627,50-66,2023,5823,personer,ssb_07459,ekte
4627,67-79,2023,3157,personer,ssb_07459,ekte
4627,80-89,2023,842,personer,ssb_07459,ekte
4627,90+,2023,176,personer,ssb_07459,ekte
4627,alle,2023,29989,personer,ssb_07459,ekte
4628,0-17,2023,779,personer,ssb_07459,ekte
4628,18-29,2023,467,personer,ssb_07459,ekte
4628,30-49,2023,946,personer,ssb_07459,ekte
4628,50-66,2023,870,personer,ssb_07459,ekte
4628,67-79,2023,550,personer,ssb_07459,ekte
4628,80-89,2023,201,personer,ssb_07459,ekte
4628,90+,2023,62,personer,ssb_07459,ekte
4628,alle,2023,3875,personer,ssb_07459,ekte
4629,0-17,2023,86,personer,ssb_07459,ekte
4629,18-29,2023,51,personer,ssb_07459,ekte
4629,30-49,2023,91,personer,ssb_07459,ekte
4629,50-66,2023,76,personer,ssb_07459,ekte
4629,67-79,2023,52,personer,ssb_07459,ekte
4629,80-89,2023,21,personer,ssb_07459,ekte
4629,90+,2023,3,personer,ssb_07459,ekte
4629,alle,2023,380,personer,ssb_07459,ekte
4630,0-17,2023,1772,personer,ssb_07459,ekte
4630,18-29,2023,1119,personer,ssb_07459,ekte
4630,30-49,2023,2084,personer,ssb_07459,ekte
4630,50-66,2023,1709,personer,ssb_07459,ekte
4630,67-79,2023,1043,personer,ssb_07459,ekte
4630,80-89,2023,324,personer,ssb_07459,ekte
4630,90+,2023,101,personer,ssb_07459,ekte
4630,alle,2023,8152,personer,ssb_07459,ekte
4631,0-17,2023,6835,personer,ssb_07459,ekte
4631,18-29,2023,4110,personer,ssb_07459,ekte
4631,30-49,2023,7677,personer,ssb_07459,ekte
4631,50-66,2023,6145,personer,ssb_07459,ekte
4631,67-79,2023,3858,personer,ssb_07459,ekte
4631,80-89,2023,1037,personer,ssb_07459,ekte
4631,90+,2023,258,personer,ssb_07459,ekte
4631,alle,2023,29920,personer,ssb_07459,ekte
4632,0-17,2023,560,personer,ssb_07459,ekte
4632,18-29,2023,367,personer,ssb_07459,ekte
4632,30-49,2023,695,personer,ssb_07459,ekte
4632,50-66,2023,606,personer,ssb_07459,ekte
4632,67-79,2023,452,personer,ssb_07459,ekte
4632,80-89,2023,153,personer,ssb_07459,ekte
4632,90+,2023,23,personer,ssb_07459,ekte
4632,alle,2023,2856,personer,ssb_07459,ekte
4633,0-17,2023,97,personer,ssb_07459,ekte
4633,18-29,2023,52,personer,ssb_07459,ekte
4633,30-49,2023,102,personer,ssb_07459,ekte
4633,50-66,2023,120,personer,ssb_07459,ekte
4633,67-79,2023,102,personer,ssb_07459,ekte
4633,80-89,2023,31,personer,ssb_07459,ekte
4633,90+,2023,9,personer,ssb_07459,ekte
4633,alle,2023,513,personer,ssb_07459,ekte
4634,0-17,2023,335,personer,ssb_07459,ekte
4634,18-29,2023,190,personer,ssb_07459,ekte
4634,30-49,2023,350,personer,ssb_07459,ekte
4634,50-66,2023,390,personer,ssb_07459,ekte
4634,67-79,2023,256,personer,ssb_07459,ekte
4634,80-89,2023,101,personer,ssb_07459,ekte
4634,90+,2023,32,personer,ssb_07459,ekte
4634,alle,2023,1654,personer,ssb_07459,ekte
4635,0-17,2023,401,personer,ssb_07459,ekte
4635,18-29,2023,293,personer,ssb_07459,ekte
4635,30-49,2023,498,personer,ssb_07459,ekte
4635,50-66,2023,557,personer,ssb_07459,ekte
4635,67-79,2023,331,personer,ssb_07459,ekte
4635,80-89,2023,114,personer,ssb_07459,ekte
4635,90+,2023,34,personer,ssb_07459,ekte
4635,alle,2023,2228,personer,ssb_07459,ekte
4636,0-17,2023,121,personer,ssb_07459,ekte
4636,18-29,2023,89,personer,ssb_07459,ekte
4636,30-49,2023,156,personer,ssb_07459,ekte
4636,50-66,2023,194,personer,ssb_07459,ekte
4636,67-79,2023,141,personer,ssb_07459,ekte
4636,80-89,2023,46,personer,ssb_07459,ekte
4636,90+,2023,9,personer,ssb_07459,ekte
4636,alle,2023,756,personer,ssb_07459,ekte
4637,0-17,2023,187,personer,ssb_07459,ekte
4637,18-29,2023,158,personer,ssb_07459,ekte
4637,30-49,2023,265,personer,ssb_07459,ekte
4637,50-66,2023,325,personer,ssb_07459,ekte
4637,67-79,2023,228,personer,ssb_07459,ekte
4637,80-89,2023,92,personer,ssb_07459,ekte
4637,90+,2023,13,personer,ssb_07459,ekte
4637,alle,2023,1268,personer,ssb_07459,ekte
4638,0-17,2023,674,personer,ssb_07459,ekte
4638,18-29,2023,559,personer,ssb_07459,ekte
4638,30-49,2023,765,personer,ssb_07459,ekte
4638,50-66,2023,1041,personer,ssb_07459,ekte
4638,67-79,2023,627,personer,ssb_07459,ekte
4638,80-89,2023,220,personer,ssb_07459,ekte
4638,90+,2023,63,personer,ssb_07459,ekte
4638,alle,2023,3949,personer,ssb_07459,ekte
4639,0-17,2023,496,personer,ssb_07459,ekte
4639,18-29,2023,318,personer,ssb_07459,ekte
4639,30-49,2023,534,personer,ssb_07459,ekte
4639,50-66,2023,562,personer,ssb_07459,ekte
4639,67-79,2023,434,personer,ssb_07459,ekte
4639,80-89,2023,179,personer,ssb_07459,ekte
4639,90+,2023,38,personer,ssb_07459,ekte
4639,alle,2023,2561,personer,ssb_07459,ekte
4640,0-17,2023,2604,personer,ssb_07459,ekte
4640,18-29,2023,2090,personer,ssb_07459,ekte
4640,30-49,2023,3111,personer,ssb_07459,ekte
4640,50-66,2023,2382,personer,ssb_07459,ekte
4640,67-79,2023,1456,personer,ssb_07459,ekte
4640,80-89,2023,439,personer,ssb_07459,ekte
4640,90+,2023,116,personer,ssb_07459,ekte
4640,alle,2023,12198,personer,ssb_07459,ekte
4641,0-17,2023,302,personer,ssb_07459,ekte
4641,18-29,2023,234,personer,ssb_07459,ekte
4641,30-49,2023,469,personer,ssb_07459,ekte
4641,50-66,2023,436,personer,ssb_07459,ekte
4641,67-79,2023,234,personer,ssb_07459,ekte
4641,80-89,2023,76,personer,ssb_07459,ekte
4641,90+,2023,24,personer,ssb_07459,ekte
4641,alle,2023,1775,personer,ssb_07459,ekte
4642,0-17,2023,395,personer,ssb_07459,ekte
4642,18-29,2023,280,personer,ssb_07459,ekte
4642,30-49,2023,471,personer,ssb_07459,ekte
4642,50-66,2023,520,personer,ssb_07459,ekte
4642,67-79,2023,345,personer,ssb_07459,ekte
4642,80-89,2023,92,personer,ssb_07459,ekte
4642,90+,2023,26,personer,ssb_07459,ekte
4642,alle,2023,2129,personer,ssb_07459,ekte
4643,0-17,2023,920,personer,ssb_07459,ekte
4643,18-29,2023,694,personer,ssb_07459,ekte
4643,30-49,2023,1106,personer,ssb_07459,ekte
4643,50-66,2023,1344,personer,ssb_07459,ekte
4643,67-79,2023,728,personer,ssb_07459,ekte
4643,80-89,2023,289,personer,ssb_07459,ekte
4643,90+,2023,91,personer,ssb_07459,ekte
4643,alle,2023,5172,personer,ssb_07459,ekte
4644,0-17,2023,1143,personer,ssb_07459,ekte
4644,18-29,2023,712,personer,ssb_07459,ekte
4644,30-49,2023,1218,personer,ssb_07459,ekte
4644,50-66,2023,1151,personer,ssb_07459,ekte
4644,67-79,2023,728,personer,ssb_07459,ekte
4644,80-89,2023,277,personer,ssb_07459,ekte
4644,90+,2023,73,personer,ssb_07459,ekte
4644,alle,2023,5302,personer,ssb_07459,ekte
4645,0-17,2023,594,personer,ssb_07459,ekte
4645,18-29,2023,330,personer,ssb_07459,ekte
4645,30-49,2023,615,personer,ssb_07459,ekte
4645,50-66,2023,700,personer,ssb_07459,ekte
4645,67-79,2023,480,personer,ssb_07459,ekte
4645,80-89,2023,179,personer,ssb_07459,ekte
4645,90+,2023,51,personer,ssb_07459,ekte
4645,alle,2023,2949,personer,ssb_07459,ekte
4646,0-17,2023,675,personer,ssb_07459,ekte
4646,18-29,2023,502,personer,ssb_07459,ekte
4646,30-49,2023,577,personer,ssb_07459,ekte
4646,50-66,2023,559,personer,ssb_07459,ekte
4646,67-79,2023,425,personer,ssb_07459,ekte
4646,80-89,2023,155,personer,ssb_07459,ekte
4646,90+,2023,20,personer,ssb_07459,ekte
4646,alle,2023,2913,personer,ssb_07459,ekte
4647,0-17,2023,5027,personer,ssb_07459,ekte
4647,18-29,2023,3404,personer,ssb_07459,ekte
4647,30-49,2023,5601,personer,ssb_07459,ekte
4647,50-66,2023,4652,personer,ssb_07459,ekte
4647,67-79,2023,2568,personer,ssb_07459,ekte
4647,80-89,2023,759,personer,ssb_07459,ekte
4647,90+,2023,204,personer,ssb_07459,ekte
4647,alle,2023,22215,personer,ssb_07459,ekte
4648,0-17,2023,621,personer,ssb_07459,ekte
4648,18-29,2023,449,personer,ssb_07459,ekte
4648,30-49,2023,717,personer,ssb_07459,ekte
4648,50-66,2023,856,personer,ssb_07459,ekte
4648,67-79,2023,545,personer,ssb_07459,ekte
4648,80-89,2023,224,personer,ssb_07459,ekte
4648,90+,2023,70,personer,ssb_07459,ekte
4648,alle,2023,3482,personer,ssb_07459,ekte
4649,0-17,2023,2027,personer,ssb_07459,ekte
4649,18-29,2023,1325,personer,ssb_07459,ekte
4649,30-49,2023,2174,personer,ssb_07459,ekte
4649,50-66,2023,2153,personer,ssb_07459,ekte
4649,67-79,2023,1286,personer,ssb_07459,ekte
4649,80-89,2023,462,personer,ssb_07459,ekte
4649,90+,2023,116,personer,ssb_07459,ekte
4649,alle,2023,9543,personer,ssb_07459,ekte
4650,0-17,2023,1255,personer,ssb_07459,ekte
4650,18-29,2023,806,personer,ssb_07459,ekte
4650,30-49,2023,1339,personer,ssb_07459,ekte
4650,50-66,2023,1245,personer,ssb_07459,ekte
4650,67-79,2023,886,personer,ssb_07459,ekte
4650,80-89,2023,288,personer,ssb_07459,ekte
4650,90+,2023,73,personer,ssb_07459,ekte
4650,alle,2023,5892,personer,ssb_07459,ekte
4651,0-17,2023,1541,personer,ssb_07459,ekte
4651,18-29,2023,1029,personer,ssb_07459,ekte
4651,30-49,2023,1762,personer,ssb_07459,ekte
4651,50-66,2023,1554,personer,ssb_07459,ekte
4651,67-79,2023,964,personer,ssb_07459,ekte
4651,80-89,2023,309,personer,ssb_07459,ekte
4651,90+,2023,85,personer,ssb_07459,ekte
4651,alle,2023,7244,personer,ssb_07459,ekte
1505,0-17,2023,4495,personer,ssb_07459,ekte
1505,18-29,2023,3401,personer,ssb_07459,ekte
1505,30-49,2023,6139,personer,ssb_07459,ekte
1505,50-66,2023,5450,personer,ssb_07459,ekte
1505,67-79,2023,3513,personer,ssb_07459,ekte
1505,80-89,2023,950,personer,ssb_07459,ekte
1505,90+,2023,211,personer,ssb_07459,ekte
1505,alle,2023,24159,personer,ssb_07459,ekte
1506,0-17,2023,6435,personer,ssb_07459,ekte
1506,18-29,2023,4745,personer,ssb_07459,ekte
1506,30-49,2023,7952,personer,ssb_07459,ekte
1506,50-66,2023,7130,personer,ssb_07459,ekte
1506,67-79,2023,4461,personer,ssb_07459,ekte
1506,80-89,2023,1369,personer,ssb_07459,ekte
1506,90+,2023,354,personer,ssb_07459,ekte
1506,alle,2023,32446,personer,ssb_07459,ekte
1508,alle,2023,0,personer,ssb_07459,ekte
1511,0-17,2023,470,personer,ssb_07459,ekte
1511,18-29,2023,364,personer,ssb_07459,ekte
1511,30-49,2023,587,personer,ssb_07459,ekte
1511,50-66,2023,756,personer,ssb_07459,ekte
1511,67-79,2023,608,personer,ssb_07459,ekte
1511,80-89,2023,184,personer,ssb_07459,ekte
1511,90+,2023,44,personer,ssb_07459,ekte
1511,alle,2023,3013,personer,ssb_07459,ekte
1514,0-17,2023,438,personer,ssb_07459,ekte
1514,18-29,2023,280,personer,ssb_07459,ekte
1514,30-49,2023,571,personer,ssb_07459,ekte
1514,50-66,2023,641,personer,ssb_07459,ekte
1514,67-79,2023,354,personer,ssb_07459,ekte
1514,80-89,2023,125,personer,ssb_07459,ekte
1514,90+,2023,33,personer,ssb_07459,ekte
1514,alle,2023,2442,personer,ssb_07459,ekte
1515,0-17,2023,1830,personer,ssb_07459,ekte
1515,18-29,2023,1101,personer,ssb_07459,ekte
1515,30-49,2023,2210,personer,ssb_07459,ekte
1515,50-66,2023,2029,personer,ssb_07459,ekte
1515,67-79,2023,1180,personer,ssb_07459,ekte
1515,80-89,2023,395,personer,ssb_07459,ekte
1515,90+,2023,97,personer,ssb_07459,ekte
1515,alle,2023,8842,personer,ssb_07459,ekte
1516,0-17,2023,1969,personer,ssb_07459,ekte
1516,18-29,2023,1256,personer,ssb_07459,ekte
1516,30-49,2023,2245,personer,ssb_07459,ekte
1516,50-66,2023,1930,personer,ssb_07459,ekte
1516,67-79,2023,999,personer,ssb_07459,ekte
1516,80-89,2023,330,personer,ssb_07459,ekte
1516,90+,2023,68,personer,ssb_07459,ekte
1516,alle,2023,8797,personer,ssb_07459,ekte
1517,0-17,2023,1150,personer,ssb_07459,ekte
1517,18-29,2023,654,personer,ssb_07459,ekte
1517,30-49,2023,1383,personer,ssb_07459,ekte
1517,50-66,2023,1076,personer,ssb_07459,ekte
1517,67-79,2023,641,personer,ssb_07459,ekte
1517,80-89,2023,198,personer,ssb_07459,ekte
1517,90+,2023,57,personer,ssb_07459,ekte
1517,alle,2023,5159,personer,ssb_07459,ekte
1520,0-17,2023,2365,personer,ssb_07459,ekte
1520,18-29,2023,1509,personer,ssb_07459,ekte
1520,30-49,2023,2642,personer,ssb_07459,ekte
1520,50-66,2023,2333,personer,ssb_07459,ekte
1520,67-79,2023,1453,personer,ssb_07459,ekte
1520,80-89,2023,483,personer,ssb_07459,ekte
1520,90+,2023,144,personer,ssb_07459,ekte
1520,alle,2023,10929,personer,ssb_07459,ekte
1525,0-17,2023,775,personer,ssb_07459,ekte
1525,18-29,2023,574,personer,ssb_07459,ekte
1525,30-49,2023,1108,personer,ssb_07459,ekte
1525,50-66,2023,1025,personer,ssb_07459,ekte
1525,67-79,2023,602,personer,ssb_07459,ekte
1525,80-89,2023,258,personer,ssb_07459,ekte
1525,90+,2023,79,personer,ssb_07459,ekte
1525,alle,2023,4421,personer,ssb_07459,ekte
1528,0-17,2023,1524,personer,ssb_07459,ekte
1528,18-29,2023,1029,personer,ssb_07459,ekte
1528,30-49,2023,1846,personer,ssb_07459,ekte
1528,50-66,2023,1773,personer,ssb_07459,ekte
1528,67-79,2023,1045,personer,ssb_07459,ekte
1528,80-89,2023,334,personer,ssb_07459,ekte
1528,90+,2023,79,personer,ssb_07459,ekte
1528,alle,2023,7630,personer,ssb_07459,ekte
1531,0-17,2023,2343,personer,ssb_07459,ekte
1531,18-29,2023,1322,personer,ssb_07459,ekte
1531,30-49,2023,2654,personer,ssb_07459,ekte
1531,50-66,2023,1875,personer,ssb_07459,ekte
1531,67-79,2023,1038,personer,ssb_07459,ekte
1531,80-89,2023,296,personer,ssb_07459,ekte
1531,90+,2023,108,personer,ssb_07459,ekte
1531,alle,2023,9636,personer,ssb_07459,ekte
1532,0-17,2023,2153,personer,ssb_07459,ekte
1532,18-29,2023,1171,personer,ssb_07459,ekte
1532,30-49,2023,2328,personer,ssb_07459,ekte
1532,50-66,2023,1712,personer,ssb_07459,ekte
1532,67-79,2023,942,personer,ssb_07459,ekte
1532,80-89,2023,312,personer,ssb_07459,ekte
1532,90+,2023,74,personer,ssb_07459,ekte
1532,alle,2023,8692,personer,ssb_07459,ekte
1535,0-17,2023,1370,personer,ssb_07459,ekte
1535,18-29,2023,898,personer,ssb_07459,ekte
1535,30-49,2023,1655,personer,ssb_07459,ekte
1535,50-66,2023,1681,personer,ssb_07459,ekte
1535,67-79,2023,1092,personer,ssb_07459,ekte
1535,80-89,2023,280,personer,ssb_07459,ekte
1535,90+,2023,75,personer,ssb_07459,ekte
1535,alle,2023,7051,personer,ssb_07459,ekte
1539,0-17,2023,1425,personer,ssb_07459,ekte
1539,18-29,2023,860,personer,ssb_07459,ekte
1539,30-49,2023,1676,personer,ssb_07459,ekte
1539,50-66,2023,1572,personer,ssb_07459,ekte
1539,67-79,2023,1074,personer,ssb_07459,ekte
1539,80-89,2023,346,personer,ssb_07459,ekte
1539,90+,2023,93,personer,ssb_07459,ekte
1539,alle,2023,7046,personer,ssb_07459,ekte
1547,0-17,2023,821,personer,ssb_07459,ekte
1547,18-29,2023,509,personer,ssb_07459,ekte
1547,30-49,2023,950,personer,ssb_07459,ekte
1547,50-66,2023,701,personer,ssb_07459,ekte
1547,67-79,2023,473,personer,ssb_07459,ekte
1547,80-89,2023,158,personer,ssb_07459,ekte
1547,90+,2023,42,personer,ssb_07459,ekte
1547,alle,2023,3654,personer,ssb_07459,ekte
1554,0-17,2023,1177,personer,ssb_07459,ekte
1554,18-29,2023,742,personer,ssb_07459,ekte
1554,30-49,2023,1403,personer,ssb_07459,ekte
1554,50-66,2023,1365,personer,ssb_07459,ekte
1554,67-79,2023,864,personer,ssb_07459,ekte
1554,80-89,2023,262,personer,ssb_07459,ekte
1554,90+,2023,59,personer,ssb_07459,ekte
1554,alle,2023,5872,personer,ssb_07459,ekte
1557,0-17,2023,544,personer,ssb_07459,ekte
1557,18-29,2023,357,personer,ssb_07459,ekte
1557,30-49,2023,633,personer,ssb_07459,ekte
1557,50-66,2023,572,personer,ssb_07459,ekte
1557,67-79,2023,441,personer,ssb_07459,ekte
1557,80-89,2023,103,personer,ssb_07459,ekte
1557,90+,2023,19,personer,ssb_07459,ekte
1557,alle,2023,2669,personer,ssb_07459,ekte
1560,0-17,2023,540,personer,ssb_07459,ekte
1560,18-29,2023,371,personer,ssb_07459,ekte
1560,30-49,2023,668,personer,ssb_07459,ekte
1560,50-66,2023,759,personer,ssb_07459,ekte
1560,67-79,2023,485,personer,ssb_07459,ekte
1560,80-89,2023,170,personer,ssb_07459,ekte
1560,90+,2023,38,personer,ssb_07459,ekte
1560,alle,2023,3031,personer,ssb_07459,ekte
1563,0-17,2023,1337,personer,ssb_07459,ekte
1563,18-29,2023,973,personer,ssb_07459,ekte
1563,30-49,2023,1537,personer,ssb_07459,ekte
1563,50-66,2023,1814,personer,ssb_07459,ekte
1563,67-79,2023,997,personer,ssb_07459,ekte
1563,80-89,2023,344,personer,ssb_07459,ekte
1563,90+,2023,108,personer,ssb_07459,ekte
1563,alle,2023,7110,personer,ssb_07459,ekte
1566,0-17,2023,1126,personer,ssb_07459,ekte
1566,18-29,2023,803,personer,ssb_07459,ekte
1566,30-49,2023,1251,personer,ssb_07459,ekte
1566,50-66,2023,1424,personer,ssb_07459,ekte
1566,67-79,2023,924,personer,ssb_07459,ekte
1566,80-89,2023,323,personer,ssb_07459,ekte
1566,90+,2023,61,personer,ssb_07459,ekte
1566,alle,2023,5912,personer,ssb_07459,ekte
1573,0-17,2023,380,personer,ssb_07459,ekte
1573,18-29,2023,276,personer,ssb_07459,ekte
1573,30-49,2023,480,personer,ssb_07459,ekte
1573,50-66,2023,515,personer,ssb_07459,ekte
1573,67-79,2023,369,personer,ssb_07459,ekte
1573,80-89,2023,109,personer,ssb_07459,ekte
1573,90+,2023,29,personer,ssb_07459,ekte
1573,alle,2023,2158,personer,ssb_07459,ekte
1576,0-17,2023,583,personer,ssb_07459,ekte
1576,18-29,2023,407,personer,ssb_07459,ekte
1576,30-49,2023,730,personer,ssb_07459,ekte
1576,50-66,2023,862,personer,ssb_07459,ekte
1576,67-79,2023,591,personer,ssb_07459,ekte
1576,80-89,2023,165,personer,ssb_07459,ekte
1576,90+,2023,43,personer,ssb_07459,ekte
1576,alle,2023,3381,personer,ssb_07459,ekte
1577,0-17,2023,2214,personer,ssb_07459,ekte
1577,18-29,2023,2146,personer,ssb_07459,ekte
1577,30-49,2023,2497,personer,ssb_07459,ekte
1577,50-66,2023,2122,personer,ssb_07459,ekte
1577,67-79,2023,1377,personer,ssb_07459,ekte
1577,80-89,2023,483,personer,ssb_07459,ekte
1577,90+,2023,121,personer,ssb_07459,ekte
1577,alle,2023,10960,personer,ssb_07459,ekte
1578,0-17,2023,456,personer,ssb_07459,ekte
1578,18-29,2023,309,personer,ssb_07459,ekte
1578,30-49,2023,498,personer,ssb_07459,ekte
1578,50-66,2023,630,personer,ssb_07459,ekte
1578,67-79,2023,392,personer,ssb_07459,ekte
1578,80-89,2023,164,personer,ssb_07459,ekte
1578,90+,2023,45,personer,ssb_07459,ekte
1578,alle,2023,2494,personer,ssb_07459,ekte
1579,0-17,2023,2901,personer,ssb_07459,ekte
1579,18-29,2023,1801,personer,ssb_07459,ekte
1579,30-49,2023,3335,personer,ssb_07459,ekte
1579,50-66,2023,2876,personer,ssb_07459,ekte
1579,67-79,2023,1796,personer,ssb_07459,ekte
1579,80-89,2023,527,personer,ssb_07459,ekte
1579,90+,2023,105,personer,ssb_07459,ekte
1579,alle,2023,13341,personer,ssb_07459,ekte
1580,alle,2023,0,personer,ssb_07459,ekte
5001,0-17,2023,40596,personer,ssb_07459,ekte
5001,18-29,2023,43426,personer,ssb_07459,ekte
5001,30-49,2023,60199,personer,ssb_07459,ekte
5001,50-66,2023,39900,personer,ssb_07459,ekte
5001,67-79,2023,20942,personer,ssb_07459,ekte
5001,80-89,2023,6209,personer,ssb_07459,ekte
5001,90+,2023,1388,personer,ssb_07459,ekte
5001,alle,2023,212660,personer,ssb_07459,ekte
5006,0-17,2023,4747,personer,ssb_07459,ekte
5006,18-29,2023,3200,personer,ssb_07459,ekte
5006,30-49,2023,5439,personer,ssb_07459,ekte
5006,50-66,2023,5551,personer,ssb_07459,ekte
5006,67-79,2023,3528,personer,ssb_07459,ekte
5006,80-89,2023,1206,personer,ssb_07459,ekte
5006,90+,2023,284,personer,ssb_07459,ekte
5006,alle,2023,23955,personer,ssb_07459,ekte
5007,0-17,2023,2962,personer,ssb_07459,ekte
5007,18-29,2023,2250,personer,ssb_07459,ekte
5007,30-49,2023,3348,personer,ssb_07459,ekte
5007,50-66,2023,3430,personer,ssb_07459,ekte
5007,67-79,2023,2127,personer,ssb_07459,ekte
5007,80-89,2023,658,personer,ssb_07459,ekte
5007,90+,2023,148,personer,ssb_07459,ekte
5007,alle,2023,14923,personer,ssb_07459,ekte
5014,0-17,2023,1070,personer,ssb_07459,ekte
5014,18-29,2023,860,personer,ssb_07459,ekte
5014,30-49,2023,1540,personer,ssb_07459,ekte
5014,50-66,2023,1128,personer,ssb_07459,ekte
5014,67-79,2023,578,personer,ssb_07459,ekte
5014,80-89,2023,174,personer,ssb_07459,ekte
5014,90+,2023,41,personer,ssb_07459,ekte
5014,alle,2023,5391,personer,ssb_07459,ekte
5020,0-17,2023,156,personer,ssb_07459,ekte
5020,18-29,2023,99,personer,ssb_07459,ekte
5020,30-49,2023,174,personer,ssb_07459,ekte
5020,50-66,2023,215,personer,ssb_07459,ekte
5020,67-79,2023,187,personer,ssb_07459,ekte
5020,80-89,2023,59,personer,ssb_07459,ekte
5020,90+,2023,14,personer,ssb_07459,ekte
5020,alle,2023,904,personer,ssb_07459,ekte
5021,0-17,2023,1507,personer,ssb_07459,ekte
5021,18-29,2023,945,personer,ssb_07459,ekte
5021,30-49,2023,1684,personer,ssb_07459,ekte
5021,50-66,2023,1636,personer,ssb_07459,ekte
5021,67-79,2023,1061,personer,ssb_07459,ekte
5021,80-89,2023,344,personer,ssb_07459,ekte
5021,90+,2023,79,personer,ssb_07459,ekte
5021,alle,2023,7256,personer,ssb_07459,ekte
5022,0-17,2023,468,personer,ssb_07459,ekte
5022,18-29,2023,325,personer,ssb_07459,ekte
5022,30-49,2023,477,personer,ssb_07459,ekte
5022,50-66,2023,614,personer,ssb_07459,ekte
5022,67-79,2023,438,personer,ssb_07459,ekte
5022,80-89,2023,131,personer,ssb_07459,ekte
5022,90+,2023,28,personer,ssb_07459,ekte
5022,alle,2023,2481,personer,ssb_07459,ekte
5025,0-17,2023,981,personer,ssb_07459,ekte
5025,18-29,2023,699,personer,ssb_07459,ekte
5025,30-49,2023,1275,personer,ssb_07459,ekte
5025,50-66,2023,1336,personer,ssb_07459,ekte
5025,67-79,2023,984,personer,ssb_07459,ekte
5025,80-89,2023,270,personer,ssb_07459,ekte
5025,90+,2023,53,personer,ssb_07459,ekte
5025,alle,2023,5598,personer,ssb_07459,ekte
5026,0-17,2023,345,personer,ssb_07459,ekte
5026,18-29,2023,258,personer,ssb_07459,ekte
5026,30-49,2023,401,personer,ssb_07459,ekte
5026,50-66,2023,493,personer,ssb_07459,ekte
5026,67-79,2023,345,personer,ssb_07459,ekte
5026,80-89,2023,140,personer,ssb_07459,ekte
5026,90+,2023,15,personer,ssb_07459,ekte
5026,alle,2023,1997,personer,ssb_07459,ekte
5027,0-17,2023,1271,personer,ssb_07459,ekte
5027,18-29,2023,821,personer,ssb_07459,ekte
5027,30-49,2023,1486,personer,ssb_07459,ekte
5027,50-66,2023,1384,personer,ssb_07459,ekte
5027,67-79,2023,806,personer,ssb_07459,ekte
5027,80-89,2023,285,personer,ssb_07459,ekte
5027,90+,2023,80,personer,ssb_07459,ekte
5027,alle,2023,6133,personer,ssb_07459,ekte
5028,0-17,2023,3875,personer,ssb_07459,ekte
5028,18-29,2023,2484,personer,ssb_07459,ekte
5028,30-49,2023,4612,personer,ssb_07459,ekte
5028,50-66,2023,3566,personer,ssb_07459,ekte
5028,67-79,2023,1982,personer,ssb_07459,ekte
5028,80-89,2023,680,personer,ssb_07459,ekte
5028,90+,2023,141,personer,ssb_07459,ekte
5028,alle,2023,17340,personer,ssb_07459,ekte
5029,0-17,2023,2125,personer,ssb_07459,ekte
5029,18-29,2023,1059,personer,ssb_07459,ekte
5029,30-49,2023,2336,personer,ssb_07459,ekte
5029,50-66,2023,1722,personer,ssb_07459,ekte
5029,67-79,2023,882,personer,ssb_07459,ekte
5029,80-89,2023,246,personer,ssb_07459,ekte
5029,90+,2023,71,personer,ssb_07459,ekte
5029,alle,2023,8441,personer,ssb_07459,ekte
5031,0-17,2023,3522,personer,ssb_07459,ekte
5031,18-29,2023,1916,personer,ssb_07459,ekte
5031,30-49,2023,4070,personer,ssb_07459,ekte
5031,50-66,2023,3193,personer,ssb_07459,ekte
5031,67-79,2023,1444,personer,ssb_07459,ekte
5031,80-89,2023,436,personer,ssb_07459,ekte
5031,90+,2023,81,personer,ssb_07459,ekte
5031,alle,2023,14662,personer,ssb_07459,ekte
5032,0-17,2023,795,personer,ssb_07459,ekte
5032,18-29,2023,544,personer,ssb_07459,ekte
5032,30-49,2023,963,personer,ssb_07459,ekte
5032,50-66,2023,973,personer,ssb_07459,ekte
5032,67-79,2023,583,personer,ssb_07459,ekte
5032,80-89,2023,227,personer,ssb_07459,ekte
5032,90+,2023,59,personer,ssb_07459,ekte
5032,alle,2023,4144,personer,ssb_07459,ekte
5033,0-17,2023,110,personer,ssb_07459,ekte
5033,18-29,2023,84,personer,ssb_07459,ekte
5033,30-49,2023,144,personer,ssb_07459,ekte
5033,50-66,2023,209,personer,ssb_07459,ekte
5033,67-79,2023,133,personer,ssb_07459,ekte
5033,80-89,2023,57,personer,ssb_07459,ekte
5033,90+,2023,16,personer,ssb_07459,ekte
5033,alle,2023,753,personer,ssb_07459,ekte
5034,0-17,2023,439,personer,ssb_07459,ekte
5034,18-29,2023,296,personer,ssb_07459,ekte
5034,30-49,2023,547,personer,ssb_07459,ekte
5034,50-66,2023,591,personer,ssb_07459,ekte
5034,67-79,2023,402,personer,ssb_07459,ekte
5034,80-89,2023,117,personer,ssb_07459,ekte
5034,90+,2023,34,personer,ssb_07459,ekte
5034,alle,2023,2426,personer,ssb_07459,ekte
5035,0-17,2023,5299,personer,ssb_07459,ekte
5035,18-29,2023,3458,personer,ssb_07459,ekte
5035,30-49,2023,6013,personer,ssb_07459,ekte
5035,50-66,2023,5460,personer,ssb_07459,ekte
5035,67-79,2023,3145,personer,ssb_07459,ekte
5035,80-89,2023,1000,personer,ssb_07459,ekte
5035,90+,2023,166,personer,ssb_07459,ekte
5035,alle,2023,24541,personer,ssb_07459,ekte
5036,0-17,2023,515,personer,ssb_07459,ekte
5036,18-29,2023,351,personer,ssb_07459,ekte
5036,30-49,2023,583,personer,ssb_07459,ekte
5036,50-66,2023,644,personer,ssb_07459,ekte
5036,67-79,2023,374,personer,ssb_07459,ekte
5036,80-89,2023,148,personer,ssb_07459,ekte
5036,90+,2023,30,personer,ssb_07459,ekte
5036,alle,2023,2645,personer,ssb_07459,ekte
5037,0-17,2023,4368,personer,ssb_07459,ekte
5037,18-29,2023,3029,personer,ssb_07459,ekte
5037,30-49,2023,4814,personer,ssb_07459,ekte
5037,50-66,2023,4447,personer,ssb_07459,ekte
5037,67-79,2023,2646,personer,ssb_07459,ekte
5037,80-89,2023,858,personer,ssb_07459,ekte
5037,90+,2023,182,personer,ssb_07459,ekte
5037,alle,2023,20344,personer,ssb_07459,ekte
5038,0-17,2023,2992,personer,ssb_07459,ekte
5038,18-29,2023,2242,personer,ssb_07459,ekte
5038,30-49,2023,3506,personer,ssb_07459,ekte
5038,50-66,2023,3357,personer,ssb_07459,ekte
5038,67-79,2023,2211,personer,ssb_07459,ekte
5038,80-89,2023,572,personer,ssb_07459,ekte
5038,90+,2023,122,personer,ssb_07459,ekte
5038,alle,2023,15002,personer,ssb_07459,ekte
5041,0-17,2023,409,personer,ssb_07459,ekte
5041,18-29,2023,243,personer,ssb_07459,ekte
5041,30-49,2023,419,personer,ssb_07459,ekte
5041,50-66,2023,490,personer,ssb_07459,ekte
5041,67-79,2023,293,personer,ssb_07459,ekte
5041,80-89,2023,139,personer,ssb_07459,ekte
5041,90+,2023,28,personer,ssb_07459,ekte
5041,alle,2023,2021,personer,ssb_07459,ekte
5042,0-17,2023,206,personer,ssb_07459,ekte
5042,18-29,2023,168,personer,ssb_07459,ekte
5042,30-49,2023,263,personer,ssb_07459,ekte
5042,50-66,2023,326,personer,ssb_07459,ekte
5042,67-79,2023,233,personer,ssb_07459,ekte
5042,80-89,2023,82,personer,ssb_07459,ekte
5042,90+,2023,17,personer,ssb_07459,ekte
5042,alle,2023,1295,personer,ssb_07459,ekte
5043,0-17,2023,77,personer,ssb_07459,ekte
5043,18-29,2023,42,personer,ssb_07459,ekte
5043,30-49,2023,87,personer,ssb_07459,ekte
5043,50-66,2023,102,personer,ssb_07459,ekte
5043,67-79,2023,86,personer,ssb_07459,ekte
5043,80-89,2023,27,personer,ssb_07459,ekte
5043,90+,2023,8,personer,ssb_07459,ekte
5043,alle,2023,429,personer,ssb_07459,ekte
5044,0-17,2023,140,personer,ssb_07459,ekte
5044,18-29,2023,102,personer,ssb_07459,ekte
5044,30-49,2023,151,personer,ssb_07459,ekte
5044,50-66,2023,207,personer,ssb_07459,ekte
5044,67-79,2023,135,personer,ssb_07459,ekte
5044,80-89,2023,68,personer,ssb_07459,ekte
5044,90+,2023,11,personer,ssb_07459,ekte
5044,alle,2023,814,personer,ssb_07459,ekte
5045,0-17,2023,456,personer,ssb_07459,ekte
5045,18-29,2023,298,personer,ssb_07459,ekte
5045,30-49,2023,487,personer,ssb_07459,ekte
5045,50-66,2023,544,personer,ssb_07459,ekte
5045,67-79,2023,341,personer,ssb_07459,ekte
5045,80-89,2023,139,personer,ssb_07459,ekte
5045,90+,2023,31,personer,ssb_07459,ekte
5045,alle,2023,2296,personer,ssb_07459,ekte
5046,0-17,2023,254,personer,ssb_07459,ekte
5046,18-29,2023,155,personer,ssb_07459,ekte
5046,30-49,2023,249,personer,ssb_07459,ekte
5046,50-66,2023,263,personer,ssb_07459,ekte
5046,67-79,2023,211,personer,ssb_07459,ekte
5046,80-89,2023,70,personer,ssb_07459,ekte
5046,90+,2023,14,personer,ssb_07459,ekte
5046,alle,2023,1216,personer,ssb_07459,ekte
5047,0-17,2023,912,personer,ssb_07459,ekte
5047,18-29,2023,529,personer,ssb_07459,ekte
5047,30-49,2023,962,personer,ssb_07459,ekte
5047,50-66,2023,809,personer,ssb_07459,ekte
5047,67-79,2023,474,personer,ssb_07459,ekte
5047,80-89,2023,149,personer,ssb_07459,ekte
5047,90+,2023,38,personer,ssb_07459,ekte
5047,alle,2023,3873,personer,ssb_07459,ekte
5049,0-17,2023,173,personer,ssb_07459,ekte
5049,18-29,2023,152,personer,ssb_07459,ekte
5049,30-49,2023,218,personer,ssb_07459,ekte
5049,50-66,2023,294,personer,ssb_07459,ekte
5049,67-79,2023,194,personer,ssb_07459,ekte
5049,80-89,2023,66,personer,ssb_07459,ekte
5049,90+,2023,11,personer,ssb_07459,ekte
5049,alle,2023,1108,personer,ssb_07459,ekte
5052,0-17,2023,106,personer,ssb_07459,ekte
5052,18-29,2023,63,personer,ssb_07459,ekte
5052,30-49,2023,102,personer,ssb_07459,ekte
5052,50-66,2023,154,personer,ssb_07459,ekte
5052,67-79,2023,111,personer,ssb_07459,ekte
5052,80-89,2023,37,personer,ssb_07459,ekte
5052,90+,2023,9,personer,ssb_07459,ekte
5052,alle,2023,582,personer,ssb_07459,ekte
5053,0-17,2023,1440,personer,ssb_07459,ekte
5053,18-29,2023,884,personer,ssb_07459,ekte
5053,30-49,2023,1572,personer,ssb_07459,ekte
5053,50-66,2023,1558,personer,ssb_07459,ekte
5053,67-79,2023,1040,personer,ssb_07459,ekte
5053,80-89,2023,289,personer,ssb_07459,ekte
5053,90+,2023,58,personer,ssb_07459,ekte
5053,alle,2023,6841,personer,ssb_07459,ekte
5054,0-17,2023,1974,personer,ssb_07459,ekte
5054,18-29,2023,1295,personer,ssb_07459,ekte
5054,30-49,2023,2203,personer,ssb_07459,ekte
5054,50-66,2023,2317,personer,ssb_07459,ekte
5054,67-79,2023,1567,personer,ssb_07459,ekte
5054,80-89,2023,516,personer,ssb_07459,ekte
5054,90+,2023,105,personer,ssb_07459,ekte
5054,alle,2023,9977,personer,ssb_07459,ekte
5055,0-17,2023,1098,personer,ssb_07459,ekte
5055,18-29,2023,774,personer,ssb_07459,ekte
5055,30-49,2023,1262,personer,ssb_07459,ekte
5055,50-66,2023,1378,personer,ssb_07459,ekte
5055,67-79,2023,965,personer,ssb_07459,ekte
5055,80-89,2023,324,personer,ssb_07459,ekte
5055,90+,2023,79,personer,ssb_07459,ekte
5055,alle,2023,5880,personer,ssb_07459,ekte
5056,0-17,2023,963,personer,ssb_07459,ekte
5056,18-29,2023,777,personer,ssb_07459,ekte
5056,30-49,2023,1426,personer,ssb_07459,ekte
5056,50-66,2023,1152,personer,ssb_07459,ekte
5056,67-79,2023,698,personer,ssb_07459,ekte
5056,80-89,2023,222,personer,ssb_07459,ekte
5056,90+,2023,43,personer,ssb_07459,ekte
5056,alle,2023,5281,personer,ssb_07459,ekte
5057,0-17,2023,2125,personer,ssb_07459,ekte
5057,18-29,2023,1543,personer,ssb_07459,ekte
5057,30-49,2023,2406,personer,ssb_07459,ekte
5057,50-66,2023,2336,personer,ssb_07459,ekte
5057,67-79,2023,1417,personer,ssb_07459,ekte
5057,80-89,2023,534,personer,ssb_07459,ekte
5057,90+,2023,111,personer,ssb_07459,ekte
5057,alle,2023,10472,personer,ssb_07459,ekte
5058,0-17,2023,787,personer,ssb_07459,ekte
5058,18-29,2023,576,personer,ssb_07459,ekte
5058,30-49,2023,847,personer,ssb_07459,ekte
5058,50-66,2023,1050,personer,ssb_07459,ekte
5058,67-79,2023,703,personer,ssb_07459,ekte
5058,80-89,2023,241,personer,ssb_07459,ekte
5058,90+,2023,48,personer,ssb_07459,ekte
5058,alle,2023,4252,personer,ssb_07459,ekte
5059,0-17,2023,3767,personer,ssb_07459,ekte
5059,18-29,2023,2435,personer,ssb_07459,ekte
5059,30-49,2023,4534,personer,ssb_07459,ekte
5059,50-66,2023,4312,personer,ssb_07459,ekte
5059,67-79,2023,2608,personer,ssb_07459,ekte
5059,80-89,2023,832,personer,ssb_07459,ekte
5059,90+,2023,202,personer,ssb_07459,ekte
5059,alle,2023,18690,personer,ssb_07459,ekte
5060,0-17,2023,2136,personer,ssb_07459,ekte
5060,18-29,2023,1475,personer,ssb_07459,ekte
5060,30-49,2023,2386,personer,ssb_07459,ekte
5060,50-66,2023,2171,personer,ssb_07459,ekte
5060,67-79,2023,1203,personer,ssb_07459,ekte
5060,80-89,2023,429,personer,ssb_07459,ekte
5060,90+,2023,90,personer,ssb_07459,ekte
5060,alle,2023,9890,personer,ssb_07459,ekte
5061,0-17,2023,363,personer,ssb_07459,ekte
5061,18-29,2023,273,personer,ssb_07459,ekte
5061,30-49,2023,414,personer,ssb_07459,ekte
5061,50-66,2023,445,personer,ssb_07459,ekte
5061,67-79,2023,319,personer,ssb_07459,ekte
5061,80-89,2023,112,personer,ssb_07459,ekte
5061,90+,2023,31,personer,ssb_07459,ekte
5061,alle,2023,1957,personer,ssb_07459,ekte
1804,0-17,2023,10661,personer,ssb_07459,ekte
1804,18-29,2023,8731,personer,ssb_07459,ekte
1804,30-49,2023,14407,personer,ssb_07459,ekte
1804,50-66,2023,11253,personer,ssb_07459,ekte
1804,67-79,2023,5897,personer,ssb_07459,ekte
1804,80-89,2023,1932,personer,ssb_07459,ekte
1804,90+,2023,378,personer,ssb_07459,ekte
1804,alle,2023,53259,personer,ssb_07459,ekte
1806,0-17,2023,3936,personer,ssb_07459,ekte
1806,18-29,2023,3036,personer,ssb_07459,ekte
1806,30-49,2023,5145,personer,ssb_07459,ekte
1806,50-66,2023,5019,personer,ssb_07459,ekte
1806,67-79,2023,3107,personer,ssb_07459,ekte
1806,80-89,2023,1028,personer,ssb_07459,ekte
1806,90+,2023,244,personer,ssb_07459,ekte
1806,alle,2023,21515,personer,ssb_07459,ekte
1811,0-17,2023,253,personer,ssb_07459,ekte
1811,18-29,2023,139,personer,ssb_07459,ekte
1811,30-49,2023,255,personer,ssb_07459,ekte
1811,50-66,2023,356,personer,ssb_07459,ekte
1811,67-79,2023,276,personer,ssb_07459,ekte
1811,80-89,2023,92,personer,ssb_07459,ekte
1811,90+,2023,20,personer,ssb_07459,ekte
1811,alle,2023,1391,personer,ssb_07459,ekte
1812,0-17,2023,359,personer,ssb_07459,ekte
1812,18-29,2023,266,personer,ssb_07459,ekte
1812,30-49,2023,445,personer,ssb_07459,ekte
1812,50-66,2023,477,personer,ssb_07459,ekte
1812,67-79,2023,298,personer,ssb_07459,ekte
1812,80-89,2023,106,personer,ssb_07459,ekte
1812,90+,2023,19,personer,ssb_07459,ekte
1812,alle,2023,1970,personer,ssb_07459,ekte
1813,0-17,2023,1578,personer,ssb_07459,ekte
1813,18-29,2023,1031,personer,ssb_07459,ekte
1813,30-49,2023,1840,personer,ssb_07459,ekte
1813,50-66,2023,1912,personer,ssb_07459,ekte
1813,67-79,2023,1029,personer,ssb_07459,ekte
1813,80-89,2023,325,personer,ssb_07459,ekte
1813,90+,2023,72,personer,ssb_07459,ekte
1813,alle,2023,7787,personer,ssb_07459,ekte
1815,0-17,2023,220,personer,ssb_07459,ekte
1815,18-29,2023,142,personer,ssb_07459,ekte
1815,30-49,2023,227,personer,ssb_07459,ekte
1815,50-66,2023,334,personer,ssb_07459,ekte
1815,67-79,2023,209,personer,ssb_07459,ekte
1815,80-89,2023,73,personer,ssb_07459,ekte
1815,90+,2023,14,personer,ssb_07459,ekte
1815,alle,2023,1219,personer,ssb_07459,ekte
1816,0-17,2023,76,personer,ssb_07459,ekte
1816,18-29,2023,53,personer,ssb_07459,ekte
1816,30-49,2023,90,personer,ssb_07459,ekte
1816,50-66,2023,107,personer,ssb_07459,ekte
1816,67-79,2023,95,personer,ssb_07459,ekte
1816,80-89,2023,24,personer,ssb_07459,ekte
1816,90+,2023,9,personer,ssb_07459,ekte
1816,alle,2023,454,personer,ssb_07459,ekte
1818,0-17,2023,371,personer,ssb_07459,ekte
1818,18-29,2023,196,personer,ssb_07459,ekte
1818,30-49,2023,449,personer,ssb_07459,ekte
1818,50-66,2023,457,personer,ssb_07459,ekte
1818,67-79,2023,260,personer,ssb_07459,ekte
1818,80-89,2023,93,personer,ssb_07459,ekte
1818,90+,2023,13,personer,ssb_07459,ekte
1818,alle,2023,1839,personer,ssb_07459,ekte
1820,0-17,2023,1375,personer,ssb_07459,ekte
1820,18-29,2023,1008,personer,ssb_07459,ekte
1820,30-49,2023,1692,personer,ssb_07459,ekte
1820,50-66,2023,1763,personer,ssb_07459,ekte
1820,67-79,2023,1084,personer,ssb_07459,ekte
1820,80-89,2023,321,personer,ssb_07459,ekte
1820,90+,2023,57,personer,ssb_07459,ekte
1820,alle,2023,7300,personer,ssb_07459,ekte
1822,0-17,2023,510,personer,ssb_07459,ekte
1822,18-29,2023,234,personer,ssb_07459,ekte
1822,30-49,2023,572,personer,ssb_07459,ekte
1822,50-66,2023,509,personer,ssb_07459,ekte
1822,67-79,2023,326,personer,ssb_07459,ekte
1822,80-89,2023,84,personer,ssb_07459,ekte
1822,90+,2023,35,personer,ssb_07459,ekte
1822,alle,2023,2270,personer,ssb_07459,ekte
1824,0-17,2023,2452,personer,ssb_07459,ekte
1824,18-29,2023,1967,personer,ssb_07459,ekte
1824,30-49,2023,3082,personer,ssb_07459,ekte
1824,50-66,2023,3173,personer,ssb_07459,ekte
1824,67-79,2023,1856,personer,ssb_07459,ekte
1824,80-89,2023,668,personer,ssb_07459,ekte
1824,90+,2023,144,personer,ssb_07459,ekte
1824,alle,2023,13342,personer,ssb_07459,ekte
1825,0-17,2023,256,personer,ssb_07459,ekte
1825,18-29,2023,177,personer,ssb_07459,ekte
1825,30-49,2023,311,personer,ssb_07459,ekte
1825,50-66,2023,360,personer,ssb_07459,ekte
1825,67-79,2023,228,personer,ssb_07459,ekte
1825,80-89,2023,100,personer,ssb_07459,ekte
1825,90+,2023,22,personer,ssb_07459,ekte
1825,alle,2023,1454,personer,ssb_07459,ekte
1826,0-17,2023,219,personer,ssb_07459,ekte
1826,18-29,2023,159,personer,ssb_07459,ekte
1826,30-49,2023,252,personer,ssb_07459,ekte
1826,50-66,2023,309,personer,ssb_07459,ekte
1826,67-79,2023,229,personer,ssb_07459,ekte
1826,80-89,2023,90,personer,ssb_07459,ekte
1826,90+,2023,20,personer,ssb_07459,ekte
1826,alle,2023,1278,personer,ssb_07459,ekte
1827,0-17,2023,247,personer,ssb_07459,ekte
1827,18-29,2023,168,personer,ssb_07459,ekte
1827,30-49,2023,270,personer,ssb_07459,ekte
1827,50-66,2023,377,personer,ssb_07459,ekte
1827,67-79,2023,244,personer,ssb_07459,ekte
1827,80-89,2023,72,personer,ssb_07459,ekte
1827,90+,2023,13,personer,ssb_07459,ekte
1827,alle,2023,1391,personer,ssb_07459,ekte
1828,0-17,2023,330,personer,ssb_07459,ekte
1828,18-29,2023,248,personer,ssb_07459,ekte
1828,30-49,2023,428,personer,ssb_07459,ekte
1828,50-66,2023,429,personer,ssb_07459,ekte
1828,67-79,2023,257,personer,ssb_07459,ekte
1828,80-89,2023,80,personer,ssb_07459,ekte
1828,90+,2023,11,personer,ssb_07459,ekte
1828,alle,2023,1783,personer,ssb_07459,ekte
1832,0-17,2023,845,personer,ssb_07459,ekte
1832,18-29,2023,578,personer,ssb_07459,ekte
1832,30-49,2023,1013,personer,ssb_07459,ekte
1832,50-66,2023,1029,personer,ssb_07459,ekte
1832,67-79,2023,681,personer,ssb_07459,ekte
1832,80-89,2023,251,personer,ssb_07459,ekte
1832,90+,2023,62,personer,ssb_07459,ekte
1832,alle,2023,4459,personer,ssb_07459,ekte
1833,0-17,2023,4934,personer,ssb_07459,ekte
1833,18-29,2023,3838,personer,ssb_07459,ekte
1833,30-49,2023,6229,personer,ssb_07459,ekte
1833,50-66,2023,6091,personer,ssb_07459,ekte
1833,67-79,2023,3454,personer,ssb_07459,ekte
1833,80-89,2023,1140,personer,ssb_07459,ekte
1833,90+,2023,294,personer,ssb_07459,ekte
1833,alle,2023,25980,personer,ssb_07459,ekte
1834,0-17,2023,330,personer,ssb_07459,ekte
1834,18-29,2023,218,personer,ssb_07459,ekte
1834,30-49,2023,429,personer,ssb_07459,ekte
1834,50-66,2023,435,personer,ssb_07459,ekte
1834,67-79,2023,295,personer,ssb_07459,ekte
1834,80-89,2023,121,personer,ssb_07459,ekte
1834,90+,2023,24,personer,ssb_07459,ekte
1834,alle,2023,1852,personer,ssb_07459,ekte
1835,0-17,2023,69,personer,ssb_07459,ekte
1835,18-29,2023,78,personer,ssb_07459,ekte
1835,30-49,2023,120,personer,ssb_07459,ekte
1835,50-66,2023,110,personer,ssb_07459,ekte
1835,67-79,2023,53,personer,ssb_07459,ekte
1835,80-89,2023,11,personer,ssb_07459,ekte
1835,90+,2023,3,personer,ssb_07459,ekte
1835,alle,2023,444,personer,ssb_07459,ekte
1836,0-17,2023,215,personer,ssb_07459,ekte
1836,18-29,2023,162,personer,ssb_07459,ekte
1836,30-49,2023,220,personer,ssb_07459,ekte
1836,50-66,2023,285,personer,ssb_07459,ekte
1836,67-79,2023,190,personer,ssb_07459,ekte
1836,80-89,2023,55,personer,ssb_07459,ekte
1836,90+,2023,12,personer,ssb_07459,ekte
1836,alle,2023,1139,personer,ssb_07459,ekte
1837,0-17,2023,1241,personer,ssb_07459,ekte
1837,18-29,2023,844,personer,ssb_07459,ekte
1837,30-49,2023,1372,personer,ssb_07459,ekte
1837,50-66,2023,1471,personer,ssb_07459,ekte
1837,67-79,2023,900,personer,ssb_07459,ekte
1837,80-89,2023,299,personer,ssb_07459,ekte
1837,90+,2023,85,personer,ssb_07459,ekte
1837,alle,2023,6212,personer,ssb_07459,ekte
1838,0-17,2023,318,personer,ssb_07459,ekte
1838,18-29,2023,191,personer,ssb_07459,ekte
1838,30-49,2023,426,personer,ssb_07459,ekte
1838,50-66,2023,491,personer,ssb_07459,ekte
1838,67-79,2023,374,personer,ssb_07459,ekte
1838,80-89,2023,107,personer,ssb_07459,ekte
1838,90+,2023,21,personer,ssb_07459,ekte
1838,alle,2023,1928,personer,ssb_07459,ekte
1839,0-17,2023,153,personer,ssb_07459,ekte
1839,18-29,2023,102,personer,ssb_07459,ekte
1839,30-49,2023,200,personer,ssb_07459,ekte
1839,50-66,2023,265,personer,ssb_07459,ekte
1839,67-79,2023,202,personer,ssb_07459,ekte
1839,80-89,2023,86,personer,ssb_07459,ekte
1839,90+,2023,19,personer,ssb_07459,ekte
1839,alle,2023,1027,personer,ssb_07459,ekte
1840,0-17,2023,908,personer,ssb_07459,ekte
1840,18-29,2023,513,personer,ssb_07459,ekte
1840,30-49,2023,1060,personer,ssb_07459,ekte
1840,50-66,2023,1097,personer,ssb_07459,ekte
1840,67-79,2023,787,personer,ssb_07459,ekte
1840,80-89,2023,237,personer,ssb_07459,ekte
1840,90+,2023,48,personer,ssb_07459,ekte
1840,alle,2023,4650,personer,ssb_07459,ekte
1841,0-17,2023,1684,personer,ssb_07459,ekte
1841,18-29,2023,1324,personer,ssb_07459,ekte
1841,30-49,2023,2255,personer,ssb_07459,ekte
1841,50-66,2023,2283,personer,ssb_07459,ekte
1841,67-79,2023,1455,personer,ssb_07459,ekte
1841,80-89,2023,483,personer,ssb_07459,ekte
1841,90+,2023,88,personer,ssb_07459,ekte
1841,alle,2023,9572,personer,ssb_07459,ekte
1845,0-17,2023,298,personer,ssb_07459,ekte
1845,18-29,2023,236,personer,ssb_07459,ekte
1845,30-49,2023,382,personer,ssb_07459,ekte
1845,50-66,2023,455,personer,ssb_07459,ekte
1845,67-79,2023,348,personer,ssb_07459,ekte
1845,80-89,2023,106,personer,ssb_07459,ekte
1845,90+,2023,20,personer,ssb_07459,ekte
1845,alle,2023,1845,personer,ssb_07459,ekte
1848,0-17,2023,490,personer,ssb_07459,ekte
1848,18-29,2023,319,personer,ssb_07459,ekte
1848,30-49,2023,607,personer,ssb_07459,ekte
1848,50-66,2023,622,personer,ssb_07459,ekte
1848,67-79,2023,466,personer,ssb_07459,ekte
1848,80-89,2023,134,personer,ssb_07459,ekte
1848,90+,2023,27,personer,ssb_07459,ekte
1848,alle,2023,2665,personer,ssb_07459,ekte
1851,0-17,2023,311,personer,ssb_07459,ekte
1851,18-29,2023,206,personer,ssb_07459,ekte
1851,30-49,2023,352,personer,ssb_07459,ekte
1851,50-66,2023,546,personer,ssb_07459,ekte
1851,67-79,2023,393,personer,ssb_07459,ekte
1851,80-89,2023,142,personer,ssb_07459,ekte
1851,90+,2023,35,personer,ssb_07459,ekte
1851,alle,2023,1985,personer,ssb_07459,ekte
1853,0-17,2023,190,personer,ssb_07459,ekte
1853,18-29,2023,174,personer,ssb_07459,ekte
1853,30-49,2023,268,personer,ssb_07459,ekte
1853,50-66,2023,306,personer,ssb_07459,ekte
1853,67-79,2023,282,personer,ssb_07459,ekte
1853,80-89,2023,69,personer,ssb_07459,ekte
1853,90+,2023,21,personer,ssb_07459,ekte
1853,alle,2023,1310,personer,ssb_07459,ekte
1856,0-17,2023,71,personer,ssb_07459,ekte
1856,18-29,2023,58,personer,ssb_07459,ekte
1856,30-49,2023,100,personer,ssb_07459,ekte
1856,50-66,2023,137,personer,ssb_07459,ekte
1856,67-79,2023,71,personer,ssb_07459,ekte
1856,80-89,2023,26,personer,ssb_07459,ekte
1856,90+,2023,6,personer,ssb_07459,ekte
1856,alle,2023,469,personer,ssb_07459,ekte
1857,0-17,2023,125,personer,ssb_07459,ekte
1857,18-29,2023,71,personer,ssb_07459,ekte
1857,30-49,2023,173,personer,ssb_07459,ekte
1857,50-66,2023,171,personer,ssb_07459,ekte
1857,67-79,2023,98,personer,ssb_07459,ekte
1857,80-89,2023,42,personer,ssb_07459,ekte
1857,90+,2023,8,personer,ssb_07459,ekte
1857,alle,2023,688,personer,ssb_07459,ekte
1859,0-17,2023,181,personer,ssb_07459,ekte
1859,18-29,2023,160,personer,ssb_07459,ekte
1859,30-49,2023,263,personer,ssb_07459,ekte
1859,50-66,2023,312,personer,ssb_07459,ekte
1859,67-79,2023,205,personer,ssb_07459,ekte
1859,80-89,2023,80,personer,ssb_07459,ekte
1859,90+,2023,19,personer,ssb_07459,ekte
1859,alle,2023,1220,personer,ssb_07459,ekte
1860,0-17,2023,2380,personer,ssb_07459,ekte
1860,18-29,2023,1745,personer,ssb_07459,ekte
1860,30-49,2023,2753,personer,ssb_07459,ekte
1860,50-66,2023,2555,personer,ssb_07459,ekte
1860,67-79,2023,1525,personer,ssb_07459,ekte
1860,80-89,2023,474,personer,ssb_07459,ekte
1860,90+,2023,119,personer,ssb_07459,ekte
1860,alle,2023,11551,personer,ssb_07459,ekte
1865,0-17,2023,1849,personer,ssb_07459,ekte
1865,18-29,2023,1376,personer,ssb_07459,ekte
1865,30-49,2023,2557,personer,ssb_07459,ekte
1865,50-66,2023,2109,personer,ssb_07459,ekte
1865,67-79,2023,1379,personer,ssb_07459,ekte
1865,80-89,2023,389,personer,ssb_07459,ekte
1865,90+,2023,77,personer,ssb_07459,ekte
1865,alle,2023,9736,personer,ssb_07459,ekte
1866,0-17,2023,1566,personer,ssb_07459,ekte
1866,18-29,2023,1101,personer,ssb_07459,ekte
1866,30-49,2023,1908,personer,ssb_07459,ekte
1866,50-66,2023,1864,personer,ssb_07459,ekte
1866,67-79,2023,1259,personer,ssb_07459,ekte
1866,80-89,2023,405,personer,ssb_07459,ekte
1866,90+,2023,81,personer,ssb_07459,ekte
1866,alle,2023,8184,personer,ssb_07459,ekte
1867,0-17,2023,390,personer,ssb_07459,ekte
1867,18-29,2023,311,personer,ssb_07459,ekte
1867,30-49,2023,479,personer,ssb_07459,ekte
1867,50-66,2023,697,personer,ssb_07459,ekte
1867,67-79,2023,450,personer,ssb_07459,ekte
1867,80-89,2023,208,personer,ssb_07459,ekte
1867,90+,2023,49,personer,ssb_07459,ekte
1867,alle,2023,2584,personer,ssb_07459,ekte
1868,0-17,2023,810,personer,ssb_07459,ekte
1868,18-29,2023,603,personer,ssb_07459,ekte
1868,30-49,2023,1107,personer,ssb_07459,ekte
1868,50-66,2023,1102,personer,ssb_07459,ekte
1868,67-79,2023,646,personer,ssb_07459,ekte
1868,80-89,2023,210,personer,ssb_07459,ekte
1868,90+,2023,55,personer,ssb_07459,ekte
1868,alle,2023,4533,personer,ssb_07459,ekte
1870,0-17,2023,2199,personer,ssb_07459,ekte
1870,18-29,2023,1563,personer,ssb_07459,ekte
1870,30-49,2023,2578,personer,ssb_07459,ekte
1870,50-66,2023,2328,personer,ssb_07459,ekte
1870,67-79,2023,1418,personer,ssb_07459,ekte
1870,80-89,2023,393,personer,ssb_07459,ekte
1870,90+,2023,82,personer,ssb_07459,ekte
1870,alle,2023,10561,personer,ssb_07459,ekte
1871,0-17,2023,768,personer,ssb_07459,ekte
1871,18-29,2023,632,personer,ssb_07459,ekte
1871,30-49,2023,945,personer,ssb_07459,ekte
1871,50-66,2023,1102,personer,ssb_07459,ekte
1871,67-79,2023,793,personer,ssb_07459,ekte
1871,80-89,2023,291,personer,ssb_07459,ekte
1871,90+,2023,46,personer,ssb_07459,ekte
1871,alle,2023,4577,personer,ssb_07459,ekte
1874,0-17,2023,110,personer,ssb_07459,ekte
1874,18-29,2023,114,personer,ssb_07459,ekte
1874,30-49,2023,270,personer,ssb_07459,ekte
1874,50-66,2023,247,personer,ssb_07459,ekte
1874,67-79,2023,147,personer,ssb_07459,ekte
1874,80-89,2023,73,personer,ssb_07459,ekte
1874,90+,2023,18,personer,ssb_07459,ekte
1874,alle,2023,979,personer,ssb_07459,ekte
1875,0-17,2023,442,personer,ssb_07459,ekte
1875,18-29,2023,305,personer,ssb_07459,ekte
1875,30-49,2023,615,personer,ssb_07459,ekte
1875,50-66,2023,655,personer,ssb_07459,ekte
1875,67-79,2023,470,personer,ssb_07459,ekte
1875,80-89,2023,158,personer,ssb_07459,ekte
1875,90+,2023,37,personer,ssb_07459,ekte
1875,alle,2023,2682,personer,ssb_07459,ekte
5501,alle,2023,0,personer,ssb_07459,ekte
5503,alle,2023,0,personer,ssb_07459,ekte
5510,alle,2023,0,personer,ssb_07459,ekte
5512,alle,2023,0,personer,ssb_07459,ekte
5514,alle,2023,0,personer,ssb_07459,ekte
5516,alle,2023,0,personer,ssb_07459,ekte
5518,alle,2023,0,personer,ssb_07459,ekte
5520,alle,2023,0,personer,ssb_07459,ekte
5522,alle,2023,0,personer,ssb_07459,ekte
5524,alle,2023,0,personer,ssb_07459,ekte
5526,alle,2023,0,personer,ssb_07459,ekte
5528,alle,2023,0,personer,ssb_07459,ekte
5530,alle,2023,0,personer,ssb_07459,ekte
5532,alle,2023,0,personer,ssb_07459,ekte
5534,alle,2023,0,personer,ssb_07459,ekte
5536,alle,2023,0,personer,ssb_07459,ekte
5538,alle,2023,0,personer,ssb_07459,ekte
5540,alle,2023,0,personer,ssb_07459,ekte
5542,alle,2023,0,personer,ssb_07459,ekte
5544,alle,2023,0,personer,ssb_07459,ekte
5546,alle,2023,0,personer,ssb_07459,ekte
5601,alle,2023,0,personer,ssb_07459,ekte
5603,alle,2023,0,personer,ssb_07459,ekte
5605,alle,2023,0,personer,ssb_07459,ekte
5607,alle,2023,0,personer,ssb_07459,ekte
5610,alle,2023,0,personer,ssb_07459,ekte
5612,alle,2023,0,personer,ssb_07459,ekte
5614,alle,2023,0,personer,ssb_07459,ekte
5616,alle,2023,0,personer,ssb_07459,ekte
5618,alle,2023,0,personer,ssb_07459,ekte
5620,alle,2023,0,personer,ssb_07459,ekte
5622,alle,2023,0,personer,ssb_07459,ekte
5624,alle,2023,0,personer,ssb_07459,ekte
5626,alle,2023,0,personer,ssb_07459,ekte
5628,alle,2023,0,personer,ssb_07459,ekte
5630,alle,2023,0,personer,ssb_07459,ekte
5632,alle,2023,0,personer,ssb_07459,ekte
5634,alle,2023,0,personer,ssb_07459,ekte
5636,alle,2023,0,personer,ssb_07459,ekte
3101,0-17,2024,6022,personer,ssb_07459,ekte
3101,18-29,2024,4413,personer,ssb_07459,ekte
3101,30-49,2024,7907,personer,ssb_07459,ekte
3101,50-66,2024,7372,personer,ssb_07459,ekte
3101,67-79,2024,4532,personer,ssb_07459,ekte
3101,80-89,2024,1355,personer,ssb_07459,ekte
3101,90+,2024,334,personer,ssb_07459,ekte
3101,alle,2024,31935,personer,ssb_07459,ekte
3103,0-17,2024,9898,personer,ssb_07459,ekte
3103,18-29,2024,6815,personer,ssb_07459,ekte
3103,30-49,2024,13364,personer,ssb_07459,ekte
3103,50-66,2024,12232,personer,ssb_07459,ekte
3103,67-79,2024,7036,personer,ssb_07459,ekte
3103,80-89,2024,2280,personer,ssb_07459,ekte
3103,90+,2024,426,personer,ssb_07459,ekte
3103,alle,2024,52051,personer,ssb_07459,ekte
3105,0-17,2024,12234,personer,ssb_07459,ekte
3105,18-29,2024,8382,personer,ssb_07459,ekte
3105,30-49,2024,15634,personer,ssb_07459,ekte
3105,50-66,2024,13254,personer,ssb_07459,ekte
3105,67-79,2024,7412,personer,ssb_07459,ekte
3105,80-89,2024,2394,personer,ssb_07459,ekte
3105,90+,2024,461,personer,ssb_07459,ekte
3105,alle,2024,59771,personer,ssb_07459,ekte
3107,0-17,2024,16388,personer,ssb_07459,ekte
3107,18-29,2024,11911,personer,ssb_07459,ekte
3107,30-49,2024,21502,personer,ssb_07459,ekte
3107,50-66,2024,19985,personer,ssb_07459,ekte
3107,67-79,2024,11298,personer,ssb_07459,ekte
3107,80-89,2024,3477,personer,ssb_07459,ekte
3107,90+,2024,669,personer,ssb_07459,ekte
3107,alle,2024,85230,personer,ssb_07459,ekte
3110,0-17,2024,720,personer,ssb_07459,ekte
3110,18-29,2024,430,personer,ssb_07459,ekte
3110,30-49,2024,896,personer,ssb_07459,ekte
3110,50-66,2024,1419,personer,ssb_07459,ekte
3110,67-79,2024,1074,personer,ssb_07459,ekte
3110,80-89,2024,211,personer,ssb_07459,ekte
3110,90+,2024,37,personer,ssb_07459,ekte
3110,alle,2024,4787,personer,ssb_07459,ekte
3112,0-17,2024,1556,personer,ssb_07459,ekte
3112,18-29,2024,991,personer,ssb_07459,ekte
3112,30-49,2024,1997,personer,ssb_07459,ekte
3112,50-66,2024,1809,personer,ssb_07459,ekte
3112,67-79,2024,1097,personer,ssb_07459,ekte
3112,80-89,2024,350,personer,ssb_07459,ekte
3112,90+,2024,83,personer,ssb_07459,ekte
3112,alle,2024,7883,personer,ssb_07459,ekte
3114,0-17,2024,1485,personer,ssb_07459,ekte
3114,18-29,2024,671,personer,ssb_07459,ekte
3114,30-49,2024,1854,personer,ssb_07459,ekte
3114,50-66,2024,1289,personer,ssb_07459,ekte
3114,67-79,2024,643,personer,ssb_07459,ekte
3114,80-89,2024,183,personer,ssb_07459,ekte
3114,90+,2024,20,personer,ssb_07459,ekte
3114,alle,2024,6145,personer,ssb_07459,ekte
3116,0-17,2024,827,personer,ssb_07459,ekte
3116,18-29,2024,493,personer,ssb_07459,ekte
3116,30-49,2024,1039,personer,ssb_07459,ekte
3116,50-66,2024,866,personer,ssb_07459,ekte
3116,67-79,2024,526,personer,ssb_07459,ekte
3116,80-89,2024,133,personer,ssb_07459,ekte
3116,90+,2024,35,personer,ssb_07459,ekte
3116,alle,2024,3919,personer,ssb_07459,ekte
3118,0-17,2024,9434,personer,ssb_07459,ekte
3118,18-29,2024,6057,personer,ssb_07459,ekte
3118,30-49,2024,12378,personer,ssb_07459,ekte
3118,50-66,2024,10918,personer,ssb_07459,ekte
3118,67-79,2024,6022,personer,ssb_07459,ekte
3118,80-89,2024,1791,personer,ssb_07459,ekte
3118,90+,2024,406,personer,ssb_07459,ekte
3118,alle,2024,47006,personer,ssb_07459,ekte
3120,0-17,2024,1594,personer,ssb_07459,ekte
3120,18-29,2024,1111,personer,ssb_07459,ekte
3120,30-49,2024,2122,personer,ssb_07459,ekte
3120,50-66,2024,1974,personer,ssb_07459,ekte
3120,67-79,2024,1196,personer,ssb_07459,ekte
3120,80-89,2024,344,personer,ssb_07459,ekte
3120,90+,2024,79,personer,ssb_07459,ekte
3120,alle,2024,8420,personer,ssb_07459,ekte
3122,0-17,2024,637,personer,ssb_07459,ekte
3122,18-29,2024,427,personer,ssb_07459,ekte
3122,30-49,2024,806,personer,ssb_07459,ekte
3122,50-66,2024,919,personer,ssb_07459,ekte
3122,67-79,2024,594,personer,ssb_07459,ekte
3122,80-89,2024,224,personer,ssb_07459,ekte
3122,90+,2024,51,personer,ssb_07459,ekte
3122,alle,2024,3658,personer,ssb_07459,ekte
3124,0-17,2024,224,personer,ssb_07459,ekte
3124,18-29,2024,170,personer,ssb_07459,ekte
3124,30-49,2024,272,personer,ssb_07459,ekte
3124,50-66,2024,371,personer,ssb_07459,ekte
3124,67-79,2024,221,personer,ssb_07459,ekte
3124,80-89,2024,75,personer,ssb_07459,ekte
3124,90+,2024,14,personer,ssb_07459,ekte
3124,alle,2024,1347,personer,ssb_07459,ekte
3201,0-17,2024,29348,personer,ssb_07459,ekte
3201,18-29,2024,16025,personer,ssb_07459,ekte
3201,30-49,2024,35595,personer,ssb_07459,ekte
3201,50-66,2024,29074,personer,ssb_07459,ekte
3201,67-79,2024,14471,personer,ssb_07459,ekte
3201,80-89,2024,5042,personer,ssb_07459,ekte
3201,90+,2024,1366,personer,ssb_07459,ekte
3201,alle,2024,130921,personer,ssb_07459,ekte
3203,0-17,2024,21959,personer,ssb_07459,ekte
3203,18-29,2024,11921,personer,ssb_07459,ekte
3203,30-49,2024,26554,personer,ssb_07459,ekte
3203,50-66,2024,22753,personer,ssb_07459,ekte
3203,67-79,2024,11113,personer,ssb_07459,ekte
3203,80-89,2024,3771,personer,ssb_07459,ekte
3203,90+,2024,744,personer,ssb_07459,ekte
3203,alle,2024,98815,personer,ssb_07459,ekte
3205,0-17,2024,19945,personer,ssb_07459,ekte
3205,18-29,2024,13969,personer,ssb_07459,ekte
3205,30-49,2024,27154,personer,ssb_07459,ekte
3205,50-66,2024,20308,personer,ssb_07459,ekte
3205,67-79,2024,9013,personer,ssb_07459,ekte
3205,80-89,2024,3205,personer,ssb_07459,ekte
3205,90+,2024,607,personer,ssb_07459,ekte
3205,alle,2024,94201,personer,ssb_07459,ekte
3207,0-17,2024,14405,personer,ssb_07459,ekte
3207,18-29,2024,8201,personer,ssb_07459,ekte
3207,30-49,2024,17308,personer,ssb_07459,ekte
3207,50-66,2024,13772,personer,ssb_07459,ekte
3207,67-79,2024,6937,personer,ssb_07459,ekte
3207,80-89,2024,2449,personer,ssb_07459,ekte
3207,90+,2024,488,personer,ssb_07459,ekte
3207,alle,2024,63560,personer,ssb_07459,ekte
3209,0-17,2024,9962,personer,ssb_07459,ekte
3209,18-29,2024,6483,personer,ssb_07459,ekte
3209,30-49,2024,13359,personer,ssb_07459,ekte
3209,50-66,2024,8851,personer,ssb_07459,ekte
3209,67-79,2024,3771,personer,ssb_07459,ekte
3209,80-89,2024,1196,personer,ssb_07459,ekte
3209,90+,2024,192,personer,ssb_07459,ekte
3209,alle,2024,43814,personer,ssb_07459,ekte
3212,0-17,2024,4691,personer,ssb_07459,ekte
3212,18-29,2024,2214,personer,ssb_07459,ekte
3212,30-49,2024,5488,personer,ssb_07459,ekte
3212,50-66,2024,4803,personer,ssb_07459,ekte
3212,67-79,2024,2485,personer,ssb_07459,ekte
3212,80-89,2024,695,personer,ssb_07459,ekte
3212,90+,2024,145,personer,ssb_07459,ekte
3212,alle,2024,20521,personer,ssb_07459,ekte
3214,0-17,2024,3041,personer,ssb_07459,ekte
3214,18-29,2024,1931,personer,ssb_07459,ekte
3214,30-49,2024,3647,personer,ssb_07459,ekte
3214,50-66,2024,4423,personer,ssb_07459,ekte
3214,67-79,2024,2294,personer,ssb_07459,ekte
3214,80-89,2024,771,personer,ssb_07459,ekte
3214,90+,2024,137,personer,ssb_07459,ekte
3214,alle,2024,16244,personer,ssb_07459,ekte
3216,0-17,2024,4462,personer,ssb_07459,ekte
3216,18-29,2024,2251,personer,ssb_07459,ekte
3216,30-49,2024,5334,personer,ssb_07459,ekte
3216,50-66,2024,4315,personer,ssb_07459,ekte
3216,67-79,2024,2384,personer,ssb_07459,ekte
3216,80-89,2024,659,personer,ssb_07459,ekte
3216,90+,2024,88,personer,ssb_07459,ekte
3216,alle,2024,19493,personer,ssb_07459,ekte
3218,0-17,2024,4567,personer,ssb_07459,ekte
3218,18-29,2024,4186,personer,ssb_07459,ekte
3218,30-49,2024,6137,personer,ssb_07459,ekte
3218,50-66,2024,4265,personer,ssb_07459,ekte
3218,67-79,2024,1977,personer,ssb_07459,ekte
3218,80-89,2024,715,personer,ssb_07459,ekte
3218,90+,2024,158,personer,ssb_07459,ekte
3218,alle,2024,22005,personer,ssb_07459,ekte
3220,0-17,2024,2535,personer,ssb_07459,ekte
3220,18-29,2024,1400,personer,ssb_07459,ekte
3220,30-49,2024,3284,personer,ssb_07459,ekte
3220,50-66,2024,2649,personer,ssb_07459,ekte
3220,67-79,2024,1237,personer,ssb_07459,ekte
3220,80-89,2024,324,personer,ssb_07459,ekte
3220,90+,2024,53,personer,ssb_07459,ekte
3220,alle,2024,11482,personer,ssb_07459,ekte
3222,0-17,2024,10188,personer,ssb_07459,ekte
3222,18-29,2024,7467,personer,ssb_07459,ekte
3222,30-49,2024,14153,personer,ssb_07459,ekte
3222,50-66,2024,9787,personer,ssb_07459,ekte
3222,67-79,2024,4912,personer,ssb_07459,ekte
3222,80-89,2024,1426,personer,ssb_07459,ekte
3222,90+,2024,255,personer,ssb_07459,ekte
3222,alle,2024,48188,personer,ssb_07459,ekte
3224,0-17,2024,4631,personer,ssb_07459,ekte
3224,18-29,2024,2733,personer,ssb_07459,ekte
3224,30-49,2024,6206,personer,ssb_07459,ekte
3224,50-66,2024,4047,personer,ssb_07459,ekte
3224,67-79,2024,1832,personer,ssb_07459,ekte
3224,80-89,2024,573,personer,ssb_07459,ekte
3224,90+,2024,77,personer,ssb_07459,ekte
3224,alle,2024,20099,personer,ssb_07459,ekte
3226,0-17,2024,3592,personer,ssb_07459,ekte
3226,18-29,2024,2141,personer,ssb_07459,ekte
3226,30-49,2024,4697,personer,ssb_07459,ekte
3226,50-66,2024,4332,personer,ssb_07459,ekte
3226,67-79,2024,2387,personer,ssb_07459,ekte
3226,80-89,2024,755,personer,ssb_07459,ekte
3226,90+,2024,154,personer,ssb_07459,ekte
3226,alle,2024,18058,personer,ssb_07459,ekte
3228,0-17,2024,5176,personer,ssb_07459,ekte
3228,18-29,2024,3080,personer,ssb_07459,ekte
3228,30-49,2024,6920,personer,ssb_07459,ekte
3228,50-66,2024,5616,personer,ssb_07459,ekte
3228,67-79,2024,2975,personer,ssb_07459,ekte
3228,80-89,2024,732,personer,ssb_07459,ekte
3228,90+,2024,146,personer,ssb_07459,ekte
3228,alle,2024,24645,personer,ssb_07459,ekte
3230,0-17,2024,1552,personer,ssb_07459,ekte
3230,18-29,2024,917,personer,ssb_07459,ekte
3230,30-49,2024,1997,personer,ssb_07459,ekte
3230,50-66,2024,1831,personer,ssb_07459,ekte
3230,67-79,2024,810,personer,ssb_07459,ekte
3230,80-89,2024,249,personer,ssb_07459,ekte
3230,90+,2024,42,personer,ssb_07459,ekte
3230,alle,2024,7398,personer,ssb_07459,ekte
3232,0-17,2024,6035,personer,ssb_07459,ekte
3232,18-29,2024,3242,personer,ssb_07459,ekte
3232,30-49,2024,7294,personer,ssb_07459,ekte
3232,50-66,2024,5898,personer,ssb_07459,ekte
3232,67-79,2024,2448,personer,ssb_07459,ekte
3232,80-89,2024,829,personer,ssb_07459,ekte
3232,90+,2024,136,personer,ssb_07459,ekte
3232,alle,2024,25882,personer,ssb_07459,ekte
3234,0-17,2024,1878,personer,ssb_07459,ekte
3234,18-29,2024,1095,personer,ssb_07459,ekte
3234,30-49,2024,2415,personer,ssb_07459,ekte
3234,50-66,2024,2286,personer,ssb_07459,ekte
3234,67-79,2024,1274,personer,ssb_07459,ekte
3234,80-89,2024,341,personer,ssb_07459,ekte
3234,90+,2024,68,personer,ssb_07459,ekte
3234,alle,2024,9357,personer,ssb_07459,ekte
3236,0-17,2024,1364,personer,ssb_07459,ekte
3236,18-29,2024,871,personer,ssb_07459,ekte
3236,30-49,2024,1767,personer,ssb_07459,ekte
3236,50-66,2024,1684,personer,ssb_07459,ekte
3236,67-79,2024,989,personer,ssb_07459,ekte
3236,80-89,2024,295,personer,ssb_07459,ekte
3236,90+,2024,67,personer,ssb_07459,ekte
3236,alle,2024,7037,personer,ssb_07459,ekte
3238,0-17,2024,3585,personer,ssb_07459,ekte
3238,18-29,2024,2307,personer,ssb_07459,ekte
3238,30-49,2024,4960,personer,ssb_07459,ekte
3238,50-66,2024,3325,personer,ssb_07459,ekte
3238,67-79,2024,1477,personer,ssb_07459,ekte
3238,80-89,2024,392,personer,ssb_07459,ekte
3238,90+,2024,80,personer,ssb_07459,ekte
3238,alle,2024,16126,personer,ssb_07459,ekte
3240,0-17,2024,6076,personer,ssb_07459,ekte
3240,18-29,2024,3627,personer,ssb_07459,ekte
3240,30-49,2024,8214,personer,ssb_07459,ekte
3240,50-66,2024,5866,personer,ssb_07459,ekte
3240,67-79,2024,3128,personer,ssb_07459,ekte
3240,80-89,2024,872,personer,ssb_07459,ekte
3240,90+,2024,133,personer,ssb_07459,ekte
3240,alle,2024,27916,personer,ssb_07459,ekte
3242,0-17,2024,591,personer,ssb_07459,ekte
3242,18-29,2024,368,personer,ssb_07459,ekte
3242,30-49,2024,770,personer,ssb_07459,ekte
3242,50-66,2024,709,personer,ssb_07459,ekte
3242,67-79,2024,439,personer,ssb_07459,ekte
3242,80-89,2024,129,personer,ssb_07459,ekte
3242,90+,2024,35,personer,ssb_07459,ekte
3242,alle,2024,3041,personer,ssb_07459,ekte
0301,0-17,2024,131972,personer,ssb_07459,ekte
0301,18-29,2024,136806,personer,ssb_07459,ekte
0301,30-49,2024,237874,personer,ssb_07459,ekte
0301,50-66,2024,128220,personer,ssb_07459,ekte
0301,67-79,2024,59801,personer,ssb_07459,ekte
0301,80-89,2024,18344,personer,ssb_07459,ekte
0301,90+,2024,4693,personer,ssb_07459,ekte
0301,alle,2024,717710,personer,ssb_07459,ekte
3301,0-17,2024,20682,personer,ssb_07459,ekte
3301,18-29,2024,15114,personer,ssb_07459,ekte
3301,30-49,2024,29187,personer,ssb_07459,ekte
3301,50-66,2024,22421,personer,ssb_07459,ekte
3301,67-79,2024,12238,personer,ssb_07459,ekte
3301,80-89,2024,4051,personer,ssb_07459,ekte
3301,90+,2024,794,personer,ssb_07459,ekte
3301,alle,2024,104487,personer,ssb_07459,ekte
3303,0-17,2024,5698,personer,ssb_07459,ekte
3303,18-29,2024,3992,personer,ssb_07459,ekte
3303,30-49,2024,7604,personer,ssb_07459,ekte
3303,50-66,2024,6286,personer,ssb_07459,ekte
3303,67-79,2024,3820,personer,ssb_07459,ekte
3303,80-89,2024,1206,personer,ssb_07459,ekte
3303,90+,2024,242,personer,ssb_07459,ekte
3303,alle,2024,28848,personer,ssb_07459,ekte
3305,0-17,2024,5731,personer,ssb_07459,ekte
3305,18-29,2024,4236,personer,ssb_07459,ekte
3305,30-49,2024,8122,personer,ssb_07459,ekte
3305,50-66,2024,7331,personer,ssb_07459,ekte
3305,67-79,2024,4470,personer,ssb_07459,ekte
3305,80-89,2024,1422,personer,ssb_07459,ekte
3305,90+,2024,269,personer,ssb_07459,ekte
3305,alle,2024,31581,personer,ssb_07459,ekte
3310,0-17,2024,1529,personer,ssb_07459,ekte
3310,18-29,2024,712,personer,ssb_07459,ekte
3310,30-49,2024,1890,personer,ssb_07459,ekte
3310,50-66,2024,1649,personer,ssb_07459,ekte
3310,67-79,2024,911,personer,ssb_07459,ekte
3310,80-89,2024,234,personer,ssb_07459,ekte
3310,90+,2024,64,personer,ssb_07459,ekte
3310,alle,2024,6989,personer,ssb_07459,ekte
3312,0-17,2024,6207,personer,ssb_07459,ekte
3312,18-29,2024,3431,personer,ssb_07459,ekte
3312,30-49,2024,8064,personer,ssb_07459,ekte
3312,50-66,2024,6440,personer,ssb_07459,ekte
3312,67-79,2024,3175,personer,ssb_07459,ekte
3312,80-89,2024,972,personer,ssb_07459,ekte
3312,90+,2024,181,personer,ssb_07459,ekte
3312,alle,2024,28470,personer,ssb_07459,ekte
3314,0-17,2024,4215,personer,ssb_07459,ekte
3314,18-29,2024,2801,personer,ssb_07459,ekte
3314,30-49,2024,5704,personer,ssb_07459,ekte
3314,50-66,2024,4558,personer,ssb_07459,ekte
3314,67-79,2024,2572,personer,ssb_07459,ekte
3314,80-89,2024,743,personer,ssb_07459,ekte
3314,90+,2024,186,personer,ssb_07459,ekte
3314,alle,2024,20779,personer,ssb_07459,ekte
3316,0-17,2024,2779,personer,ssb_07459,ekte
3316,18-29,2024,1853,personer,ssb_07459,ekte
3316,30-49,2024,3768,personer,ssb_07459,ekte
3316,50-66,2024,3359,personer,ssb_07459,ekte
3316,67-79,2024,2143,personer,ssb_07459,ekte
3316,80-89,2024,629,personer,ssb_07459,ekte
3316,90+,2024,134,personer,ssb_07459,ekte
3316,alle,2024,14665,personer,ssb_07459,ekte
3318,0-17,2024,441,personer,ssb_07459,ekte
3318,18-29,2024,213,personer,ssb_07459,ekte
3318,30-49,2024,597,personer,ssb_07459,ekte
3318,50-66,2024,536,personer,ssb_07459,ekte
3318,67-79,2024,348,personer,ssb_07459,ekte
3318,80-89,2024,83,personer,ssb_07459,ekte
3318,90+,2024,23,personer,ssb_07459,ekte
3318,alle,2024,2241,personer,ssb_07459,ekte
3320,0-17,2024,192,personer,ssb_07459,ekte
3320,18-29,2024,165,personer,ssb_07459,ekte
3320,30-49,2024,257,personer,ssb_07459,ekte
3320,50-66,2024,269,personer,ssb_07459,ekte
3320,67-79,2024,152,personer,ssb_07459,ekte
3320,80-89,2024,68,personer,ssb_07459,ekte
3320,90+,2024,12,personer,ssb_07459,ekte
3320,alle,2024,1115,personer,ssb_07459,ekte
3322,0-17,2024,528,personer,ssb_07459,ekte
3322,18-29,2024,396,personer,ssb_07459,ekte
3322,30-49,2024,735,personer,ssb_07459,ekte
3322,50-66,2024,832,personer,ssb_07459,ekte
3322,67-79,2024,595,personer,ssb_07459,ekte
3322,80-89,2024,162,personer,ssb_07459,ekte
3322,90+,2024,53,personer,ssb_07459,ekte
3322,alle,2024,3301,personer,ssb_07459,ekte
3324,0-17,2024,893,personer,ssb_07459,ekte
3324,18-29,2024,706,personer,ssb_07459,ekte
3324,30-49,2024,1211,personer,ssb_07459,ekte
3324,50-66,2024,1182,personer,ssb_07459,ekte
3324,67-79,2024,664,personer,ssb_07459,ekte
3324,80-89,2024,268,personer,ssb_07459,ekte
3324,90+,2024,62,personer,ssb_07459,ekte
3324,alle,2024,4986,personer,ssb_07459,ekte
3326,0-17,2024,520,personer,ssb_07459,ekte
3326,18-29,2024,327,personer,ssb_07459,ekte
3326,30-49,2024,836,personer,ssb_07459,ekte
3326,50-66,2024,600,personer,ssb_07459,ekte
3326,67-79,2024,272,personer,ssb_07459,ekte
3326,80-89,2024,89,personer,ssb_07459,ekte
3326,90+,2024,22,personer,ssb_07459,ekte
3326,alle,2024,2666,personer,ssb_07459,ekte
3328,0-17,2024,954,personer,ssb_07459,ekte
3328,18-29,2024,702,personer,ssb_07459,ekte
3328,30-49,2024,1152,personer,ssb_07459,ekte
3328,50-66,2024,1146,personer,ssb_07459,ekte
3328,67-79,2024,742,personer,ssb_07459,ekte
3328,80-89,2024,234,personer,ssb_07459,ekte
3328,90+,2024,77,personer,ssb_07459,ekte
3328,alle,2024,5007,personer,ssb_07459,ekte
3330,0-17,2024,742,personer,ssb_07459,ekte
3330,18-29,2024,539,personer,ssb_07459,ekte
3330,30-49,2024,1165,personer,ssb_07459,ekte
3330,50-66,2024,1068,personer,ssb_07459,ekte
3330,67-79,2024,727,personer,ssb_07459,ekte
3330,80-89,2024,213,personer,ssb_07459,ekte
3330,90+,2024,42,personer,ssb_07459,ekte
3330,alle,2024,4496,personer,ssb_07459,ekte
3332,0-17,2024,600,personer,ssb_07459,ekte
3332,18-29,2024,417,personer,ssb_07459,ekte
3332,30-49,2024,776,personer,ssb_07459,ekte
3332,50-66,2024,905,personer,ssb_07459,ekte
3332,67-79,2024,591,personer,ssb_07459,ekte
3332,80-89,2024,191,personer,ssb_07459,ekte
3332,90+,2024,46,personer,ssb_07459,ekte
3332,alle,2024,3526,personer,ssb_07459,ekte
3334,0-17,2024,554,personer,ssb_07459,ekte
3334,18-29,2024,332,personer,ssb_07459,ekte
3334,30-49,2024,662,personer,ssb_07459,ekte
3334,50-66,2024,666,personer,ssb_07459,ekte
3334,67-79,2024,411,personer,ssb_07459,ekte
3334,80-89,2024,120,personer,ssb_07459,ekte
3334,90+,2024,36,personer,ssb_07459,ekte
3334,alle,2024,2781,personer,ssb_07459,ekte
3336,0-17,2024,232,personer,ssb_07459,ekte
3336,18-29,2024,160,personer,ssb_07459,ekte
3336,30-49,2024,301,personer,ssb_07459,ekte
3336,50-66,2024,337,personer,ssb_07459,ekte
3336,67-79,2024,245,personer,ssb_07459,ekte
3336,80-89,2024,89,personer,ssb_07459,ekte
3336,90+,2024,31,personer,ssb_07459,ekte
3336,alle,2024,1395,personer,ssb_07459,ekte
3338,0-17,2024,406,personer,ssb_07459,ekte
3338,18-29,2024,334,personer,ssb_07459,ekte
3338,30-49,2024,510,personer,ssb_07459,ekte
3338,50-66,2024,658,personer,ssb_07459,ekte
3338,67-79,2024,412,personer,ssb_07459,ekte
3338,80-89,2024,128,personer,ssb_07459,ekte
3338,90+,2024,38,personer,ssb_07459,ekte
3338,alle,2024,2486,personer,ssb_07459,ekte
3401,0-17,2024,3199,personer,ssb_07459,ekte
3401,18-29,2024,2221,personer,ssb_07459,ekte
3401,30-49,2024,4175,personer,ssb_07459,ekte
3401,50-66,2024,4386,personer,ssb_07459,ekte
3401,67-79,2024,2984,personer,ssb_07459,ekte
3401,80-89,2024,921,personer,ssb_07459,ekte
3401,90+,2024,172,personer,ssb_07459,ekte
3401,alle,2024,18058,personer,ssb_07459,ekte
3403,0-17,2024,6100,personer,ssb_07459,ekte
3403,18-29,2024,4620,personer,ssb_07459,ekte
3403,30-49,2024,8307,personer,ssb_07459,ekte
3403,50-66,2024,7078,personer,ssb_07459,ekte
3403,67-79,2024,4812,personer,ssb_07459,ekte
3403,80-89,2024,1559,personer,ssb_07459,ekte
3403,90+,2024,403,personer,ssb_07459,ekte
3403,alle,2024,32879,personer,ssb_07459,ekte
3405,0-17,2024,5310,personer,ssb_07459,ekte
3405,18-29,2024,4641,personer,ssb_07459,ekte
3405,30-49,2024,6936,personer,ssb_07459,ekte
3405,50-66,2024,6267,personer,ssb_07459,ekte
3405,67-79,2024,3918,personer,ssb_07459,ekte
3405,80-89,2024,1365,personer,ssb_07459,ekte
3405,90+,2024,331,personer,ssb_07459,ekte
3405,alle,2024,28768,personer,ssb_07459,ekte
3407,0-17,2024,5641,personer,ssb_07459,ekte
3407,18-29,2024,4908,personer,ssb_07459,ekte
3407,30-49,2024,7696,personer,ssb_07459,ekte
3407,50-66,2024,6817,personer,ssb_07459,ekte
3407,67-79,2024,4138,personer,ssb_07459,ekte
3407,80-89,2024,1429,personer,ssb_07459,ekte
3407,90+,2024,274,personer,ssb_07459,ekte
3407,alle,2024,30903,personer,ssb_07459,ekte
3411,0-17,2024,6808,personer,ssb_07459,ekte
3411,18-29,2024,4702,personer,ssb_07459,ekte
3411,30-49,2024,9000,personer,ssb_07459,ekte
3411,50-66,2024,8516,personer,ssb_07459,ekte
3411,67-79,2024,4764,personer,ssb_07459,ekte
3411,80-89,2024,1538,personer,ssb_07459,ekte
3411,90+,2024,284,personer,ssb_07459,ekte
3411,alle,2024,35612,personer,ssb_07459,ekte
3412,0-17,2024,1590,personer,ssb_07459,ekte
3412,18-29,2024,957,personer,ssb_07459,ekte
3412,30-49,2024,2019,personer,ssb_07459,ekte
3412,50-66,2024,1799,personer,ssb_07459,ekte
3412,67-79,2024,1150,personer,ssb_07459,ekte
3412,80-89,2024,352,personer,ssb_07459,ekte
3412,90+,2024,62,personer,ssb_07459,ekte
3412,alle,2024,7929,personer,ssb_07459,ekte
3413,0-17,2024,4368,personer,ssb_07459,ekte
3413,18-29,2024,2708,personer,ssb_07459,ekte
3413,30-49,2024,5499,personer,ssb_07459,ekte
3413,50-66,2024,4916,personer,ssb_07459,ekte
3413,67-79,2024,2992,personer,ssb_07459,ekte
3413,80-89,2024,919,personer,ssb_07459,ekte
3413,90+,2024,203,personer,ssb_07459,ekte
3413,alle,2024,21605,personer,ssb_07459,ekte
3414,0-17,2024,763,personer,ssb_07459,ekte
3414,18-29,2024,604,personer,ssb_07459,ekte
3414,30-49,2024,1056,personer,ssb_07459,ekte
3414,50-66,2024,1349,personer,ssb_07459,ekte
3414,67-79,2024,897,personer,ssb_07459,ekte
3414,80-89,2024,262,personer,ssb_07459,ekte
3414,90+,2024,61,personer,ssb_07459,ekte
3414,alle,2024,4992,personer,ssb_07459,ekte
3415,0-17,2024,1410,personer,ssb_07459,ekte
3415,18-29,2024,957,personer,ssb_07459,ekte
3415,30-49,2024,2001,personer,ssb_07459,ekte
3415,50-66,2024,2106,personer,ssb_07459,ekte
3415,67-79,2024,1238,personer,ssb_07459,ekte
3415,80-89,2024,321,personer,ssb_07459,ekte
3415,90+,2024,79,personer,ssb_07459,ekte
3415,alle,2024,8112,personer,ssb_07459,ekte
3416,0-17,2024,895,personer,ssb_07459,ekte
3416,18-29,2024,675,personer,ssb_07459,ekte
3416,30-49,2024,1243,personer,ssb_07459,ekte
3416,50-66,2024,1735,personer,ssb_07459,ekte
3416,67-79,2024,1076,personer,ssb_07459,ekte
3416,80-89,2024,333,personer,ssb_07459,ekte
3416,90+,2024,83,personer,ssb_07459,ekte
3416,alle,2024,6040,personer,ssb_07459,ekte
3417,0-17,2024,614,personer,ssb_07459,ekte
3417,18-29,2024,519,personer,ssb_07459,ekte
3417,30-49,2024,918,personer,ssb_07459,ekte
3417,50-66,2024,1229,personer,ssb_07459,ekte
3417,67-79,2024,899,personer,ssb_07459,ekte
3417,80-89,2024,286,personer,ssb_07459,ekte
3417,90+,2024,67,personer,ssb_07459,ekte
3417,alle,2024,4532,personer,ssb_07459,ekte
3418,0-17,2024,1140,personer,ssb_07459,ekte
3418,18-29,2024,891,personer,ssb_07459,ekte
3418,30-49,2024,1564,personer,ssb_07459,ekte
3418,50-66,2024,1929,personer,ssb_07459,ekte
3418,67-79,2024,1304,personer,ssb_07459,ekte
3418,80-89,2024,436,personer,ssb_07459,ekte
3418,90+,2024,75,personer,ssb_07459,ekte
3418,alle,2024,7339,personer,ssb_07459,ekte
3419,0-17,2024,555,personer,ssb_07459,ekte
3419,18-29,2024,411,personer,ssb_07459,ekte
3419,30-49,2024,709,personer,ssb_07459,ekte
3419,50-66,2024,1006,personer,ssb_07459,ekte
3419,67-79,2024,686,personer,ssb_07459,ekte
3419,80-89,2024,209,personer,ssb_07459,ekte
3419,90+,2024,39,personer,ssb_07459,ekte
3419,alle,2024,3615,personer,ssb_07459,ekte
3420,0-17,2024,4167,personer,ssb_07459,ekte
3420,18-29,2024,3195,personer,ssb_07459,ekte
3420,30-49,2024,5404,personer,ssb_07459,ekte
3420,50-66,2024,4796,personer,ssb_07459,ekte
3420,67-79,2024,3061,personer,ssb_07459,ekte
3420,80-89,2024,948,personer,ssb_07459,ekte
3420,90+,2024,190,personer,ssb_07459,ekte
3420,alle,2024,21761,personer,ssb_07459,ekte
3421,0-17,2024,1082,personer,ssb_07459,ekte
3421,18-29,2024,761,personer,ssb_07459,ekte
3421,30-49,2024,1500,personer,ssb_07459,ekte
3421,50-66,2024,1672,personer,ssb_07459,ekte
3421,67-79,2024,1106,personer,ssb_07459,ekte
3421,80-89,2024,376,personer,ssb_07459,ekte
3421,90+,2024,69,personer,ssb_07459,ekte
3421,alle,2024,6566,personer,ssb_07459,ekte
3422,0-17,2024,725,personer,ssb_07459,ekte
3422,18-29,2024,738,personer,ssb_07459,ekte
3422,30-49,2024,938,personer,ssb_07459,ekte
3422,50-66,2024,996,personer,ssb_07459,ekte
3422,67-79,2024,639,personer,ssb_07459,ekte
3422,80-89,2024,204,personer,ssb_07459,ekte
3422,90+,2024,49,personer,ssb_07459,ekte
3422,alle,2024,4289,personer,ssb_07459,ekte
3423,0-17,2024,296,personer,ssb_07459,ekte
3423,18-29,2024,252,personer,ssb_07459,ekte
3423,30-49,2024,465,personer,ssb_07459,ekte
3423,50-66,2024,636,personer,ssb_07459,ekte
3423,67-79,2024,431,personer,ssb_07459,ekte
3423,80-89,2024,171,personer,ssb_07459,ekte
3423,90+,2024,25,personer,ssb_07459,ekte
3423,alle,2024,2276,personer,ssb_07459,ekte
3424,0-17,2024,267,personer,ssb_07459,ekte
3424,18-29,2024,197,personer,ssb_07459,ekte
3424,30-49,2024,331,personer,ssb_07459,ekte
3424,50-66,2024,518,personer,ssb_07459,ekte
3424,67-79,2024,378,personer,ssb_07459,ekte
3424,80-89,2024,116,personer,ssb_07459,ekte
3424,90+,2024,30,personer,ssb_07459,ekte
3424,alle,2024,1837,personer,ssb_07459,ekte
3425,0-17,2024,193,personer,ssb_07459,ekte
3425,18-29,2024,159,personer,ssb_07459,ekte
3425,30-49,2024,252,personer,ssb_07459,ekte
3425,50-66,2024,400,personer,ssb_07459,ekte
3425,67-79,2024,255,personer,ssb_07459,ekte
3425,80-89,2024,85,personer,ssb_07459,ekte
3425,90+,2024,17,personer,ssb_07459,ekte
3425,alle,2024,1361,personer,ssb_07459,ekte
3426,0-17,2024,346,personer,ssb_07459,ekte
3426,18-29,2024,195,personer,ssb_07459,ekte
3426,30-49,2024,369,personer,ssb_07459,ekte
3426,50-66,2024,369,personer,ssb_07459,ekte
3426,67-79,2024,242,personer,ssb_07459,ekte
3426,80-89,2024,70,personer,ssb_07459,ekte
3426,90+,2024,13,personer,ssb_07459,ekte
3426,alle,2024,1604,personer,ssb_07459,ekte
3427,0-17,2024,1149,personer,ssb_07459,ekte
3427,18-29,2024,786,personer,ssb_07459,ekte
3427,30-49,2024,1311,personer,ssb_07459,ekte
3427,50-66,2024,1285,personer,ssb_07459,ekte
3427,67-79,2024,825,personer,ssb_07459,ekte
3427,80-89,2024,274,personer,ssb_07459,ekte
3427,90+,2024,62,personer,ssb_07459,ekte
3427,alle,2024,5692,personer,ssb_07459,ekte
3428,0-17,2024,560,personer,ssb_07459,ekte
3428,18-29,2024,322,personer,ssb_07459,ekte
3428,30-49,2024,568,personer,ssb_07459,ekte
3428,50-66,2024,603,personer,ssb_07459,ekte
3428,67-79,2024,328,personer,ssb_07459,ekte
3428,80-89,2024,117,personer,ssb_07459,ekte
3428,90+,2024,28,personer,ssb_07459,ekte
3428,alle,2024,2526,personer,ssb_07459,ekte
3429,0-17,2024,250,personer,ssb_07459,ekte
3429,18-29,2024,164,personer,ssb_07459,ekte
3429,30-49,2024,315,personer,ssb_07459,ekte
3429,50-66,2024,378,personer,ssb_07459,ekte
3429,67-79,2024,307,personer,ssb_07459,ekte
3429,80-89,2024,99,personer,ssb_07459,ekte
3429,90+,2024,19,personer,ssb_07459,ekte
3429,alle,2024,1532,personer,ssb_07459,ekte
3430,0-17,2024,292,personer,ssb_07459,ekte
3430,18-29,2024,267,personer,ssb_07459,ekte
3430,30-49,2024,383,personer,ssb_07459,ekte
3430,50-66,2024,505,personer,ssb_07459,ekte
3430,67-79,2024,316,personer,ssb_07459,ekte
3430,80-89,2024,103,personer,ssb_07459,ekte
3430,90+,2024,25,personer,ssb_07459,ekte
3430,alle,2024,1891,personer,ssb_07459,ekte
3431,0-17,2024,405,personer,ssb_07459,ekte
3431,18-29,2024,288,personer,ssb_07459,ekte
3431,30-49,2024,536,personer,ssb_07459,ekte
3431,50-66,2024,610,personer,ssb_07459,ekte
3431,67-79,2024,440,personer,ssb_07459,ekte
3431,80-89,2024,181,personer,ssb_07459,ekte
3431,90+,2024,43,personer,ssb_07459,ekte
3431,alle,2024,2503,personer,ssb_07459,ekte
3432,0-17,2024,368,personer,ssb_07459,ekte
3432,18-29,2024,274,personer,ssb_07459,ekte
3432,30-49,2024,397,personer,ssb_07459,ekte
3432,50-66,2024,462,personer,ssb_07459,ekte
3432,67-79,2024,333,personer,ssb_07459,ekte
3432,80-89,2024,120,personer,ssb_07459,ekte
3432,90+,2024,29,personer,ssb_07459,ekte
3432,alle,2024,1983,personer,ssb_07459,ekte
3433,0-17,2024,339,personer,ssb_07459,ekte
3433,18-29,2024,247,personer,ssb_07459,ekte
3433,30-49,2024,471,personer,ssb_07459,ekte
3433,50-66,2024,511,personer,ssb_07459,ekte
3433,67-79,2024,398,personer,ssb_07459,ekte
3433,80-89,2024,148,personer,ssb_07459,ekte
3433,90+,2024,27,personer,ssb_07459,ekte
3433,alle,2024,2141,personer,ssb_07459,ekte
3434,0-17,2024,378,personer,ssb_07459,ekte
3434,18-29,2024,287,personer,ssb_07459,ekte
3434,30-49,2024,465,personer,ssb_07459,ekte
3434,50-66,2024,550,personer,ssb_07459,ekte
3434,67-79,2024,380,personer,ssb_07459,ekte
3434,80-89,2024,120,personer,ssb_07459,ekte
3434,90+,2024,32,personer,ssb_07459,ekte
3434,alle,2024,2212,personer,ssb_07459,ekte
3435,0-17,2024,640,personer,ssb_07459,ekte
3435,18-29,2024,459,personer,ssb_07459,ekte
3435,30-49,2024,768,personer,ssb_07459,ekte
3435,50-66,2024,843,personer,ssb_07459,ekte
3435,67-79,2024,564,personer,ssb_07459,ekte
3435,80-89,2024,216,personer,ssb_07459,ekte
3435,90+,2024,41,personer,ssb_07459,ekte
3435,alle,2024,3531,personer,ssb_07459,ekte
3436,0-17,2024,976,personer,ssb_07459,ekte
3436,18-29,2024,706,personer,ssb_07459,ekte
3436,30-49,2024,1151,personer,ssb_07459,ekte
3436,50-66,2024,1434,personer,ssb_07459,ekte
3436,67-79,2024,919,personer,ssb_07459,ekte
3436,80-89,2024,337,personer,ssb_07459,ekte
3436,90+,2024,63,personer,ssb_07459,ekte
3436,alle,2024,5586,personer,ssb_07459,ekte
3437,0-17,2024,1017,personer,ssb_07459,ekte
3437,18-29,2024,760,personer,ssb_07459,ekte
3437,30-49,2024,1223,personer,ssb_07459,ekte
3437,50-66,2024,1402,personer,ssb_07459,ekte
3437,67-79,2024,928,personer,ssb_07459,ekte
3437,80-89,2024,331,personer,ssb_07459,ekte
3437,90+,2024,95,personer,ssb_07459,ekte
3437,alle,2024,5756,personer,ssb_07459,ekte
3438,0-17,2024,562,personer,ssb_07459,ekte
3438,18-29,2024,383,personer,ssb_07459,ekte
3438,30-49,2024,689,personer,ssb_07459,ekte
3438,50-66,2024,805,personer,ssb_07459,ekte
3438,67-79,2024,473,personer,ssb_07459,ekte
3438,80-89,2024,164,personer,ssb_07459,ekte
3438,90+,2024,43,personer,ssb_07459,ekte
3438,alle,2024,3119,personer,ssb_07459,ekte
3439,0-17,2024,784,personer,ssb_07459,ekte
3439,18-29,2024,506,personer,ssb_07459,ekte
3439,30-49,2024,1031,personer,ssb_07459,ekte
3439,50-66,2024,1075,personer,ssb_07459,ekte
3439,67-79,2024,701,personer,ssb_07459,ekte
3439,80-89,2024,255,personer,ssb_07459,ekte
3439,90+,2024,61,personer,ssb_07459,ekte
3439,alle,2024,4413,personer,ssb_07459,ekte
3440,0-17,2024,999,personer,ssb_07459,ekte
3440,18-29,2024,608,personer,ssb_07459,ekte
3440,30-49,2024,1250,personer,ssb_07459,ekte
3440,50-66,2024,1244,personer,ssb_07459,ekte
3440,67-79,2024,722,personer,ssb_07459,ekte
3440,80-89,2024,251,personer,ssb_07459,ekte
3440,90+,2024,50,personer,ssb_07459,ekte
3440,alle,2024,5124,personer,ssb_07459,ekte
3441,0-17,2024,1071,personer,ssb_07459,ekte
3441,18-29,2024,786,personer,ssb_07459,ekte
3441,30-49,2024,1425,personer,ssb_07459,ekte
3441,50-66,2024,1559,personer,ssb_07459,ekte
3441,67-79,2024,918,personer,ssb_07459,ekte
3441,80-89,2024,342,personer,ssb_07459,ekte
3441,90+,2024,76,personer,ssb_07459,ekte
3441,alle,2024,6177,personer,ssb_07459,ekte
3442,0-17,2024,2689,personer,ssb_07459,ekte
3442,18-29,2024,1842,personer,ssb_07459,ekte
3442,30-49,2024,3461,personer,ssb_07459,ekte
3442,50-66,2024,3729,personer,ssb_07459,ekte
3442,67-79,2024,2231,personer,ssb_07459,ekte
3442,80-89,2024,725,personer,ssb_07459,ekte
3442,90+,2024,163,personer,ssb_07459,ekte
3442,alle,2024,14840,personer,ssb_07459,ekte
3443,0-17,2024,2444,personer,ssb_07459,ekte
3443,18-29,2024,1953,personer,ssb_07459,ekte
3443,30-49,2024,3358,personer,ssb_07459,ekte
3443,50-66,2024,3193,personer,ssb_07459,ekte
3443,67-79,2024,1985,personer,ssb_07459,ekte
3443,80-89,2024,649,personer,ssb_07459,ekte
3443,90+,2024,109,personer,ssb_07459,ekte
3443,alle,2024,13691,personer,ssb_07459,ekte
3446,0-17,2024,2425,personer,ssb_07459,ekte
3446,18-29,2024,1678,personer,ssb_07459,ekte
3446,30-49,2024,3191,personer,ssb_07459,ekte
3446,50-66,2024,3478,personer,ssb_07459,ekte
3446,67-79,2024,2009,personer,ssb_07459,ekte
3446,80-89,2024,684,personer,ssb_07459,ekte
3446,90+,2024,128,personer,ssb_07459,ekte
3446,alle,2024,13593,personer,ssb_07459,ekte
3447,0-17,2024,920,personer,ssb_07459,ekte
3447,18-29,2024,679,personer,ssb_07459,ekte
3447,30-49,2024,1253,personer,ssb_07459,ekte
3447,50-66,2024,1487,personer,ssb_07459,ekte
3447,67-79,2024,908,personer,ssb_07459,ekte
3447,80-89,2024,296,personer,ssb_07459,ekte
3447,90+,2024,44,personer,ssb_07459,ekte
3447,alle,2024,5587,personer,ssb_07459,ekte
3448,0-17,2024,1180,personer,ssb_07459,ekte
3448,18-29,2024,788,personer,ssb_07459,ekte
3448,30-49,2024,1419,personer,ssb_07459,ekte
3448,50-66,2024,1697,personer,ssb_07459,ekte
3448,67-79,2024,1037,personer,ssb_07459,ekte
3448,80-89,2024,332,personer,ssb_07459,ekte
3448,90+,2024,57,personer,ssb_07459,ekte
3448,alle,2024,6510,personer,ssb_07459,ekte
3449,0-17,2024,463,personer,ssb_07459,ekte
3449,18-29,2024,345,personer,ssb_07459,ekte
3449,30-49,2024,599,personer,ssb_07459,ekte
3449,50-66,2024,726,personer,ssb_07459,ekte
3449,67-79,2024,487,personer,ssb_07459,ekte
3449,80-89,2024,183,personer,ssb_07459,ekte
3449,90+,2024,33,personer,ssb_07459,ekte
3449,alle,2024,2836,personer,ssb_07459,ekte
3450,0-17,2024,249,personer,ssb_07459,ekte
3450,18-29,2024,166,personer,ssb_07459,ekte
3450,30-49,2024,287,personer,ssb_07459,ekte
3450,50-66,2024,343,personer,ssb_07459,ekte
3450,67-79,2024,210,personer,ssb_07459,ekte
3450,80-89,2024,92,personer,ssb_07459,ekte
3450,90+,2024,19,personer,ssb_07459,ekte
3450,alle,2024,1366,personer,ssb_07459,ekte
3451,0-17,2024,1166,personer,ssb_07459,ekte
3451,18-29,2024,851,personer,ssb_07459,ekte
3451,30-49,2024,1555,personer,ssb_07459,ekte
3451,50-66,2024,1517,personer,ssb_07459,ekte
3451,67-79,2024,1074,personer,ssb_07459,ekte
3451,80-89,2024,335,personer,ssb_07459,ekte
3451,90+,2024,64,personer,ssb_07459,ekte
3451,alle,2024,6562,personer,ssb_07459,ekte
3452,0-17,2024,369,personer,ssb_07459,ekte
3452,18-29,2024,264,personer,ssb_07459,ekte
3452,30-49,2024,491,personer,ssb_07459,ekte
3452,50-66,2024,556,personer,ssb_07459,ekte
3452,67-79,2024,309,personer,ssb_07459,ekte
3452,80-89,2024,103,personer,ssb_07459,ekte
3452,90+,2024,20,personer,ssb_07459,ekte
3452,alle,2024,2112,personer,ssb_07459,ekte
3453,0-17,2024,572,personer,ssb_07459,ekte
3453,18-29,2024,410,personer,ssb_07459,ekte
3453,30-49,2024,807,personer,ssb_07459,ekte
3453,50-66,2024,816,personer,ssb_07459,ekte
3453,67-79,2024,511,personer,ssb_07459,ekte
3453,80-89,2024,166,personer,ssb_07459,ekte
3453,90+,2024,16,personer,ssb_07459,ekte
3453,alle,2024,3298,personer,ssb_07459,ekte
3454,0-17,2024,316,personer,ssb_07459,ekte
3454,18-29,2024,203,personer,ssb_07459,ekte
3454,30-49,2024,388,personer,ssb_07459,ekte
3454,50-66,2024,389,personer,ssb_07459,ekte
3454,67-79,2024,251,personer,ssb_07459,ekte
3454,80-89,2024,76,personer,ssb_07459,ekte
3454,90+,2024,22,personer,ssb_07459,ekte
3454,alle,2024,1645,personer,ssb_07459,ekte
3901,0-17,2024,5236,personer,ssb_07459,ekte
3901,18-29,2024,3785,personer,ssb_07459,ekte
3901,30-49,2024,6834,personer,ssb_07459,ekte
3901,50-66,2024,6646,personer,ssb_07459,ekte
3901,67-79,2024,3906,personer,ssb_07459,ekte
3901,80-89,2024,1281,personer,ssb_07459,ekte
3901,90+,2024,251,personer,ssb_07459,ekte
3901,alle,2024,27939,personer,ssb_07459,ekte
3903,0-17,2024,5301,personer,ssb_07459,ekte
3903,18-29,2024,3458,personer,ssb_07459,ekte
3903,30-49,2024,7085,personer,ssb_07459,ekte
3903,50-66,2024,6143,personer,ssb_07459,ekte
3903,67-79,2024,3659,personer,ssb_07459,ekte
3903,80-89,2024,1037,personer,ssb_07459,ekte
3903,90+,2024,189,personer,ssb_07459,ekte
3903,alle,2024,26872,personer,ssb_07459,ekte
3905,0-17,2024,11634,personer,ssb_07459,ekte
3905,18-29,2024,8124,personer,ssb_07459,ekte
3905,30-49,2024,16026,personer,ssb_07459,ekte
3905,50-66,2024,13250,personer,ssb_07459,ekte
3905,67-79,2024,7279,personer,ssb_07459,ekte
3905,80-89,2024,2360,personer,ssb_07459,ekte
3905,90+,2024,501,personer,ssb_07459,ekte
3905,alle,2024,59174,personer,ssb_07459,ekte
3907,0-17,2024,13203,personer,ssb_07459,ekte
3907,18-29,2024,8750,personer,ssb_07459,ekte
3907,30-49,2024,17153,personer,ssb_07459,ekte
3907,50-66,2024,15127,personer,ssb_07459,ekte
3907,67-79,2024,8661,personer,ssb_07459,ekte
3907,80-89,2024,2759,personer,ssb_07459,ekte
3907,90+,2024,578,personer,ssb_07459,ekte
3907,alle,2024,66231,personer,ssb_07459,ekte
3909,0-17,2024,9247,personer,ssb_07459,ekte
3909,18-29,2024,6013,personer,ssb_07459,ekte
3909,30-49,2024,12101,personer,ssb_07459,ekte
3909,50-66,2024,11375,personer,ssb_07459,ekte
3909,67-79,2024,7304,personer,ssb_07459,ekte
3909,80-89,2024,2187,personer,ssb_07459,ekte
3909,90+,2024,488,personer,ssb_07459,ekte
3909,alle,2024,48715,personer,ssb_07459,ekte
3911,0-17,2024,5454,personer,ssb_07459,ekte
3911,18-29,2024,3040,personer,ssb_07459,ekte
3911,30-49,2024,6568,personer,ssb_07459,ekte
3911,50-66,2024,6719,personer,ssb_07459,ekte
3911,67-79,2024,4125,personer,ssb_07459,ekte
3911,80-89,2024,1320,personer,ssb_07459,ekte
3911,90+,2024,275,personer,ssb_07459,ekte
3911,alle,2024,27501,personer,ssb_07459,ekte
4001,0-17,2024,7037,personer,ssb_07459,ekte
4001,18-29,2024,5212,personer,ssb_07459,ekte
4001,30-49,2024,9428,personer,ssb_07459,ekte
4001,50-66,2024,8564,personer,ssb_07459,ekte
4001,67-79,2024,5009,personer,ssb_07459,ekte
4001,80-89,2024,1633,personer,ssb_07459,ekte
4001,90+,2024,310,personer,ssb_07459,ekte
4001,alle,2024,37193,personer,ssb_07459,ekte
4003,0-17,2024,11160,personer,ssb_07459,ekte
4003,18-29,2024,7614,personer,ssb_07459,ekte
4003,30-49,2024,14505,personer,ssb_07459,ekte
4003,50-66,2024,12843,personer,ssb_07459,ekte
4003,67-79,2024,7650,personer,ssb_07459,ekte
4003,80-89,2024,2368,personer,ssb_07459,ekte
4003,90+,2024,479,personer,ssb_07459,ekte
4003,alle,2024,56619,personer,ssb_07459,ekte
4005,0-17,2024,2493,personer,ssb_07459,ekte
4005,18-29,2024,1738,personer,ssb_07459,ekte
4005,30-49,2024,3273,personer,ssb_07459,ekte
4005,50-66,2024,3040,personer,ssb_07459,ekte
4005,67-79,2024,1935,personer,ssb_07459,ekte
4005,80-89,2024,636,personer,ssb_07459,ekte
4005,90+,2024,151,personer,ssb_07459,ekte
4005,alle,2024,13266,personer,ssb_07459,ekte
4010,0-17,2024,484,personer,ssb_07459,ekte
4010,18-29,2024,269,personer,ssb_07459,ekte
4010,30-49,2024,602,personer,ssb_07459,ekte
4010,50-66,2024,541,personer,ssb_07459,ekte
4010,67-79,2024,340,personer,ssb_07459,ekte
4010,80-89,2024,112,personer,ssb_07459,ekte
4010,90+,2024,34,personer,ssb_07459,ekte
4010,alle,2024,2382,personer,ssb_07459,ekte
4012,0-17,2024,2730,personer,ssb_07459,ekte
4012,18-29,2024,1794,personer,ssb_07459,ekte
4012,30-49,2024,3323,personer,ssb_07459,ekte
4012,50-66,2024,3425,personer,ssb_07459,ekte
4012,67-79,2024,2254,personer,ssb_07459,ekte
4012,80-89,2024,639,personer,ssb_07459,ekte
4012,90+,2024,104,personer,ssb_07459,ekte
4012,alle,2024,14269,personer,ssb_07459,ekte
4014,0-17,2024,1802,personer,ssb_07459,ekte
4014,18-29,2024,1202,personer,ssb_07459,ekte
4014,30-49,2024,2362,personer,ssb_07459,ekte
4014,50-66,2024,2590,personer,ssb_07459,ekte
4014,67-79,2024,1837,personer,ssb_07459,ekte
4014,80-89,2024,544,personer,ssb_07459,ekte
4014,90+,2024,108,personer,ssb_07459,ekte
4014,alle,2024,10445,personer,ssb_07459,ekte
4016,0-17,2024,773,personer,ssb_07459,ekte
4016,18-29,2024,565,personer,ssb_07459,ekte
4016,30-49,2024,912,personer,ssb_07459,ekte
4016,50-66,2024,994,personer,ssb_07459,ekte
4016,67-79,2024,623,personer,ssb_07459,ekte
4016,80-89,2024,180,personer,ssb_07459,ekte
4016,90+,2024,39,personer,ssb_07459,ekte
4016,alle,2024,4086,personer,ssb_07459,ekte
4018,0-17,2024,1194,personer,ssb_07459,ekte
4018,18-29,2024,850,personer,ssb_07459,ekte
4018,30-49,2024,1487,personer,ssb_07459,ekte
4018,50-66,2024,1643,personer,ssb_07459,ekte
4018,67-79,2024,986,personer,ssb_07459,ekte
4018,80-89,2024,301,personer,ssb_07459,ekte
4018,90+,2024,78,personer,ssb_07459,ekte
4018,alle,2024,6539,personer,ssb_07459,ekte
4020,0-17,2024,2153,personer,ssb_07459,ekte
4020,18-29,2024,1776,personer,ssb_07459,ekte
4020,30-49,2024,2718,personer,ssb_07459,ekte
4020,50-66,2024,2252,personer,ssb_07459,ekte
4020,67-79,2024,1430,personer,ssb_07459,ekte
4020,80-89,2024,476,personer,ssb_07459,ekte
4020,90+,2024,99,personer,ssb_07459,ekte
4020,alle,2024,10904,personer,ssb_07459,ekte
4022,0-17,2024,586,personer,ssb_07459,ekte
4022,18-29,2024,367,personer,ssb_07459,ekte
4022,30-49,2024,676,personer,ssb_07459,ekte
4022,50-66,2024,692,personer,ssb_07459,ekte
4022,67-79,2024,483,personer,ssb_07459,ekte
4022,80-89,2024,145,personer,ssb_07459,ekte
4022,90+,2024,30,personer,ssb_07459,ekte
4022,alle,2024,2979,personer,ssb_07459,ekte
4024,0-17,2024,318,personer,ssb_07459,ekte
4024,18-29,2024,217,personer,ssb_07459,ekte
4024,30-49,2024,323,personer,ssb_07459,ekte
4024,50-66,2024,397,personer,ssb_07459,ekte
4024,67-79,2024,260,personer,ssb_07459,ekte
4024,80-89,2024,96,personer,ssb_07459,ekte
4024,90+,2024,19,personer,ssb_07459,ekte
4024,alle,2024,1630,personer,ssb_07459,ekte
4026,0-17,2024,884,personer,ssb_07459,ekte
4026,18-29,2024,671,personer,ssb_07459,ekte
4026,30-49,2024,1185,personer,ssb_07459,ekte
4026,50-66,2024,1467,personer,ssb_07459,ekte
4026,67-79,2024,978,personer,ssb_07459,ekte
4026,80-89,2024,274,personer,ssb_07459,ekte
4026,90+,2024,74,personer,ssb_07459,ekte
4026,alle,2024,5533,personer,ssb_07459,ekte
4028,0-17,2024,412,personer,ssb_07459,ekte
4028,18-29,2024,276,personer,ssb_07459,ekte
4028,30-49,2024,553,personer,ssb_07459,ekte
4028,50-66,2024,669,personer,ssb_07459,ekte
4028,67-79,2024,377,personer,ssb_07459,ekte
4028,80-89,2024,137,personer,ssb_07459,ekte
4028,90+,2024,34,personer,ssb_07459,ekte
4028,alle,2024,2458,personer,ssb_07459,ekte
4030,0-17,2024,286,personer,ssb_07459,ekte
4030,18-29,2024,147,personer,ssb_07459,ekte
4030,30-49,2024,321,personer,ssb_07459,ekte
4030,50-66,2024,371,personer,ssb_07459,ekte
4030,67-79,2024,262,personer,ssb_07459,ekte
4030,80-89,2024,67,personer,ssb_07459,ekte
4030,90+,2024,17,personer,ssb_07459,ekte
4030,alle,2024,1471,personer,ssb_07459,ekte
4032,0-17,2024,231,personer,ssb_07459,ekte
4032,18-29,2024,140,personer,ssb_07459,ekte
4032,30-49,2024,282,personer,ssb_07459,ekte
4032,50-66,2024,328,personer,ssb_07459,ekte
4032,67-79,2024,203,personer,ssb_07459,ekte
4032,80-89,2024,59,personer,ssb_07459,ekte
4032,90+,2024,13,personer,ssb_07459,ekte
4032,alle,2024,1256,personer,ssb_07459,ekte
4034,0-17,2024,413,personer,ssb_07459,ekte
4034,18-29,2024,278,personer,ssb_07459,ekte
4034,30-49,2024,481,personer,ssb_07459,ekte
4034,50-66,2024,565,personer,ssb_07459,ekte
4034,67-79,2024,341,personer,ssb_07459,ekte
4034,80-89,2024,106,personer,ssb_07459,ekte
4034,90+,2024,28,personer,ssb_07459,ekte
4034,alle,2024,2212,personer,ssb_07459,ekte
4036,0-17,2024,749,personer,ssb_07459,ekte
4036,18-29,2024,491,personer,ssb_07459,ekte
4036,30-49,2024,894,personer,ssb_07459,ekte
4036,50-66,2024,920,personer,ssb_07459,ekte
4036,67-79,2024,577,personer,ssb_07459,ekte
4036,80-89,2024,186,personer,ssb_07459,ekte
4036,90+,2024,34,personer,ssb_07459,ekte
4036,alle,2024,3851,personer,ssb_07459,ekte
4201,0-17,2024,1197,personer,ssb_07459,ekte
4201,18-29,2024,789,personer,ssb_07459,ekte
4201,30-49,2024,1495,personer,ssb_07459,ekte
4201,50-66,2024,1711,personer,ssb_07459,ekte
4201,67-79,2024,1208,personer,ssb_07459,ekte
4201,80-89,2024,340,personer,ssb_07459,ekte
4201,90+,2024,85,personer,ssb_07459,ekte
4201,alle,2024,6825,personer,ssb_07459,ekte
4202,0-17,2024,5338,personer,ssb_07459,ekte
4202,18-29,2024,4243,personer,ssb_07459,ekte
4202,30-49,2024,6403,personer,ssb_07459,ekte
4202,50-66,2024,5133,personer,ssb_07459,ekte
4202,67-79,2024,2788,personer,ssb_07459,ekte
4202,80-89,2024,906,personer,ssb_07459,ekte
4202,90+,2024,158,personer,ssb_07459,ekte
4202,alle,2024,24969,personer,ssb_07459,ekte
4203,0-17,2024,9236,personer,ssb_07459,ekte
4203,18-29,2024,6028,personer,ssb_07459,ekte
4203,30-49,2024,11885,personer,ssb_07459,ekte
4203,50-66,2024,10591,personer,ssb_07459,ekte
4203,67-79,2024,6302,personer,ssb_07459,ekte
4203,80-89,2024,1946,personer,ssb_07459,ekte
4203,90+,2024,367,personer,ssb_07459,ekte
4203,alle,2024,46355,personer,ssb_07459,ekte
4204,0-17,2024,24757,personer,ssb_07459,ekte
4204,18-29,2024,20063,personer,ssb_07459,ekte
4204,30-49,2024,31144,personer,ssb_07459,ekte
4204,50-66,2024,23665,personer,ssb_07459,ekte
4204,67-79,2024,12448,personer,ssb_07459,ekte
4204,80-89,2024,4015,personer,ssb_07459,ekte
4204,90+,2024,894,personer,ssb_07459,ekte
4204,alle,2024,116986,personer,ssb_07459,ekte
4205,0-17,2024,5058,personer,ssb_07459,ekte
4205,18-29,2024,3225,personer,ssb_07459,ekte
4205,30-49,2024,5817,personer,ssb_07459,ekte
4205,50-66,2024,5280,personer,ssb_07459,ekte
4205,67-79,2024,3164,personer,ssb_07459,ekte
4205,80-89,2024,939,personer,ssb_07459,ekte
4205,90+,2024,207,personer,ssb_07459,ekte
4205,alle,2024,23690,personer,ssb_07459,ekte
4206,0-17,2024,2062,personer,ssb_07459,ekte
4206,18-29,2024,1321,personer,ssb_07459,ekte
4206,30-49,2024,2302,personer,ssb_07459,ekte
4206,50-66,2024,2186,personer,ssb_07459,ekte
4206,67-79,2024,1464,personer,ssb_07459,ekte
4206,80-89,2024,449,personer,ssb_07459,ekte
4206,90+,2024,92,personer,ssb_07459,ekte
4206,alle,2024,9876,personer,ssb_07459,ekte
4207,0-17,2024,1972,personer,ssb_07459,ekte
4207,18-29,2024,1227,personer,ssb_07459,ekte
4207,30-49,2024,2190,personer,ssb_07459,ekte
4207,50-66,2024,2081,personer,ssb_07459,ekte
4207,67-79,2024,1270,personer,ssb_07459,ekte
4207,80-89,2024,435,personer,ssb_07459,ekte
4207,90+,2024,104,personer,ssb_07459,ekte
4207,alle,2024,9279,personer,ssb_07459,ekte
4211,0-17,2024,419,personer,ssb_07459,ekte
4211,18-29,2024,313,personer,ssb_07459,ekte
4211,30-49,2024,572,personer,ssb_07459,ekte
4211,50-66,2024,608,personer,ssb_07459,ekte
4211,67-79,2024,400,personer,ssb_07459,ekte
4211,80-89,2024,113,personer,ssb_07459,ekte
4211,90+,2024,19,personer,ssb_07459,ekte
4211,alle,2024,2444,personer,ssb_07459,ekte
4212,0-17,2024,521,personer,ssb_07459,ekte
4212,18-29,2024,301,personer,ssb_07459,ekte
4212,30-49,2024,567,personer,ssb_07459,ekte
4212,50-66,2024,519,personer,ssb_07459,ekte
4212,67-79,2024,258,personer,ssb_07459,ekte
4212,80-89,2024,87,personer,ssb_07459,ekte
4212,90+,2024,15,personer,ssb_07459,ekte
4212,alle,2024,2268,personer,ssb_07459,ekte
4213,0-17,2024,1176,personer,ssb_07459,ekte
4213,18-29,2024,788,personer,ssb_07459,ekte
4213,30-49,2024,1521,personer,ssb_07459,ekte
4213,50-66,2024,1478,personer,ssb_07459,ekte
4213,67-79,2024,1047,personer,ssb_07459,ekte
4213,80-89,2024,252,personer,ssb_07459,ekte
4213,90+,2024,61,personer,ssb_07459,ekte
4213,alle,2024,6323,personer,ssb_07459,ekte
4214,0-17,2024,1394,personer,ssb_07459,ekte
4214,18-29,2024,875,personer,ssb_07459,ekte
4214,30-49,2024,1712,personer,ssb_07459,ekte
4214,50-66,2024,1305,personer,ssb_07459,ekte
4214,67-79,2024,704,personer,ssb_07459,ekte
4214,80-89,2024,211,personer,ssb_07459,ekte
4214,90+,2024,35,personer,ssb_07459,ekte
4214,alle,2024,6236,personer,ssb_07459,ekte
4215,0-17,2024,2533,personer,ssb_07459,ekte
4215,18-29,2024,1441,personer,ssb_07459,ekte
4215,30-49,2024,2954,personer,ssb_07459,ekte
4215,50-66,2024,2547,personer,ssb_07459,ekte
4215,67-79,2024,1496,personer,ssb_07459,ekte
4215,80-89,2024,469,personer,ssb_07459,ekte
4215,90+,2024,83,personer,ssb_07459,ekte
4215,alle,2024,11523,personer,ssb_07459,ekte
4216,0-17,2024,1311,personer,ssb_07459,ekte
4216,18-29,2024,845,personer,ssb_07459,ekte
4216,30-49,2024,1443,personer,ssb_07459,ekte
4216,50-66,2024,1059,personer,ssb_07459,ekte
4216,67-79,2024,589,personer,ssb_07459,ekte
4216,80-89,2024,188,personer,ssb_07459,ekte
4216,90+,2024,45,personer,ssb_07459,ekte
4216,alle,2024,5480,personer,ssb_07459,ekte
4217,0-17,2024,353,personer,ssb_07459,ekte
4217,18-29,2024,226,personer,ssb_07459,ekte
4217,30-49,2024,411,personer,ssb_07459,ekte
4217,50-66,2024,426,personer,ssb_07459,ekte
4217,67-79,2024,278,personer,ssb_07459,ekte
4217,80-89,2024,92,personer,ssb_07459,ekte
4217,90+,2024,16,personer,ssb_07459,ekte
4217,alle,2024,1802,personer,ssb_07459,ekte
4218,0-17,2024,347,personer,ssb_07459,ekte
4218,18-29,2024,162,personer,ssb_07459,ekte
4218,30-49,2024,371,personer,ssb_07459,ekte
4218,50-66,2024,304,personer,ssb_07459,ekte
4218,67-79,2024,154,personer,ssb_07459,ekte
4218,80-89,2024,32,personer,ssb_07459,ekte
4218,90+,2024,10,personer,ssb_07459,ekte
4218,alle,2024,1380,personer,ssb_07459,ekte
4219,0-17,2024,873,personer,ssb_07459,ekte
4219,18-29,2024,545,personer,ssb_07459,ekte
4219,30-49,2024,1043,personer,ssb_07459,ekte
4219,50-66,2024,790,personer,ssb_07459,ekte
4219,67-79,2024,523,personer,ssb_07459,ekte
4219,80-89,2024,166,personer,ssb_07459,ekte
4219,90+,2024,27,personer,ssb_07459,ekte
4219,alle,2024,3967,personer,ssb_07459,ekte
4220,0-17,2024,202,personer,ssb_07459,ekte
4220,18-29,2024,147,personer,ssb_07459,ekte
4220,30-49,2024,280,personer,ssb_07459,ekte
4220,50-66,2024,279,personer,ssb_07459,ekte
4220,67-79,2024,219,personer,ssb_07459,ekte
4220,80-89,2024,45,personer,ssb_07459,ekte
4220,90+,2024,8,personer,ssb_07459,ekte
4220,alle,2024,1180,personer,ssb_07459,ekte
4221,0-17,2024,218,personer,ssb_07459,ekte
4221,18-29,2024,165,personer,ssb_07459,ekte
4221,30-49,2024,263,personer,ssb_07459,ekte
4221,50-66,2024,274,personer,ssb_07459,ekte
4221,67-79,2024,215,personer,ssb_07459,ekte
4221,80-89,2024,61,personer,ssb_07459,ekte
4221,90+,2024,9,personer,ssb_07459,ekte
4221,alle,2024,1205,personer,ssb_07459,ekte
4222,0-17,2024,171,personer,ssb_07459,ekte
4222,18-29,2024,135,personer,ssb_07459,ekte
4222,30-49,2024,288,personer,ssb_07459,ekte
4222,50-66,2024,261,personer,ssb_07459,ekte
4222,67-79,2024,119,personer,ssb_07459,ekte
4222,80-89,2024,30,personer,ssb_07459,ekte
4222,90+,2024,7,personer,ssb_07459,ekte
4222,alle,2024,1011,personer,ssb_07459,ekte
4223,0-17,2024,3446,personer,ssb_07459,ekte
4223,18-29,2024,2326,personer,ssb_07459,ekte
4223,30-49,2024,4237,personer,ssb_07459,ekte
4223,50-66,2024,3159,personer,ssb_07459,ekte
4223,67-79,2024,1643,personer,ssb_07459,ekte
4223,80-89,2024,529,personer,ssb_07459,ekte
4223,90+,2024,112,personer,ssb_07459,ekte
4223,alle,2024,15452,personer,ssb_07459,ekte
4224,0-17,2024,188,personer,ssb_07459,ekte
4224,18-29,2024,146,personer,ssb_07459,ekte
4224,30-49,2024,201,personer,ssb_07459,ekte
4224,50-66,2024,237,personer,ssb_07459,ekte
4224,67-79,2024,103,personer,ssb_07459,ekte
4224,80-89,2024,33,personer,ssb_07459,ekte
4224,90+,2024,15,personer,ssb_07459,ekte
4224,alle,2024,923,personer,ssb_07459,ekte
4225,0-17,2024,2589,personer,ssb_07459,ekte
4225,18-29,2024,1607,personer,ssb_07459,ekte
4225,30-49,2024,2709,personer,ssb_07459,ekte
4225,50-66,2024,2157,personer,ssb_07459,ekte
4225,67-79,2024,1280,personer,ssb_07459,ekte
4225,80-89,2024,414,personer,ssb_07459,ekte
4225,90+,2024,79,personer,ssb_07459,ekte
4225,alle,2024,10835,personer,ssb_07459,ekte
4226,0-17,2024,410,personer,ssb_07459,ekte
4226,18-29,2024,245,personer,ssb_07459,ekte
4226,30-49,2024,456,personer,ssb_07459,ekte
4226,50-66,2024,362,personer,ssb_07459,ekte
4226,67-79,2024,205,personer,ssb_07459,ekte
4226,80-89,2024,79,personer,ssb_07459,ekte
4226,90+,2024,19,personer,ssb_07459,ekte
4226,alle,2024,1776,personer,ssb_07459,ekte
4227,0-17,2024,1335,personer,ssb_07459,ekte
4227,18-29,2024,809,personer,ssb_07459,ekte
4227,30-49,2024,1530,personer,ssb_07459,ekte
4227,50-66,2024,1411,personer,ssb_07459,ekte
4227,67-79,2024,754,personer,ssb_07459,ekte
4227,80-89,2024,298,personer,ssb_07459,ekte
4227,90+,2024,55,personer,ssb_07459,ekte
4227,alle,2024,6192,personer,ssb_07459,ekte
4228,0-17,2024,405,personer,ssb_07459,ekte
4228,18-29,2024,272,personer,ssb_07459,ekte
4228,30-49,2024,462,personer,ssb_07459,ekte
4228,50-66,2024,398,personer,ssb_07459,ekte
4228,67-79,2024,244,personer,ssb_07459,ekte
4228,80-89,2024,68,personer,ssb_07459,ekte
4228,90+,2024,24,personer,ssb_07459,ekte
4228,alle,2024,1873,personer,ssb_07459,ekte
1101,0-17,2024,3286,personer,ssb_07459,ekte
1101,18-29,2024,2132,personer,ssb_07459,ekte
1101,30-49,2024,3886,personer,ssb_07459,ekte
1101,50-66,2024,3280,personer,ssb_07459,ekte
1101,67-79,2024,1927,personer,ssb_07459,ekte
1101,80-89,2024,587,personer,ssb_07459,ekte
1101,90+,2024,123,personer,ssb_07459,ekte
1101,alle,2024,15221,personer,ssb_07459,ekte
1103,0-17,2024,31345,personer,ssb_07459,ekte
1103,18-29,2024,24255,personer,ssb_07459,ekte
1103,30-49,2024,42621,personer,ssb_07459,ekte
1103,50-66,2024,30432,personer,ssb_07459,ekte
1103,67-79,2024,14986,personer,ssb_07459,ekte
1103,80-89,2024,4419,personer,ssb_07459,ekte
1103,90+,2024,990,personer,ssb_07459,ekte
1103,alle,2024,149048,personer,ssb_07459,ekte
1106,0-17,2024,7522,personer,ssb_07459,ekte
1106,18-29,2024,5691,personer,ssb_07459,ekte
1106,30-49,2024,10555,personer,ssb_07459,ekte
1106,50-66,2024,8309,personer,ssb_07459,ekte
1106,67-79,2024,4533,personer,ssb_07459,ekte
1106,80-89,2024,1374,personer,ssb_07459,ekte
1106,90+,2024,308,personer,ssb_07459,ekte
1106,alle,2024,38292,personer,ssb_07459,ekte
1108,0-17,2024,19899,personer,ssb_07459,ekte
1108,18-29,2024,11877,personer,ssb_07459,ekte
1108,30-49,2024,25199,personer,ssb_07459,ekte
1108,50-66,2024,16326,personer,ssb_07459,ekte
1108,67-79,2024,7672,personer,ssb_07459,ekte
1108,80-89,2024,2265,personer,ssb_07459,ekte
1108,90+,2024,464,personer,ssb_07459,ekte
1108,alle,2024,83702,personer,ssb_07459,ekte
1111,0-17,2024,767,personer,ssb_07459,ekte
1111,18-29,2024,402,personer,ssb_07459,ekte
1111,30-49,2024,801,personer,ssb_07459,ekte
1111,50-66,2024,723,personer,ssb_07459,ekte
1111,67-79,2024,466,personer,ssb_07459,ekte
1111,80-89,2024,144,personer,ssb_07459,ekte
1111,90+,2024,44,personer,ssb_07459,ekte
1111,alle,2024,3347,personer,ssb_07459,ekte
1112,0-17,2024,755,personer,ssb_07459,ekte
1112,18-29,2024,419,personer,ssb_07459,ekte
1112,30-49,2024,741,personer,ssb_07459,ekte
1112,50-66,2024,727,personer,ssb_07459,ekte
1112,67-79,2024,421,personer,ssb_07459,ekte
1112,80-89,2024,141,personer,ssb_07459,ekte
1112,90+,2024,22,personer,ssb_07459,ekte
1112,alle,2024,3226,personer,ssb_07459,ekte
1114,0-17,2024,695,personer,ssb_07459,ekte
1114,18-29,2024,396,personer,ssb_07459,ekte
1114,30-49,2024,757,personer,ssb_07459,ekte
1114,50-66,2024,616,personer,ssb_07459,ekte
1114,67-79,2024,325,personer,ssb_07459,ekte
1114,80-89,2024,94,personer,ssb_07459,ekte
1114,90+,2024,9,personer,ssb_07459,ekte
1114,alle,2024,2892,personer,ssb_07459,ekte
1119,0-17,2024,5068,personer,ssb_07459,ekte
1119,18-29,2024,2887,personer,ssb_07459,ekte
1119,30-49,2024,5282,personer,ssb_07459,ekte
1119,50-66,2024,3823,personer,ssb_07459,ekte
1119,67-79,2024,2010,personer,ssb_07459,ekte
1119,80-89,2024,635,personer,ssb_07459,ekte
1119,90+,2024,122,personer,ssb_07459,ekte
1119,alle,2024,19827,personer,ssb_07459,ekte
1120,0-17,2024,5090,personer,ssb_07459,ekte
1120,18-29,2024,3269,personer,ssb_07459,ekte
1120,30-49,2024,5927,personer,ssb_07459,ekte
1120,50-66,2024,4064,personer,ssb_07459,ekte
1120,67-79,2024,1861,personer,ssb_07459,ekte
1120,80-89,2024,599,personer,ssb_07459,ekte
1120,90+,2024,90,personer,ssb_07459,ekte
1120,alle,2024,20900,personer,ssb_07459,ekte
1121,0-17,2024,4782,personer,ssb_07459,ekte
1121,18-29,2024,2969,personer,ssb_07459,ekte
1121,30-49,2024,5540,personer,ssb_07459,ekte
1121,50-66,2024,3852,personer,ssb_07459,ekte
1121,67-79,2024,2020,personer,ssb_07459,ekte
1121,80-89,2024,619,personer,ssb_07459,ekte
1121,90+,2024,128,personer,ssb_07459,ekte
1121,alle,2024,19910,personer,ssb_07459,ekte
1122,0-17,2024,3219,personer,ssb_07459,ekte
1122,18-29,2024,1667,personer,ssb_07459,ekte
1122,30-49,2024,3617,personer,ssb_07459,ekte
1122,50-66,2024,2441,personer,ssb_07459,ekte
1122,67-79,2024,1076,personer,ssb_07459,ekte
1122,80-89,2024,292,personer,ssb_07459,ekte
1122,90+,2024,50,personer,ssb_07459,ekte
1122,alle,2024,12362,personer,ssb_07459,ekte
1124,0-17,2024,6837,personer,ssb_07459,ekte
1124,18-29,2024,4130,personer,ssb_07459,ekte
1124,30-49,2024,8394,personer,ssb_07459,ekte
1124,50-66,2024,5782,personer,ssb_07459,ekte
1124,67-79,2024,2512,personer,ssb_07459,ekte
1124,80-89,2024,874,personer,ssb_07459,ekte
1124,90+,2024,156,personer,ssb_07459,ekte
1124,alle,2024,28685,personer,ssb_07459,ekte
1127,0-17,2024,2707,personer,ssb_07459,ekte
1127,18-29,2024,1797,personer,ssb_07459,ekte
1127,30-49,2024,3080,personer,ssb_07459,ekte
1127,50-66,2024,2480,personer,ssb_07459,ekte
1127,67-79,2024,1132,personer,ssb_07459,ekte
1127,80-89,2024,464,personer,ssb_07459,ekte
1127,90+,2024,82,personer,ssb_07459,ekte
1127,alle,2024,11742,personer,ssb_07459,ekte
1130,0-17,2024,3355,personer,ssb_07459,ekte
1130,18-29,2024,1925,personer,ssb_07459,ekte
1130,30-49,2024,3654,personer,ssb_07459,ekte
1130,50-66,2024,2714,personer,ssb_07459,ekte
1130,67-79,2024,1453,personer,ssb_07459,ekte
1130,80-89,2024,505,personer,ssb_07459,ekte
1130,90+,2024,97,personer,ssb_07459,ekte
1130,alle,2024,13703,personer,ssb_07459,ekte
1133,0-17,2024,585,personer,ssb_07459,ekte
1133,18-29,2024,318,personer,ssb_07459,ekte
1133,30-49,2024,632,personer,ssb_07459,ekte
1133,50-66,2024,567,personer,ssb_07459,ekte
1133,67-79,2024,390,personer,ssb_07459,ekte
1133,80-89,2024,119,personer,ssb_07459,ekte
1133,90+,2024,32,personer,ssb_07459,ekte
1133,alle,2024,2643,personer,ssb_07459,ekte
1134,0-17,2024,872,personer,ssb_07459,ekte
1134,18-29,2024,475,personer,ssb_07459,ekte
1134,30-49,2024,906,personer,ssb_07459,ekte
1134,50-66,2024,832,personer,ssb_07459,ekte
1134,67-79,2024,583,personer,ssb_07459,ekte
1134,80-89,2024,177,personer,ssb_07459,ekte
1134,90+,2024,44,personer,ssb_07459,ekte
1134,alle,2024,3889,personer,ssb_07459,ekte
1135,0-17,2024,949,personer,ssb_07459,ekte
1135,18-29,2024,570,personer,ssb_07459,ekte
1135,30-49,2024,1120,personer,ssb_07459,ekte
1135,50-66,2024,1032,personer,ssb_07459,ekte
1135,67-79,2024,600,personer,ssb_07459,ekte
1135,80-89,2024,238,personer,ssb_07459,ekte
1135,90+,2024,63,personer,ssb_07459,ekte
1135,alle,2024,4572,personer,ssb_07459,ekte
1144,0-17,2024,109,personer,ssb_07459,ekte
1144,18-29,2024,70,personer,ssb_07459,ekte
1144,30-49,2024,112,personer,ssb_07459,ekte
1144,50-66,2024,136,personer,ssb_07459,ekte
1144,67-79,2024,72,personer,ssb_07459,ekte
1144,80-89,2024,35,personer,ssb_07459,ekte
1144,90+,2024,10,personer,ssb_07459,ekte
1144,alle,2024,544,personer,ssb_07459,ekte
1145,0-17,2024,159,personer,ssb_07459,ekte
1145,18-29,2024,139,personer,ssb_07459,ekte
1145,30-49,2024,190,personer,ssb_07459,ekte
1145,50-66,2024,222,personer,ssb_07459,ekte
1145,67-79,2024,114,personer,ssb_07459,ekte
1145,80-89,2024,45,personer,ssb_07459,ekte
1145,90+,2024,14,personer,ssb_07459,ekte
1145,alle,2024,883,personer,ssb_07459,ekte
1146,0-17,2024,2867,personer,ssb_07459,ekte
1146,18-29,2024,1604,personer,ssb_07459,ekte
1146,30-49,2024,3001,personer,ssb_07459,ekte
1146,50-66,2024,2326,personer,ssb_07459,ekte
1146,67-79,2024,1284,personer,ssb_07459,ekte
1146,80-89,2024,429,personer,ssb_07459,ekte
1146,90+,2024,59,personer,ssb_07459,ekte
1146,alle,2024,11570,personer,ssb_07459,ekte
1149,0-17,2024,9779,personer,ssb_07459,ekte
1149,18-29,2024,6053,personer,ssb_07459,ekte
1149,30-49,2024,11223,personer,ssb_07459,ekte
1149,50-66,2024,9192,personer,ssb_07459,ekte
1149,67-79,2024,5039,personer,ssb_07459,ekte
1149,80-89,2024,1684,personer,ssb_07459,ekte
1149,90+,2024,336,personer,ssb_07459,ekte
1149,alle,2024,43306,personer,ssb_07459,ekte
1151,0-17,2024,39,personer,ssb_07459,ekte
1151,18-29,2024,26,personer,ssb_07459,ekte
1151,30-49,2024,51,personer,ssb_07459,ekte
1151,50-66,2024,59,personer,ssb_07459,ekte
1151,67-79,2024,30,personer,ssb_07459,ekte
1151,80-89,2024,8,personer,ssb_07459,ekte
1151,90+,2024,2,personer,ssb_07459,ekte
1151,alle,2024,215,personer,ssb_07459,ekte
1160,0-17,2024,1965,personer,ssb_07459,ekte
1160,18-29,2024,1245,personer,ssb_07459,ekte
1160,30-49,2024,2251,personer,ssb_07459,ekte
1160,50-66,2024,1908,personer,ssb_07459,ekte
1160,67-79,2024,1104,personer,ssb_07459,ekte
1160,80-89,2024,352,personer,ssb_07459,ekte
1160,90+,2024,113,personer,ssb_07459,ekte
1160,alle,2024,8938,personer,ssb_07459,ekte
4601,0-17,2024,55299,personer,ssb_07459,ekte
4601,18-29,2024,53773,personer,ssb_07459,ekte
4601,30-49,2024,82167,personer,ssb_07459,ekte
4601,50-66,2024,58110,personer,ssb_07459,ekte
4601,67-79,2024,29736,personer,ssb_07459,ekte
4601,80-89,2024,10308,personer,ssb_07459,ekte
4601,90+,2024,2547,personer,ssb_07459,ekte
4601,alle,2024,291940,personer,ssb_07459,ekte
4602,0-17,2024,3646,personer,ssb_07459,ekte
4602,18-29,2024,2470,personer,ssb_07459,ekte
4602,30-49,2024,4208,personer,ssb_07459,ekte
4602,50-66,2024,3928,personer,ssb_07459,ekte
4602,67-79,2024,2232,personer,ssb_07459,ekte
4602,80-89,2024,672,personer,ssb_07459,ekte
4602,90+,2024,193,personer,ssb_07459,ekte
4602,alle,2024,17349,personer,ssb_07459,ekte
4611,0-17,2024,855,personer,ssb_07459,ekte
4611,18-29,2024,534,personer,ssb_07459,ekte
4611,30-49,2024,944,personer,ssb_07459,ekte
4611,50-66,2024,910,personer,ssb_07459,ekte
4611,67-79,2024,559,personer,ssb_07459,ekte
4611,80-89,2024,206,personer,ssb_07459,ekte
4611,90+,2024,64,personer,ssb_07459,ekte
4611,alle,2024,4072,personer,ssb_07459,ekte
4612,0-17,2024,1315,personer,ssb_07459,ekte
4612,18-29,2024,754,personer,ssb_07459,ekte
4612,30-49,2024,1484,personer,ssb_07459,ekte
4612,50-66,2024,1187,personer,ssb_07459,ekte
4612,67-79,2024,754,personer,ssb_07459,ekte
4612,80-89,2024,201,personer,ssb_07459,ekte
4612,90+,2024,47,personer,ssb_07459,ekte
4612,alle,2024,5742,personer,ssb_07459,ekte
4613,0-17,2024,2848,personer,ssb_07459,ekte
4613,18-29,2024,1654,personer,ssb_07459,ekte
4613,30-49,2024,3095,personer,ssb_07459,ekte
4613,50-66,2024,2519,personer,ssb_07459,ekte
4613,67-79,2024,1584,personer,ssb_07459,ekte
4613,80-89,2024,455,personer,ssb_07459,ekte
4613,90+,2024,113,personer,ssb_07459,ekte
4613,alle,2024,12268,personer,ssb_07459,ekte
4614,0-17,2024,4328,personer,ssb_07459,ekte
4614,18-29,2024,2702,personer,ssb_07459,ekte
4614,30-49,2024,5043,personer,ssb_07459,ekte
4614,50-66,2024,4067,personer,ssb_07459,ekte
4614,67-79,2024,2230,personer,ssb_07459,ekte
4614,80-89,2024,740,personer,ssb_07459,ekte
4614,90+,2024,177,personer,ssb_07459,ekte
4614,alle,2024,19287,personer,ssb_07459,ekte
4615,0-17,2024,706,personer,ssb_07459,ekte
4615,18-29,2024,424,personer,ssb_07459,ekte
4615,30-49,2024,813,personer,ssb_07459,ekte
4615,50-66,2024,656,personer,ssb_07459,ekte
4615,67-79,2024,458,personer,ssb_07459,ekte
4615,80-89,2024,114,personer,ssb_07459,ekte
4615,90+,2024,32,personer,ssb_07459,ekte
4615,alle,2024,3203,personer,ssb_07459,ekte
4616,0-17,2024,590,personer,ssb_07459,ekte
4616,18-29,2024,300,personer,ssb_07459,ekte
4616,30-49,2024,683,personer,ssb_07459,ekte
4616,50-66,2024,620,personer,ssb_07459,ekte
4616,67-79,2024,531,personer,ssb_07459,ekte
4616,80-89,2024,163,personer,ssb_07459,ekte
4616,90+,2024,35,personer,ssb_07459,ekte
4616,alle,2024,2922,personer,ssb_07459,ekte
4617,0-17,2024,2620,personer,ssb_07459,ekte
4617,18-29,2024,1804,personer,ssb_07459,ekte
4617,30-49,2024,2890,personer,ssb_07459,ekte
4617,50-66,2024,2996,personer,ssb_07459,ekte
4617,67-79,2024,1924,personer,ssb_07459,ekte
4617,80-89,2024,699,personer,ssb_07459,ekte
4617,90+,2024,156,personer,ssb_07459,ekte
4617,alle,2024,13089,personer,ssb_07459,ekte
4618,0-17,2024,2034,personer,ssb_07459,ekte
4618,18-29,2024,1409,personer,ssb_07459,ekte
4618,30-49,2024,2525,personer,ssb_07459,ekte
4618,50-66,2024,2606,personer,ssb_07459,ekte
4618,67-79,2024,1627,personer,ssb_07459,ekte
4618,80-89,2024,652,personer,ssb_07459,ekte
4618,90+,2024,164,personer,ssb_07459,ekte
4618,alle,2024,11017,personer,ssb_07459,ekte
4619,0-17,2024,182,personer,ssb_07459,ekte
4619,18-29,2024,117,personer,ssb_07459,ekte
4619,30-49,2024,210,personer,ssb_07459,ekte
4619,50-66,2024,246,personer,ssb_07459,ekte
4619,67-79,2024,154,personer,ssb_07459,ekte
4619,80-89,2024,49,personer,ssb_07459,ekte
4619,90+,2024,10,personer,ssb_07459,ekte
4619,alle,2024,968,personer,ssb_07459,ekte
4620,0-17,2024,211,personer,ssb_07459,ekte
4620,18-29,2024,126,personer,ssb_07459,ekte
4620,30-49,2024,249,personer,ssb_07459,ekte
4620,50-66,2024,258,personer,ssb_07459,ekte
4620,67-79,2024,173,personer,ssb_07459,ekte
4620,80-89,2024,62,personer,ssb_07459,ekte
4620,90+,2024,10,personer,ssb_07459,ekte
4620,alle,2024,1089,personer,ssb_07459,ekte
4621,0-17,2024,3461,personer,ssb_07459,ekte
4621,18-29,2024,2153,personer,ssb_07459,ekte
4621,30-49,2024,4133,personer,ssb_07459,ekte
4621,50-66,2024,3413,personer,ssb_07459,ekte
4621,67-79,2024,2284,personer,ssb_07459,ekte
4621,80-89,2024,783,personer,ssb_07459,ekte
4621,90+,2024,244,personer,ssb_07459,ekte
4621,alle,2024,16471,personer,ssb_07459,ekte
4622,0-17,2024,1771,personer,ssb_07459,ekte
4622,18-29,2024,1063,personer,ssb_07459,ekte
4622,30-49,2024,1924,personer,ssb_07459,ekte
4622,50-66,2024,1876,personer,ssb_07459,ekte
4622,67-79,2024,1263,personer,ssb_07459,ekte
4622,80-89,2024,483,personer,ssb_07459,ekte
4622,90+,2024,116,personer,ssb_07459,ekte
4622,alle,2024,8496,personer,ssb_07459,ekte
4623,0-17,2024,518,personer,ssb_07459,ekte
4623,18-29,2024,300,personer,ssb_07459,ekte
4623,30-49,2024,589,personer,ssb_07459,ekte
4623,50-66,2024,558,personer,ssb_07459,ekte
4623,67-79,2024,406,personer,ssb_07459,ekte
4623,80-89,2024,91,personer,ssb_07459,ekte
4623,90+,2024,40,personer,ssb_07459,ekte
4623,alle,2024,2502,personer,ssb_07459,ekte
4624,0-17,2024,6026,personer,ssb_07459,ekte
4624,18-29,2024,3496,personer,ssb_07459,ekte
4624,30-49,2024,7126,personer,ssb_07459,ekte
4624,50-66,2024,5197,personer,ssb_07459,ekte
4624,67-79,2024,3130,personer,ssb_07459,ekte
4624,80-89,2024,921,personer,ssb_07459,ekte
4624,90+,2024,184,personer,ssb_07459,ekte
4624,alle,2024,26080,personer,ssb_07459,ekte
4625,0-17,2024,1278,personer,ssb_07459,ekte
4625,18-29,2024,709,personer,ssb_07459,ekte
4625,30-49,2024,1371,personer,ssb_07459,ekte
4625,50-66,2024,1018,personer,ssb_07459,ekte
4625,67-79,2024,689,personer,ssb_07459,ekte
4625,80-89,2024,189,personer,ssb_07459,ekte
4625,90+,2024,46,personer,ssb_07459,ekte
4625,alle,2024,5300,personer,ssb_07459,ekte
4626,0-17,2024,9176,personer,ssb_07459,ekte
4626,18-29,2024,5565,personer,ssb_07459,ekte
4626,30-49,2024,10662,personer,ssb_07459,ekte
4626,50-66,2024,8524,personer,ssb_07459,ekte
4626,67-79,2024,4430,personer,ssb_07459,ekte
4626,80-89,2024,1184,personer,ssb_07459,ekte
4626,90+,2024,227,personer,ssb_07459,ekte
4626,alle,2024,39768,personer,ssb_07459,ekte
4627,0-17,2024,7431,personer,ssb_07459,ekte
4627,18-29,2024,3985,personer,ssb_07459,ekte
4627,30-49,2024,8429,personer,ssb_07459,ekte
4627,50-66,2024,6004,personer,ssb_07459,ekte
4627,67-79,2024,3223,personer,ssb_07459,ekte
4627,80-89,2024,894,personer,ssb_07459,ekte
4627,90+,2024,179,personer,ssb_07459,ekte
4627,alle,2024,30145,personer,ssb_07459,ekte
4628,0-17,2024,760,personer,ssb_07459,ekte
4628,18-29,2024,471,personer,ssb_07459,ekte
4628,30-49,2024,942,personer,ssb_07459,ekte
4628,50-66,2024,865,personer,ssb_07459,ekte
4628,67-79,2024,555,personer,ssb_07459,ekte
4628,80-89,2024,205,personer,ssb_07459,ekte
4628,90+,2024,54,personer,ssb_07459,ekte
4628,alle,2024,3852,personer,ssb_07459,ekte
4629,0-17,2024,87,personer,ssb_07459,ekte
4629,18-29,2024,45,personer,ssb_07459,ekte
4629,30-49,2024,95,personer,ssb_07459,ekte
4629,50-66,2024,82,personer,ssb_07459,ekte
4629,67-79,2024,50,personer,ssb_07459,ekte
4629,80-89,2024,19,personer,ssb_07459,ekte
4629,90+,2024,6,personer,ssb_07459,ekte
4629,alle,2024,384,personer,ssb_07459,ekte
4630,0-17,2024,1775,personer,ssb_07459,ekte
4630,18-29,2024,1073,personer,ssb_07459,ekte
4630,30-49,2024,2095,personer,ssb_07459,ekte
4630,50-66,2024,1748,personer,ssb_07459,ekte
4630,67-79,2024,1068,personer,ssb_07459,ekte
4630,80-89,2024,336,personer,ssb_07459,ekte
4630,90+,2024,105,personer,ssb_07459,ekte
4630,alle,2024,8200,personer,ssb_07459,ekte
4631,0-17,2024,6759,personer,ssb_07459,ekte
4631,18-29,2024,4065,personer,ssb_07459,ekte
4631,30-49,2024,7596,personer,ssb_07459,ekte
4631,50-66,2024,6239,personer,ssb_07459,ekte
4631,67-79,2024,3971,personer,ssb_07459,ekte
4631,80-89,2024,1093,personer,ssb_07459,ekte
4631,90+,2024,263,personer,ssb_07459,ekte
4631,alle,2024,29986,personer,ssb_07459,ekte
4632,0-17,2024,563,personer,ssb_07459,ekte
4632,18-29,2024,360,personer,ssb_07459,ekte
4632,30-49,2024,716,personer,ssb_07459,ekte
4632,50-66,2024,596,personer,ssb_07459,ekte
4632,67-79,2024,455,personer,ssb_07459,ekte
4632,80-89,2024,164,personer,ssb_07459,ekte
4632,90+,2024,27,personer,ssb_07459,ekte
4632,alle,2024,2881,personer,ssb_07459,ekte
4633,0-17,2024,103,personer,ssb_07459,ekte
4633,18-29,2024,56,personer,ssb_07459,ekte
4633,30-49,2024,106,personer,ssb_07459,ekte
4633,50-66,2024,115,personer,ssb_07459,ekte
4633,67-79,2024,100,personer,ssb_07459,ekte
4633,80-89,2024,33,personer,ssb_07459,ekte
4633,90+,2024,6,personer,ssb_07459,ekte
4633,alle,2024,519,personer,ssb_07459,ekte
4634,0-17,2024,352,personer,ssb_07459,ekte
4634,18-29,2024,190,personer,ssb_07459,ekte
4634,30-49,2024,361,personer,ssb_07459,ekte
4634,50-66,2024,387,personer,ssb_07459,ekte
4634,67-79,2024,266,personer,ssb_07459,ekte
4634,80-89,2024,98,personer,ssb_07459,ekte
4634,90+,2024,40,personer,ssb_07459,ekte
4634,alle,2024,1694,personer,ssb_07459,ekte
4635,0-17,2024,394,personer,ssb_07459,ekte
4635,18-29,2024,295,personer,ssb_07459,ekte
4635,30-49,2024,505,personer,ssb_07459,ekte
4635,50-66,2024,564,personer,ssb_07459,ekte
4635,67-79,2024,331,personer,ssb_07459,ekte
4635,80-89,2024,110,personer,ssb_07459,ekte
4635,90+,2024,35,personer,ssb_07459,ekte
4635,alle,2024,2234,personer,ssb_07459,ekte
4636,0-17,2024,115,personer,ssb_07459,ekte
4636,18-29,2024,90,personer,ssb_07459,ekte
4636,30-49,2024,157,personer,ssb_07459,ekte
4636,50-66,2024,182,personer,ssb_07459,ekte
4636,67-79,2024,146,personer,ssb_07459,ekte
4636,80-89,2024,48,personer,ssb_07459,ekte
4636,90+,2024,12,personer,ssb_07459,ekte
4636,alle,2024,750,personer,ssb_07459,ekte
4637,0-17,2024,181,personer,ssb_07459,ekte
4637,18-29,2024,156,personer,ssb_07459,ekte
4637,30-49,2024,266,personer,ssb_07459,ekte
4637,50-66,2024,329,personer,ssb_07459,ekte
4637,67-79,2024,225,personer,ssb_07459,ekte
4637,80-89,2024,99,personer,ssb_07459,ekte
4637,90+,2024,12,personer,ssb_07459,ekte
4637,alle,2024,1268,personer,ssb_07459,ekte
4638,0-17,2024,632,personer,ssb_07459,ekte
4638,18-29,2024,555,personer,ssb_07459,ekte
4638,30-49,2024,749,personer,ssb_07459,ekte
4638,50-66,2024,1034,personer,ssb_07459,ekte
4638,67-79,2024,613,personer,ssb_07459,ekte
4638,80-89,2024,232,personer,ssb_07459,ekte
4638,90+,2024,64,personer,ssb_07459,ekte
4638,alle,2024,3879,personer,ssb_07459,ekte
4639,0-17,2024,480,personer,ssb_07459,ekte
4639,18-29,2024,317,personer,ssb_07459,ekte
4639,30-49,2024,540,personer,ssb_07459,ekte
4639,50-66,2024,567,personer,ssb_07459,ekte
4639,67-79,2024,440,personer,ssb_07459,ekte
4639,80-89,2024,169,personer,ssb_07459,ekte
4639,90+,2024,38,personer,ssb_07459,ekte
4639,alle,2024,2551,personer,ssb_07459,ekte
4640,0-17,2024,2601,personer,ssb_07459,ekte
4640,18-29,2024,2083,personer,ssb_07459,ekte
4640,30-49,2024,3190,personer,ssb_07459,ekte
4640,50-66,2024,2376,personer,ssb_07459,ekte
4640,67-79,2024,1471,personer,ssb_07459,ekte
4640,80-89,2024,486,personer,ssb_07459,ekte
4640,90+,2024,112,personer,ssb_07459,ekte
4640,alle,2024,12319,personer,ssb_07459,ekte
4641,0-17,2024,312,personer,ssb_07459,ekte
4641,18-29,2024,233,personer,ssb_07459,ekte
4641,30-49,2024,479,personer,ssb_07459,ekte
4641,50-66,2024,440,personer,ssb_07459,ekte
4641,67-79,2024,235,personer,ssb_07459,ekte
4641,80-89,2024,78,personer,ssb_07459,ekte
4641,90+,2024,23,personer,ssb_07459,ekte
4641,alle,2024,1800,personer,ssb_07459,ekte
4642,0-17,2024,411,personer,ssb_07459,ekte
4642,18-29,2024,275,personer,ssb_07459,ekte
4642,30-49,2024,482,personer,ssb_07459,ekte
4642,50-66,2024,517,personer,ssb_07459,ekte
4642,67-79,2024,356,personer,ssb_07459,ekte
4642,80-89,2024,88,personer,ssb_07459,ekte
4642,90+,2024,31,personer,ssb_07459,ekte
4642,alle,2024,2160,personer,ssb_07459,ekte
4643,0-17,2024,938,personer,ssb_07459,ekte
4643,18-29,2024,704,personer,ssb_07459,ekte
4643,30-49,2024,1148,personer,ssb_07459,ekte
4643,50-66,2024,1332,personer,ssb_07459,ekte
4643,67-79,2024,735,personer,ssb_07459,ekte
4643,80-89,2024,294,personer,ssb_07459,ekte
4643,90+,2024,88,personer,ssb_07459,ekte
4643,alle,2024,5239,personer,ssb_07459,ekte
4644,0-17,2024,1153,personer,ssb_07459,ekte
4644,18-29,2024,702,personer,ssb_07459,ekte
4644,30-49,2024,1242,personer,ssb_07459,ekte
4644,50-66,2024,1184,personer,ssb_07459,ekte
4644,67-79,2024,741,personer,ssb_07459,ekte
4644,80-89,2024,278,personer,ssb_07459,ekte
4644,90+,2024,71,personer,ssb_07459,ekte
4644,alle,2024,5371,personer,ssb_07459,ekte
4645,0-17,2024,605,personer,ssb_07459,ekte
4645,18-29,2024,334,personer,ssb_07459,ekte
4645,30-49,2024,625,personer,ssb_07459,ekte
4645,50-66,2024,696,personer,ssb_07459,ekte
4645,67-79,2024,502,personer,ssb_07459,ekte
4645,80-89,2024,175,personer,ssb_07459,ekte
4645,90+,2024,49,personer,ssb_07459,ekte
4645,alle,2024,2986,personer,ssb_07459,ekte
4646,0-17,2024,643,personer,ssb_07459,ekte
4646,18-29,2024,458,personer,ssb_07459,ekte
4646,30-49,2024,599,personer,ssb_07459,ekte
4646,50-66,2024,553,personer,ssb_07459,ekte
4646,67-79,2024,427,personer,ssb_07459,ekte
4646,80-89,2024,160,personer,ssb_07459,ekte
4646,90+,2024,29,personer,ssb_07459,ekte
4646,alle,2024,2869,personer,ssb_07459,ekte
4647,0-17,2024,5004,personer,ssb_07459,ekte
4647,18-29,2024,3432,personer,ssb_07459,ekte
4647,30-49,2024,5658,personer,ssb_07459,ekte
4647,50-66,2024,4701,personer,ssb_07459,ekte
4647,67-79,2024,2683,personer,ssb_07459,ekte
4647,80-89,2024,786,personer,ssb_07459,ekte
4647,90+,2024,186,personer,ssb_07459,ekte
4647,alle,2024,22450,personer,ssb_07459,ekte
4648,0-17,2024,589,personer,ssb_07459,ekte
4648,18-29,2024,436,personer,ssb_07459,ekte
4648,30-49,2024,683,personer,ssb_07459,ekte
4648,50-66,2024,843,personer,ssb_07459,ekte
4648,67-79,2024,555,personer,ssb_07459,ekte
4648,80-89,2024,223,personer,ssb_07459,ekte
4648,90+,2024,63,personer,ssb_07459,ekte
4648,alle,2024,3392,personer,ssb_07459,ekte
4649,0-17,2024,2012,personer,ssb_07459,ekte
4649,18-29,2024,1315,personer,ssb_07459,ekte
4649,30-49,2024,2217,personer,ssb_07459,ekte
4649,50-66,2024,2150,personer,ssb_07459,ekte
4649,67-79,2024,1332,personer,ssb_07459,ekte
4649,80-89,2024,467,personer,ssb_07459,ekte
4649,90+,2024,117,personer,ssb_07459,ekte
4649,alle,2024,9610,personer,ssb_07459,ekte
4650,0-17,2024,1263,personer,ssb_07459,ekte
4650,18-29,2024,782,personer,ssb_07459,ekte
4650,30-49,2024,1344,personer,ssb_07459,ekte
4650,50-66,2024,1273,personer,ssb_07459,ekte
4650,67-79,2024,891,personer,ssb_07459,ekte
4650,80-89,2024,296,personer,ssb_07459,ekte
4650,90+,2024,77,personer,ssb_07459,ekte
4650,alle,2024,5926,personer,ssb_07459,ekte
4651,0-17,2024,1525,personer,ssb_07459,ekte
4651,18-29,2024,1034,personer,ssb_07459,ekte
4651,30-49,2024,1771,personer,ssb_07459,ekte
4651,50-66,2024,1578,personer,ssb_07459,ekte
4651,67-79,2024,968,personer,ssb_07459,ekte
4651,80-89,2024,326,personer,ssb_07459,ekte
4651,90+,2024,69,personer,ssb_07459,ekte
4651,alle,2024,7271,personer,ssb_07459,ekte
1505,0-17,2024,4494,personer,ssb_07459,ekte
1505,18-29,2024,3434,personer,ssb_07459,ekte
1505,30-49,2024,6207,personer,ssb_07459,ekte
1505,50-66,2024,5473,personer,ssb_07459,ekte
1505,67-79,2024,3591,personer,ssb_07459,ekte
1505,80-89,2024,989,personer,ssb_07459,ekte
1505,90+,2024,216,personer,ssb_07459,ekte
1505,alle,2024,24404,personer,ssb_07459,ekte
1506,0-17,2024,6476,personer,ssb_07459,ekte
1506,18-29,2024,4721,personer,ssb_07459,ekte
1506,30-49,2024,8155,personer,ssb_07459,ekte
1506,50-66,2024,7130,personer,ssb_07459,ekte
1506,67-79,2024,4552,personer,ssb_07459,ekte
1506,80-89,2024,1442,personer,ssb_07459,ekte
1506,90+,2024,340,personer,ssb_07459,ekte
1506,alle,2024,32816,personer,ssb_07459,ekte
1508,0-17,2024,11890,personer,ssb_07459,ekte
1508,18-29,2024,9351,personer,ssb_07459,ekte
1508,30-49,2024,15735,personer,ssb_07459,ekte
1508,50-66,2024,12056,personer,ssb_07459,ekte
1508,67-79,2024,6855,personer,ssb_07459,ekte
1508,80-89,2024,2101,personer,ssb_07459,ekte
1508,90+,2024,521,personer,ssb_07459,ekte
1508,alle,2024,58509,personer,ssb_07459,ekte
1511,0-17,2024,466,personer,ssb_07459,ekte
1511,18-29,2024,368,personer,ssb_07459,ekte
1511,30-49,2024,592,personer,ssb_07459,ekte
1511,50-66,2024,755,personer,ssb_07459,ekte
1511,67-79,2024,604,personer,ssb_07459,ekte
1511,80-89,2024,197,personer,ssb_07459,ekte
1511,90+,2024,44,personer,ssb_07459,ekte
1511,alle,2024,3026,personer,ssb_07459,ekte
1514,0-17,2024,445,personer,ssb_07459,ekte
1514,18-29,2024,286,personer,ssb_07459,ekte
1514,30-49,2024,540,personer,ssb_07459,ekte
1514,50-66,2024,641,personer,ssb_07459,ekte
1514,67-79,2024,360,personer,ssb_07459,ekte
1514,80-89,2024,131,personer,ssb_07459,ekte
1514,90+,2024,35,personer,ssb_07459,ekte
1514,alle,2024,2438,personer,ssb_07459,ekte
1515,0-17,2024,1861,personer,ssb_07459,ekte
1515,18-29,2024,1127,personer,ssb_07459,ekte
1515,30-49,2024,2205,personer,ssb_07459,ekte
1515,50-66,2024,2053,personer,ssb_07459,ekte
1515,67-79,2024,1212,personer,ssb_07459,ekte
1515,80-89,2024,402,personer,ssb_07459,ekte
1515,90+,2024,108,personer,ssb_07459,ekte
1515,alle,2024,8968,personer,ssb_07459,ekte
1516,0-17,2024,1935,personer,ssb_07459,ekte
1516,18-29,2024,1282,personer,ssb_07459,ekte
1516,30-49,2024,2231,personer,ssb_07459,ekte
1516,50-66,2024,1983,personer,ssb_07459,ekte
1516,67-79,2024,1013,personer,ssb_07459,ekte
1516,80-89,2024,347,personer,ssb_07459,ekte
1516,90+,2024,70,personer,ssb_07459,ekte
1516,alle,2024,8861,personer,ssb_07459,ekte
1517,0-17,2024,1187,personer,ssb_07459,ekte
1517,18-29,2024,692,personer,ssb_07459,ekte
1517,30-49,2024,1409,personer,ssb_07459,ekte
1517,50-66,2024,1107,personer,ssb_07459,ekte
1517,67-79,2024,674,personer,ssb_07459,ekte
1517,80-89,2024,199,personer,ssb_07459,ekte
1517,90+,2024,54,personer,ssb_07459,ekte
1517,alle,2024,5322,personer,ssb_07459,ekte
1520,0-17,2024,2368,personer,ssb_07459,ekte
1520,18-29,2024,1483,personer,ssb_07459,ekte
1520,30-49,2024,2680,personer,ssb_07459,ekte
1520,50-66,2024,2297,personer,ssb_07459,ekte
1520,67-79,2024,1496,personer,ssb_07459,ekte
1520,80-89,2024,491,personer,ssb_07459,ekte
1520,90+,2024,143,personer,ssb_07459,ekte
1520,alle,2024,10958,personer,ssb_07459,ekte
1525,0-17,2024,747,personer,ssb_07459,ekte
1525,18-29,2024,541,personer,ssb_07459,ekte
1525,30-49,2024,1093,personer,ssb_07459,ekte
1525,50-66,2024,1024,personer,ssb_07459,ekte
1525,67-79,2024,608,personer,ssb_07459,ekte
1525,80-89,2024,258,personer,ssb_07459,ekte
1525,90+,2024,77,personer,ssb_07459,ekte
1525,alle,2024,4348,personer,ssb_07459,ekte
1528,0-17,2024,1540,personer,ssb_07459,ekte
1528,18-29,2024,936,personer,ssb_07459,ekte
1528,30-49,2024,1853,personer,ssb_07459,ekte
1528,50-66,2024,1780,personer,ssb_07459,ekte
1528,67-79,2024,1076,personer,ssb_07459,ekte
1528,80-89,2024,349,personer,ssb_07459,ekte
1528,90+,2024,83,personer,ssb_07459,ekte
1528,alle,2024,7617,personer,ssb_07459,ekte
1531,0-17,2024,2355,personer,ssb_07459,ekte
1531,18-29,2024,1322,personer,ssb_07459,ekte
1531,30-49,2024,2673,personer,ssb_07459,ekte
1531,50-66,2024,1871,personer,ssb_07459,ekte
1531,67-79,2024,1074,personer,ssb_07459,ekte
1531,80-89,2024,314,personer,ssb_07459,ekte
1531,90+,2024,111,personer,ssb_07459,ekte
1531,alle,2024,9720,personer,ssb_07459,ekte
1532,0-17,2024,2118,personer,ssb_07459,ekte
1532,18-29,2024,1144,personer,ssb_07459,ekte
1532,30-49,2024,2333,personer,ssb_07459,ekte
1532,50-66,2024,1720,personer,ssb_07459,ekte
1532,67-79,2024,984,personer,ssb_07459,ekte
1532,80-89,2024,317,personer,ssb_07459,ekte
1532,90+,2024,75,personer,ssb_07459,ekte
1532,alle,2024,8691,personer,ssb_07459,ekte
1535,0-17,2024,1367,personer,ssb_07459,ekte
1535,18-29,2024,913,personer,ssb_07459,ekte
1535,30-49,2024,1679,personer,ssb_07459,ekte
1535,50-66,2024,1681,personer,ssb_07459,ekte
1535,67-79,2024,1130,personer,ssb_07459,ekte
1535,80-89,2024,307,personer,ssb_07459,ekte
1535,90+,2024,70,personer,ssb_07459,ekte
1535,alle,2024,7147,personer,ssb_07459,ekte
1539,0-17,2024,1511,personer,ssb_07459,ekte
1539,18-29,2024,883,personer,ssb_07459,ekte
1539,30-49,2024,1764,personer,ssb_07459,ekte
1539,50-66,2024,1603,personer,ssb_07459,ekte
1539,67-79,2024,1078,personer,ssb_07459,ekte
1539,80-89,2024,366,personer,ssb_07459,ekte
1539,90+,2024,94,personer,ssb_07459,ekte
1539,alle,2024,7299,personer,ssb_07459,ekte
1547,0-17,2024,812,personer,ssb_07459,ekte
1547,18-29,2024,504,personer,ssb_07459,ekte
1547,30-49,2024,953,personer,ssb_07459,ekte
1547,50-66,2024,734,personer,ssb_07459,ekte
1547,67-79,2024,471,personer,ssb_07459,ekte
1547,80-89,2024,160,personer,ssb_07459,ekte
1547,90+,2024,44,personer,ssb_07459,ekte
1547,alle,2024,3678,personer,ssb_07459,ekte
1554,0-17,2024,1169,personer,ssb_07459,ekte
1554,18-29,2024,755,personer,ssb_07459,ekte
1554,30-49,2024,1419,personer,ssb_07459,ekte
1554,50-66,2024,1395,personer,ssb_07459,ekte
1554,67-79,2024,887,personer,ssb_07459,ekte
1554,80-89,2024,269,personer,ssb_07459,ekte
1554,90+,2024,61,personer,ssb_07459,ekte
1554,alle,2024,5955,personer,ssb_07459,ekte
1557,0-17,2024,526,personer,ssb_07459,ekte
1557,18-29,2024,368,personer,ssb_07459,ekte
1557,30-49,2024,643,personer,ssb_07459,ekte
1557,50-66,2024,584,personer,ssb_07459,ekte
1557,67-79,2024,443,personer,ssb_07459,ekte
1557,80-89,2024,112,personer,ssb_07459,ekte
1557,90+,2024,24,personer,ssb_07459,ekte
1557,alle,2024,2700,personer,ssb_07459,ekte
1560,0-17,2024,541,personer,ssb_07459,ekte
1560,18-29,2024,354,personer,ssb_07459,ekte
1560,30-49,2024,680,personer,ssb_07459,ekte
1560,50-66,2024,752,personer,ssb_07459,ekte
1560,67-79,2024,485,personer,ssb_07459,ekte
1560,80-89,2024,191,personer,ssb_07459,ekte
1560,90+,2024,38,personer,ssb_07459,ekte
1560,alle,2024,3041,personer,ssb_07459,ekte
1563,0-17,2024,1356,personer,ssb_07459,ekte
1563,18-29,2024,1006,personer,ssb_07459,ekte
1563,30-49,2024,1597,personer,ssb_07459,ekte
1563,50-66,2024,1784,personer,ssb_07459,ekte
1563,67-79,2024,1044,personer,ssb_07459,ekte
1563,80-89,2024,342,personer,ssb_07459,ekte
1563,90+,2024,98,personer,ssb_07459,ekte
1563,alle,2024,7227,personer,ssb_07459,ekte
1566,0-17,2024,1135,personer,ssb_07459,ekte
1566,18-29,2024,771,personer,ssb_07459,ekte
1566,30-49,2024,1256,personer,ssb_07459,ekte
1566,50-66,2024,1441,personer,ssb_07459,ekte
1566,67-79,2024,941,personer,ssb_07459,ekte
1566,80-89,2024,349,personer,ssb_07459,ekte
1566,90+,2024,60,personer,ssb_07459,ekte
1566,alle,2024,5953,personer,ssb_07459,ekte
1573,0-17,2024,378,personer,ssb_07459,ekte
1573,18-29,2024,252,personer,ssb_07459,ekte
1573,30-49,2024,495,personer,ssb_07459,ekte
1573,50-66,2024,517,personer,ssb_07459,ekte
1573,67-79,2024,368,personer,ssb_07459,ekte
1573,80-89,2024,122,personer,ssb_07459,ekte
1573,90+,2024,27,personer,ssb_07459,ekte
1573,alle,2024,2159,personer,ssb_07459,ekte
1576,0-17,2024,584,personer,ssb_07459,ekte
1576,18-29,2024,418,personer,ssb_07459,ekte
1576,30-49,2024,721,personer,ssb_07459,ekte
1576,50-66,2024,869,personer,ssb_07459,ekte
1576,67-79,2024,600,personer,ssb_07459,ekte
1576,80-89,2024,175,personer,ssb_07459,ekte
1576,90+,2024,41,personer,ssb_07459,ekte
1576,alle,2024,3408,personer,ssb_07459,ekte
1577,0-17,2024,2232,personer,ssb_07459,ekte
1577,18-29,2024,2118,personer,ssb_07459,ekte
1577,30-49,2024,2590,personer,ssb_07459,ekte
1577,50-66,2024,2130,personer,ssb_07459,ekte
1577,67-79,2024,1401,personer,ssb_07459,ekte
1577,80-89,2024,497,personer,ssb_07459,ekte
1577,90+,2024,125,personer,ssb_07459,ekte
1577,alle,2024,11093,personer,ssb_07459,ekte
1578,0-17,2024,446,personer,ssb_07459,ekte
1578,18-29,2024,320,personer,ssb_07459,ekte
1578,30-49,2024,488,personer,ssb_07459,ekte
1578,50-66,2024,635,personer,ssb_07459,ekte
1578,67-79,2024,390,personer,ssb_07459,ekte
1578,80-89,2024,175,personer,ssb_07459,ekte
1578,90+,2024,38,personer,ssb_07459,ekte
1578,alle,2024,2492,personer,ssb_07459,ekte
1579,0-17,2024,2871,personer,ssb_07459,ekte
1579,18-29,2024,1806,personer,ssb_07459,ekte
1579,30-49,2024,3386,personer,ssb_07459,ekte
1579,50-66,2024,2876,personer,ssb_07459,ekte
1579,67-79,2024,1840,personer,ssb_07459,ekte
1579,80-89,2024,551,personer,ssb_07459,ekte
1579,90+,2024,107,personer,ssb_07459,ekte
1579,alle,2024,13437,personer,ssb_07459,ekte
1580,0-17,2024,1929,personer,ssb_07459,ekte
1580,18-29,2024,1178,personer,ssb_07459,ekte
1580,30-49,2024,2305,personer,ssb_07459,ekte
1580,50-66,2024,2062,personer,ssb_07459,ekte
1580,67-79,2024,1329,personer,ssb_07459,ekte
1580,80-89,2024,430,personer,ssb_07459,ekte
1580,90+,2024,124,personer,ssb_07459,ekte
1580,alle,2024,9357,personer,ssb_07459,ekte
5001,0-17,2024,40416,personer,ssb_07459,ekte
5001,18-29,2024,43607,personer,ssb_07459,ekte
5001,30-49,2024,60699,personer,ssb_07459,ekte
5001,50-66,2024,40447,personer,ssb_07459,ekte
5001,67-79,2024,21374,personer,ssb_07459,ekte
5001,80-89,2024,6664,personer,ssb_07459,ekte
5001,90+,2024,1358,personer,ssb_07459,ekte
5001,alle,2024,214565,personer,ssb_07459,ekte
5006,0-17,2024,4708,personer,ssb_07459,ekte
5006,18-29,2024,3184,personer,ssb_07459,ekte
5006,30-49,2024,5532,personer,ssb_07459,ekte
5006,50-66,2024,5486,personer,ssb_07459,ekte
5006,67-79,2024,3574,personer,ssb_07459,ekte
5006,80-89,2024,1281,personer,ssb_07459,ekte
5006,90+,2024,267,personer,ssb_07459,ekte
5006,alle,2024,24032,personer,ssb_07459,ekte
5007,0-17,2024,2975,personer,ssb_07459,ekte
5007,18-29,2024,2261,personer,ssb_07459,ekte
5007,30-49,2024,3376,personer,ssb_07459,ekte
5007,50-66,2024,3446,personer,ssb_07459,ekte
5007,67-79,2024,2174,personer,ssb_07459,ekte
5007,80-89,2024,711,personer,ssb_07459,ekte
5007,90+,2024,140,personer,ssb_07459,ekte
5007,alle,2024,15083,personer,ssb_07459,ekte
5014,0-17,2024,1046,personer,ssb_07459,ekte
5014,18-29,2024,856,personer,ssb_07459,ekte
5014,30-49,2024,1579,personer,ssb_07459,ekte
5014,50-66,2024,1153,personer,ssb_07459,ekte
5014,67-79,2024,592,personer,ssb_07459,ekte
5014,80-89,2024,190,personer,ssb_07459,ekte
5014,90+,2024,37,personer,ssb_07459,ekte
5014,alle,2024,5453,personer,ssb_07459,ekte
5020,0-17,2024,149,personer,ssb_07459,ekte
5020,18-29,2024,98,personer,ssb_07459,ekte
5020,30-49,2024,181,personer,ssb_07459,ekte
5020,50-66,2024,209,personer,ssb_07459,ekte
5020,67-79,2024,187,personer,ssb_07459,ekte
5020,80-89,2024,65,personer,ssb_07459,ekte
5020,90+,2024,9,personer,ssb_07459,ekte
5020,alle,2024,898,personer,ssb_07459,ekte
5021,0-17,2024,1556,personer,ssb_07459,ekte
5021,18-29,2024,943,personer,ssb_07459,ekte
5021,30-49,2024,1751,personer,ssb_07459,ekte
5021,50-66,2024,1658,personer,ssb_07459,ekte
5021,67-79,2024,1047,personer,ssb_07459,ekte
5021,80-89,2024,361,personer,ssb_07459,ekte
5021,90+,2024,73,personer,ssb_07459,ekte
5021,alle,2024,7389,personer,ssb_07459,ekte
5022,0-17,2024,464,personer,ssb_07459,ekte
5022,18-29,2024,299,personer,ssb_07459,ekte
5022,30-49,2024,484,personer,ssb_07459,ekte
5022,50-66,2024,613,personer,ssb_07459,ekte
5022,67-79,2024,441,personer,ssb_07459,ekte
5022,80-89,2024,156,personer,ssb_07459,ekte
5022,90+,2024,27,personer,ssb_07459,ekte
5022,alle,2024,2484,personer,ssb_07459,ekte
5025,0-17,2024,1000,personer,ssb_07459,ekte
5025,18-29,2024,694,personer,ssb_07459,ekte
5025,30-49,2024,1308,personer,ssb_07459,ekte
5025,50-66,2024,1348,personer,ssb_07459,ekte
5025,67-79,2024,980,personer,ssb_07459,ekte
5025,80-89,2024,302,personer,ssb_07459,ekte
5025,90+,2024,53,personer,ssb_07459,ekte
5025,alle,2024,5685,personer,ssb_07459,ekte
5026,0-17,2024,360,personer,ssb_07459,ekte
5026,18-29,2024,252,personer,ssb_07459,ekte
5026,30-49,2024,412,personer,ssb_07459,ekte
5026,50-66,2024,500,personer,ssb_07459,ekte
5026,67-79,2024,343,personer,ssb_07459,ekte
5026,80-89,2024,153,personer,ssb_07459,ekte
5026,90+,2024,15,personer,ssb_07459,ekte
5026,alle,2024,2035,personer,ssb_07459,ekte
5027,0-17,2024,1270,personer,ssb_07459,ekte
5027,18-29,2024,823,personer,ssb_07459,ekte
5027,30-49,2024,1473,personer,ssb_07459,ekte
5027,50-66,2024,1399,personer,ssb_07459,ekte
5027,67-79,2024,817,personer,ssb_07459,ekte
5027,80-89,2024,290,personer,ssb_07459,ekte
5027,90+,2024,68,personer,ssb_07459,ekte
5027,alle,2024,6140,personer,ssb_07459,ekte
5028,0-17,2024,3871,personer,ssb_07459,ekte
5028,18-29,2024,2494,personer,ssb_07459,ekte
5028,30-49,2024,4689,personer,ssb_07459,ekte
5028,50-66,2024,3665,personer,ssb_07459,ekte
5028,67-79,2024,1971,personer,ssb_07459,ekte
5028,80-89,2024,717,personer,ssb_07459,ekte
5028,90+,2024,153,personer,ssb_07459,ekte
5028,alle,2024,17560,personer,ssb_07459,ekte
5029,0-17,2024,2116,personer,ssb_07459,ekte
5029,18-29,2024,1044,personer,ssb_07459,ekte
5029,30-49,2024,2349,personer,ssb_07459,ekte
5029,50-66,2024,1760,personer,ssb_07459,ekte
5029,67-79,2024,885,personer,ssb_07459,ekte
5029,80-89,2024,264,personer,ssb_07459,ekte
5029,90+,2024,66,personer,ssb_07459,ekte
5029,alle,2024,8484,personer,ssb_07459,ekte
5031,0-17,2024,3503,personer,ssb_07459,ekte
5031,18-29,2024,1940,personer,ssb_07459,ekte
5031,30-49,2024,4120,personer,ssb_07459,ekte
5031,50-66,2024,3217,personer,ssb_07459,ekte
5031,67-79,2024,1448,personer,ssb_07459,ekte
5031,80-89,2024,467,personer,ssb_07459,ekte
5031,90+,2024,88,personer,ssb_07459,ekte
5031,alle,2024,14783,personer,ssb_07459,ekte
5032,0-17,2024,811,personer,ssb_07459,ekte
5032,18-29,2024,539,personer,ssb_07459,ekte
5032,30-49,2024,979,personer,ssb_07459,ekte
5032,50-66,2024,986,personer,ssb_07459,ekte
5032,67-79,2024,594,personer,ssb_07459,ekte
5032,80-89,2024,246,personer,ssb_07459,ekte
5032,90+,2024,61,personer,ssb_07459,ekte
5032,alle,2024,4216,personer,ssb_07459,ekte
5033,0-17,2024,120,personer,ssb_07459,ekte
5033,18-29,2024,79,personer,ssb_07459,ekte
5033,30-49,2024,152,personer,ssb_07459,ekte
5033,50-66,2024,209,personer,ssb_07459,ekte
5033,67-79,2024,133,personer,ssb_07459,ekte
5033,80-89,2024,66,personer,ssb_07459,ekte
5033,90+,2024,14,personer,ssb_07459,ekte
5033,alle,2024,773,personer,ssb_07459,ekte
5034,0-17,2024,450,personer,ssb_07459,ekte
5034,18-29,2024,285,personer,ssb_07459,ekte
5034,30-49,2024,561,personer,ssb_07459,ekte
5034,50-66,2024,590,personer,ssb_07459,ekte
5034,67-79,2024,407,personer,ssb_07459,ekte
5034,80-89,2024,124,personer,ssb_07459,ekte
5034,90+,2024,37,personer,ssb_07459,ekte
5034,alle,2024,2454,personer,ssb_07459,ekte
5035,0-17,2024,5251,personer,ssb_07459,ekte
5035,18-29,2024,3459,personer,ssb_07459,ekte
5035,30-49,2024,6013,personer,ssb_07459,ekte
5035,50-66,2024,5589,personer,ssb_07459,ekte
5035,67-79,2024,3176,personer,ssb_07459,ekte
5035,80-89,2024,1050,personer,ssb_07459,ekte
5035,90+,2024,179,personer,ssb_07459,ekte
5035,alle,2024,24717,personer,ssb_07459,ekte
5036,0-17,2024,503,personer,ssb_07459,ekte
5036,18-29,2024,353,personer,ssb_07459,ekte
5036,30-49,2024,560,personer,ssb_07459,ekte
5036,50-66,2024,645,personer,ssb_07459,ekte
5036,67-79,2024,406,personer,ssb_07459,ekte
5036,80-89,2024,146,personer,ssb_07459,ekte
5036,90+,2024,32,personer,ssb_07459,ekte
5036,alle,2024,2645,personer,ssb_07459,ekte
5037,0-17,2024,4395,personer,ssb_07459,ekte
5037,18-29,2024,3028,personer,ssb_07459,ekte
5037,30-49,2024,4898,personer,ssb_07459,ekte
5037,50-66,2024,4418,personer,ssb_07459,ekte
5037,67-79,2024,2730,personer,ssb_07459,ekte
5037,80-89,2024,912,personer,ssb_07459,ekte
5037,90+,2024,193,personer,ssb_07459,ekte
5037,alle,2024,20574,personer,ssb_07459,ekte
5038,0-17,2024,3006,personer,ssb_07459,ekte
5038,18-29,2024,2225,personer,ssb_07459,ekte
5038,30-49,2024,3565,personer,ssb_07459,ekte
5038,50-66,2024,3366,personer,ssb_07459,ekte
5038,67-79,2024,2278,personer,ssb_07459,ekte
5038,80-89,2024,627,personer,ssb_07459,ekte
5038,90+,2024,126,personer,ssb_07459,ekte
5038,alle,2024,15193,personer,ssb_07459,ekte
5041,0-17,2024,411,personer,ssb_07459,ekte
5041,18-29,2024,281,personer,ssb_07459,ekte
5041,30-49,2024,434,personer,ssb_07459,ekte
5041,50-66,2024,523,personer,ssb_07459,ekte
5041,67-79,2024,301,personer,ssb_07459,ekte
5041,80-89,2024,140,personer,ssb_07459,ekte
5041,90+,2024,24,personer,ssb_07459,ekte
5041,alle,2024,2114,personer,ssb_07459,ekte
5042,0-17,2024,212,personer,ssb_07459,ekte
5042,18-29,2024,172,personer,ssb_07459,ekte
5042,30-49,2024,259,personer,ssb_07459,ekte
5042,50-66,2024,313,personer,ssb_07459,ekte
5042,67-79,2024,243,personer,ssb_07459,ekte
5042,80-89,2024,83,personer,ssb_07459,ekte
5042,90+,2024,19,personer,ssb_07459,ekte
5042,alle,2024,1301,personer,ssb_07459,ekte
5043,0-17,2024,75,personer,ssb_07459,ekte
5043,18-29,2024,44,personer,ssb_07459,ekte
5043,30-49,2024,82,personer,ssb_07459,ekte
5043,50-66,2024,103,personer,ssb_07459,ekte
5043,67-79,2024,83,personer,ssb_07459,ekte
5043,80-89,2024,29,personer,ssb_07459,ekte
5043,90+,2024,7,personer,ssb_07459,ekte
5043,alle,2024,423,personer,ssb_07459,ekte
5044,0-17,2024,139,personer,ssb_07459,ekte
5044,18-29,2024,96,personer,ssb_07459,ekte
5044,30-49,2024,149,personer,ssb_07459,ekte
5044,50-66,2024,215,personer,ssb_07459,ekte
5044,67-79,2024,137,personer,ssb_07459,ekte
5044,80-89,2024,66,personer,ssb_07459,ekte
5044,90+,2024,8,personer,ssb_07459,ekte
5044,alle,2024,810,personer,ssb_07459,ekte
5045,0-17,2024,464,personer,ssb_07459,ekte
5045,18-29,2024,277,personer,ssb_07459,ekte
5045,30-49,2024,506,personer,ssb_07459,ekte
5045,50-66,2024,541,personer,ssb_07459,ekte
5045,67-79,2024,352,personer,ssb_07459,ekte
5045,80-89,2024,145,personer,ssb_07459,ekte
5045,90+,2024,37,personer,ssb_07459,ekte
5045,alle,2024,2322,personer,ssb_07459,ekte
5046,0-17,2024,243,personer,ssb_07459,ekte
5046,18-29,2024,155,personer,ssb_07459,ekte
5046,30-49,2024,257,personer,ssb_07459,ekte
5046,50-66,2024,266,personer,ssb_07459,ekte
5046,67-79,2024,210,personer,ssb_07459,ekte
5046,80-89,2024,78,personer,ssb_07459,ekte
5046,90+,2024,13,personer,ssb_07459,ekte
5046,alle,2024,1222,personer,ssb_07459,ekte
5047,0-17,2024,921,personer,ssb_07459,ekte
5047,18-29,2024,517,personer,ssb_07459,ekte
5047,30-49,2024,1000,personer,ssb_07459,ekte
5047,50-66,2024,823,personer,ssb_07459,ekte
5047,67-79,2024,477,personer,ssb_07459,ekte
5047,80-89,2024,156,personer,ssb_07459,ekte
5047,90+,2024,30,personer,ssb_07459,ekte
5047,alle,2024,3924,personer,ssb_07459,ekte
5049,0-17,2024,180,personer,ssb_07459,ekte
5049,18-29,2024,151,personer,ssb_07459,ekte
5049,30-49,2024,224,personer,ssb_07459,ekte
5049,50-66,2024,286,personer,ssb_07459,ekte
5049,67-79,2024,198,personer,ssb_07459,ekte
5049,80-89,2024,66,personer,ssb_07459,ekte
5049,90+,2024,11,personer,ssb_07459,ekte
5049,alle,2024,1116,personer,ssb_07459,ekte
5052,0-17,2024,110,personer,ssb_07459,ekte
5052,18-29,2024,63,personer,ssb_07459,ekte
5052,30-49,2024,115,personer,ssb_07459,ekte
5052,50-66,2024,156,personer,ssb_07459,ekte
5052,67-79,2024,116,personer,ssb_07459,ekte
5052,80-89,2024,36,personer,ssb_07459,ekte
5052,90+,2024,8,personer,ssb_07459,ekte
5052,alle,2024,604,personer,ssb_07459,ekte
5053,0-17,2024,1446,personer,ssb_07459,ekte
5053,18-29,2024,897,personer,ssb_07459,ekte
5053,30-49,2024,1605,personer,ssb_07459,ekte
5053,50-66,2024,1555,personer,ssb_07459,ekte
5053,67-79,2024,1061,personer,ssb_07459,ekte
5053,80-89,2024,314,personer,ssb_07459,ekte
5053,90+,2024,60,personer,ssb_07459,ekte
5053,alle,2024,6938,personer,ssb_07459,ekte
5054,0-17,2024,1956,personer,ssb_07459,ekte
5054,18-29,2024,1298,personer,ssb_07459,ekte
5054,30-49,2024,2191,personer,ssb_07459,ekte
5054,50-66,2024,2352,personer,ssb_07459,ekte
5054,67-79,2024,1585,personer,ssb_07459,ekte
5054,80-89,2024,541,personer,ssb_07459,ekte
5054,90+,2024,100,personer,ssb_07459,ekte
5054,alle,2024,10023,personer,ssb_07459,ekte
5055,0-17,2024,1154,personer,ssb_07459,ekte
5055,18-29,2024,799,personer,ssb_07459,ekte
5055,30-49,2024,1330,personer,ssb_07459,ekte
5055,50-66,2024,1404,personer,ssb_07459,ekte
5055,67-79,2024,982,personer,ssb_07459,ekte
5055,80-89,2024,357,personer,ssb_07459,ekte
5055,90+,2024,67,personer,ssb_07459,ekte
5055,alle,2024,6093,personer,ssb_07459,ekte
5056,0-17,2024,970,personer,ssb_07459,ekte
5056,18-29,2024,755,personer,ssb_07459,ekte
5056,30-49,2024,1444,personer,ssb_07459,ekte
5056,50-66,2024,1185,personer,ssb_07459,ekte
5056,67-79,2024,702,personer,ssb_07459,ekte
5056,80-89,2024,221,personer,ssb_07459,ekte
5056,90+,2024,46,personer,ssb_07459,ekte
5056,alle,2024,5323,personer,ssb_07459,ekte
5057,0-17,2024,2140,personer,ssb_07459,ekte
5057,18-29,2024,1524,personer,ssb_07459,ekte
5057,30-49,2024,2435,personer,ssb_07459,ekte
5057,50-66,2024,2324,personer,ssb_07459,ekte
5057,67-79,2024,1425,personer,ssb_07459,ekte
5057,80-89,2024,564,personer,ssb_07459,ekte
5057,90+,2024,110,personer,ssb_07459,ekte
5057,alle,2024,10522,personer,ssb_07459,ekte
5058,0-17,2024,815,personer,ssb_07459,ekte
5058,18-29,2024,562,personer,ssb_07459,ekte
5058,30-49,2024,898,personer,ssb_07459,ekte
5058,50-66,2024,1067,personer,ssb_07459,ekte
5058,67-79,2024,696,personer,ssb_07459,ekte
5058,80-89,2024,250,personer,ssb_07459,ekte
5058,90+,2024,51,personer,ssb_07459,ekte
5058,alle,2024,4339,personer,ssb_07459,ekte
5059,0-17,2024,3767,personer,ssb_07459,ekte
5059,18-29,2024,2382,personer,ssb_07459,ekte
5059,30-49,2024,4591,personer,ssb_07459,ekte
5059,50-66,2024,4288,personer,ssb_07459,ekte
5059,67-79,2024,2699,personer,ssb_07459,ekte
5059,80-89,2024,860,personer,ssb_07459,ekte
5059,90+,2024,206,personer,ssb_07459,ekte
5059,alle,2024,18793,personer,ssb_07459,ekte
5060,0-17,2024,2191,personer,ssb_07459,ekte
5060,18-29,2024,1466,personer,ssb_07459,ekte
5060,30-49,2024,2375,personer,ssb_07459,ekte
5060,50-66,2024,2200,personer,ssb_07459,ekte
5060,67-79,2024,1204,personer,ssb_07459,ekte
5060,80-89,2024,445,personer,ssb_07459,ekte
5060,90+,2024,87,personer,ssb_07459,ekte
5060,alle,2024,9968,personer,ssb_07459,ekte
5061,0-17,2024,361,personer,ssb_07459,ekte
5061,18-29,2024,262,personer,ssb_07459,ekte
5061,30-49,2024,419,personer,ssb_07459,ekte
5061,50-66,2024,445,personer,ssb_07459,ekte
5061,67-79,2024,319,personer,ssb_07459,ekte
5061,80-89,2024,119,personer,ssb_07459,ekte
5061,90+,2024,33,personer,ssb_07459,ekte
5061,alle,2024,1958,personer,ssb_07459,ekte
1804,0-17,2024,10630,personer,ssb_07459,ekte
1804,18-29,2024,8640,personer,ssb_07459,ekte
1804,30-49,2024,14648,personer,ssb_07459,ekte
1804,50-66,2024,11307,personer,ssb_07459,ekte
1804,67-79,2024,6063,personer,ssb_07459,ekte
1804,80-89,2024,2040,personer,ssb_07459,ekte
1804,90+,2024,384,personer,ssb_07459,ekte
1804,alle,2024,53712,personer,ssb_07459,ekte
1806,0-17,2024,3919,personer,ssb_07459,ekte
1806,18-29,2024,3018,personer,ssb_07459,ekte
1806,30-49,2024,5205,personer,ssb_07459,ekte
1806,50-66,2024,4951,personer,ssb_07459,ekte
1806,67-79,2024,3195,personer,ssb_07459,ekte
1806,80-89,2024,1057,personer,ssb_07459,ekte
1806,90+,2024,235,personer,ssb_07459,ekte
1806,alle,2024,21580,personer,ssb_07459,ekte
1811,0-17,2024,256,personer,ssb_07459,ekte
1811,18-29,2024,149,personer,ssb_07459,ekte
1811,30-49,2024,257,personer,ssb_07459,ekte
1811,50-66,2024,336,personer,ssb_07459,ekte
1811,67-79,2024,284,personer,ssb_07459,ekte
1811,80-89,2024,101,personer,ssb_07459,ekte
1811,90+,2024,16,personer,ssb_07459,ekte
1811,alle,2024,1399,personer,ssb_07459,ekte
1812,0-17,2024,365,personer,ssb_07459,ekte
1812,18-29,2024,244,personer,ssb_07459,ekte
1812,30-49,2024,447,personer,ssb_07459,ekte
1812,50-66,2024,488,personer,ssb_07459,ekte
1812,67-79,2024,300,personer,ssb_07459,ekte
1812,80-89,2024,115,personer,ssb_07459,ekte
1812,90+,2024,17,personer,ssb_07459,ekte
1812,alle,2024,1976,personer,ssb_07459,ekte
1813,0-17,2024,1586,personer,ssb_07459,ekte
1813,18-29,2024,996,personer,ssb_07459,ekte
1813,30-49,2024,1880,personer,ssb_07459,ekte
1813,50-66,2024,1899,personer,ssb_07459,ekte
1813,67-79,2024,1046,personer,ssb_07459,ekte
1813,80-89,2024,347,personer,ssb_07459,ekte
1813,90+,2024,72,personer,ssb_07459,ekte
1813,alle,2024,7826,personer,ssb_07459,ekte
1815,0-17,2024,208,personer,ssb_07459,ekte
1815,18-29,2024,142,personer,ssb_07459,ekte
1815,30-49,2024,226,personer,ssb_07459,ekte
1815,50-66,2024,326,personer,ssb_07459,ekte
1815,67-79,2024,211,personer,ssb_07459,ekte
1815,80-89,2024,80,personer,ssb_07459,ekte
1815,90+,2024,15,personer,ssb_07459,ekte
1815,alle,2024,1208,personer,ssb_07459,ekte
1816,0-17,2024,92,personer,ssb_07459,ekte
1816,18-29,2024,60,personer,ssb_07459,ekte
1816,30-49,2024,91,personer,ssb_07459,ekte
1816,50-66,2024,103,personer,ssb_07459,ekte
1816,67-79,2024,103,personer,ssb_07459,ekte
1816,80-89,2024,23,personer,ssb_07459,ekte
1816,90+,2024,8,personer,ssb_07459,ekte
1816,alle,2024,480,personer,ssb_07459,ekte
1818,0-17,2024,355,personer,ssb_07459,ekte
1818,18-29,2024,194,personer,ssb_07459,ekte
1818,30-49,2024,461,personer,ssb_07459,ekte
1818,50-66,2024,457,personer,ssb_07459,ekte
1818,67-79,2024,260,personer,ssb_07459,ekte
1818,80-89,2024,97,personer,ssb_07459,ekte
1818,90+,2024,18,personer,ssb_07459,ekte
1818,alle,2024,1842,personer,ssb_07459,ekte
1820,0-17,2024,1409,personer,ssb_07459,ekte
1820,18-29,2024,989,personer,ssb_07459,ekte
1820,30-49,2024,1773,personer,ssb_07459,ekte
1820,50-66,2024,1734,personer,ssb_07459,ekte
1820,67-79,2024,1104,personer,ssb_07459,ekte
1820,80-89,2024,339,personer,ssb_07459,ekte
1820,90+,2024,73,personer,ssb_07459,ekte
1820,alle,2024,7421,personer,ssb_07459,ekte
1822,0-17,2024,544,personer,ssb_07459,ekte
1822,18-29,2024,230,personer,ssb_07459,ekte
1822,30-49,2024,584,personer,ssb_07459,ekte
1822,50-66,2024,519,personer,ssb_07459,ekte
1822,67-79,2024,355,personer,ssb_07459,ekte
1822,80-89,2024,88,personer,ssb_07459,ekte
1822,90+,2024,32,personer,ssb_07459,ekte
1822,alle,2024,2352,personer,ssb_07459,ekte
1824,0-17,2024,2482,personer,ssb_07459,ekte
1824,18-29,2024,1928,personer,ssb_07459,ekte
1824,30-49,2024,3177,personer,ssb_07459,ekte
1824,50-66,2024,3159,personer,ssb_07459,ekte
1824,67-79,2024,1869,personer,ssb_07459,ekte
1824,80-89,2024,708,personer,ssb_07459,ekte
1824,90+,2024,146,personer,ssb_07459,ekte
1824,alle,2024,13469,personer,ssb_07459,ekte
1825,0-17,2024,242,personer,ssb_07459,ekte
1825,18-29,2024,181,personer,ssb_07459,ekte
1825,30-49,2024,305,personer,ssb_07459,ekte
1825,50-66,2024,359,personer,ssb_07459,ekte
1825,67-79,2024,231,personer,ssb_07459,ekte
1825,80-89,2024,109,personer,ssb_07459,ekte
1825,90+,2024,20,personer,ssb_07459,ekte
1825,alle,2024,1447,personer,ssb_07459,ekte
1826,0-17,2024,215,personer,ssb_07459,ekte
1826,18-29,2024,160,personer,ssb_07459,ekte
1826,30-49,2024,250,personer,ssb_07459,ekte
1826,50-66,2024,318,personer,ssb_07459,ekte
1826,67-79,2024,230,personer,ssb_07459,ekte
1826,80-89,2024,93,personer,ssb_07459,ekte
1826,90+,2024,18,personer,ssb_07459,ekte
1826,alle,2024,1284,personer,ssb_07459,ekte
1827,0-17,2024,250,personer,ssb_07459,ekte
1827,18-29,2024,185,personer,ssb_07459,ekte
1827,30-49,2024,285,personer,ssb_07459,ekte
1827,50-66,2024,367,personer,ssb_07459,ekte
1827,67-79,2024,264,personer,ssb_07459,ekte
1827,80-89,2024,62,personer,ssb_07459,ekte
1827,90+,2024,14,personer,ssb_07459,ekte
1827,alle,2024,1427,personer,ssb_07459,ekte
1828,0-17,2024,329,personer,ssb_07459,ekte
1828,18-29,2024,239,personer,ssb_07459,ekte
1828,30-49,2024,460,personer,ssb_07459,ekte
1828,50-66,2024,435,personer,ssb_07459,ekte
1828,67-79,2024,248,personer,ssb_07459,ekte
1828,80-89,2024,82,personer,ssb_07459,ekte
1828,90+,2024,15,personer,ssb_07459,ekte
1828,alle,2024,1808,personer,ssb_07459,ekte
1832,0-17,2024,839,personer,ssb_07459,ekte
1832,18-29,2024,565,personer,ssb_07459,ekte
1832,30-49,2024,1038,personer,ssb_07459,ekte
1832,50-66,2024,1032,personer,ssb_07459,ekte
1832,67-79,2024,682,personer,ssb_07459,ekte
1832,80-89,2024,256,personer,ssb_07459,ekte
1832,90+,2024,73,personer,ssb_07459,ekte
1832,alle,2024,4485,personer,ssb_07459,ekte
1833,0-17,2024,4917,personer,ssb_07459,ekte
1833,18-29,2024,3722,personer,ssb_07459,ekte
1833,30-49,2024,6325,personer,ssb_07459,ekte
1833,50-66,2024,6040,personer,ssb_07459,ekte
1833,67-79,2024,3505,personer,ssb_07459,ekte
1833,80-89,2024,1206,personer,ssb_07459,ekte
1833,90+,2024,279,personer,ssb_07459,ekte
1833,alle,2024,25994,personer,ssb_07459,ekte
1834,0-17,2024,342,personer,ssb_07459,ekte
1834,18-29,2024,214,personer,ssb_07459,ekte
1834,30-49,2024,442,personer,ssb_07459,ekte
1834,50-66,2024,434,personer,ssb_07459,ekte
1834,67-79,2024,296,personer,ssb_07459,ekte
1834,80-89,2024,131,personer,ssb_07459,ekte
1834,90+,2024,27,personer,ssb_07459,ekte
1834,alle,2024,1886,personer,ssb_07459,ekte
1835,0-17,2024,67,personer,ssb_07459,ekte
1835,18-29,2024,74,personer,ssb_07459,ekte
1835,30-49,2024,121,personer,ssb_07459,ekte
1835,50-66,2024,109,personer,ssb_07459,ekte
1835,67-79,2024,52,personer,ssb_07459,ekte
1835,80-89,2024,17,personer,ssb_07459,ekte
1835,90+,2024,2,personer,ssb_07459,ekte
1835,alle,2024,442,personer,ssb_07459,ekte
1836,0-17,2024,216,personer,ssb_07459,ekte
1836,18-29,2024,153,personer,ssb_07459,ekte
1836,30-49,2024,219,personer,ssb_07459,ekte
1836,50-66,2024,288,personer,ssb_07459,ekte
1836,67-79,2024,196,personer,ssb_07459,ekte
1836,80-89,2024,54,personer,ssb_07459,ekte
1836,90+,2024,13,personer,ssb_07459,ekte
1836,alle,2024,1139,personer,ssb_07459,ekte
1837,0-17,2024,1219,personer,ssb_07459,ekte
1837,18-29,2024,814,personer,ssb_07459,ekte
1837,30-49,2024,1375,personer,ssb_07459,ekte
1837,50-66,2024,1472,personer,ssb_07459,ekte
1837,67-79,2024,904,personer,ssb_07459,ekte
1837,80-89,2024,310,personer,ssb_07459,ekte
1837,90+,2024,86,personer,ssb_07459,ekte
1837,alle,2024,6180,personer,ssb_07459,ekte
1838,0-17,2024,308,personer,ssb_07459,ekte
1838,18-29,2024,237,personer,ssb_07459,ekte
1838,30-49,2024,414,personer,ssb_07459,ekte
1838,50-66,2024,493,personer,ssb_07459,ekte
1838,67-79,2024,380,personer,ssb_07459,ekte
1838,80-89,2024,99,personer,ssb_07459,ekte
1838,90+,2024,27,personer,ssb_07459,ekte
1838,alle,2024,1958,personer,ssb_07459,ekte
1839,0-17,2024,160,personer,ssb_07459,ekte
1839,18-29,2024,109,personer,ssb_07459,ekte
1839,30-49,2024,217,personer,ssb_07459,ekte
1839,50-66,2024,265,personer,ssb_07459,ekte
1839,67-79,2024,204,personer,ssb_07459,ekte
1839,80-89,2024,86,personer,ssb_07459,ekte
1839,90+,2024,21,personer,ssb_07459,ekte
1839,alle,2024,1062,personer,ssb_07459,ekte
1840,0-17,2024,959,personer,ssb_07459,ekte
1840,18-29,2024,578,personer,ssb_07459,ekte
1840,30-49,2024,1122,personer,ssb_07459,ekte
1840,50-66,2024,1134,personer,ssb_07459,ekte
1840,67-79,2024,785,personer,ssb_07459,ekte
1840,80-89,2024,250,personer,ssb_07459,ekte
1840,90+,2024,52,personer,ssb_07459,ekte
1840,alle,2024,4880,personer,ssb_07459,ekte
1841,0-17,2024,1746,personer,ssb_07459,ekte
1841,18-29,2024,1362,personer,ssb_07459,ekte
1841,30-49,2024,2325,personer,ssb_07459,ekte
1841,50-66,2024,2299,personer,ssb_07459,ekte
1841,67-79,2024,1494,personer,ssb_07459,ekte
1841,80-89,2024,516,personer,ssb_07459,ekte
1841,90+,2024,85,personer,ssb_07459,ekte
1841,alle,2024,9827,personer,ssb_07459,ekte
1845,0-17,2024,308,personer,ssb_07459,ekte
1845,18-29,2024,236,personer,ssb_07459,ekte
1845,30-49,2024,370,personer,ssb_07459,ekte
1845,50-66,2024,462,personer,ssb_07459,ekte
1845,67-79,2024,347,personer,ssb_07459,ekte
1845,80-89,2024,112,personer,ssb_07459,ekte
1845,90+,2024,23,personer,ssb_07459,ekte
1845,alle,2024,1858,personer,ssb_07459,ekte
1848,0-17,2024,467,personer,ssb_07459,ekte
1848,18-29,2024,335,personer,ssb_07459,ekte
1848,30-49,2024,612,personer,ssb_07459,ekte
1848,50-66,2024,628,personer,ssb_07459,ekte
1848,67-79,2024,468,personer,ssb_07459,ekte
1848,80-89,2024,137,personer,ssb_07459,ekte
1848,90+,2024,25,personer,ssb_07459,ekte
1848,alle,2024,2672,personer,ssb_07459,ekte
1851,0-17,2024,318,personer,ssb_07459,ekte
1851,18-29,2024,224,personer,ssb_07459,ekte
1851,30-49,2024,372,personer,ssb_07459,ekte
1851,50-66,2024,550,personer,ssb_07459,ekte
1851,67-79,2024,410,personer,ssb_07459,ekte
1851,80-89,2024,154,personer,ssb_07459,ekte
1851,90+,2024,32,personer,ssb_07459,ekte
1851,alle,2024,2060,personer,ssb_07459,ekte
1853,0-17,2024,189,personer,ssb_07459,ekte
1853,18-29,2024,183,personer,ssb_07459,ekte
1853,30-49,2024,267,personer,ssb_07459,ekte
1853,50-66,2024,321,personer,ssb_07459,ekte
1853,67-79,2024,275,personer,ssb_07459,ekte
1853,80-89,2024,76,personer,ssb_07459,ekte
1853,90+,2024,19,personer,ssb_07459,ekte
1853,alle,2024,1330,personer,ssb_07459,ekte
1856,0-17,2024,69,personer,ssb_07459,ekte
1856,18-29,2024,50,personer,ssb_07459,ekte
1856,30-49,2024,95,personer,ssb_07459,ekte
1856,50-66,2024,143,personer,ssb_07459,ekte
1856,67-79,2024,75,personer,ssb_07459,ekte
1856,80-89,2024,23,personer,ssb_07459,ekte
1856,90+,2024,5,personer,ssb_07459,ekte
1856,alle,2024,460,personer,ssb_07459,ekte
1857,0-17,2024,130,personer,ssb_07459,ekte
1857,18-29,2024,70,personer,ssb_07459,ekte
1857,30-49,2024,163,personer,ssb_07459,ekte
1857,50-66,2024,176,personer,ssb_07459,ekte
1857,67-79,2024,98,personer,ssb_07459,ekte
1857,80-89,2024,41,personer,ssb_07459,ekte
1857,90+,2024,5,personer,ssb_07459,ekte
1857,alle,2024,683,personer,ssb_07459,ekte
1859,0-17,2024,184,personer,ssb_07459,ekte
1859,18-29,2024,152,personer,ssb_07459,ekte
1859,30-49,2024,297,personer,ssb_07459,ekte
1859,50-66,2024,304,personer,ssb_07459,ekte
1859,67-79,2024,204,personer,ssb_07459,ekte
1859,80-89,2024,69,personer,ssb_07459,ekte
1859,90+,2024,19,personer,ssb_07459,ekte
1859,alle,2024,1229,personer,ssb_07459,ekte
1860,0-17,2024,2371,personer,ssb_07459,ekte
1860,18-29,2024,1744,personer,ssb_07459,ekte
1860,30-49,2024,2836,personer,ssb_07459,ekte
1860,50-66,2024,2537,personer,ssb_07459,ekte
1860,67-79,2024,1555,personer,ssb_07459,ekte
1860,80-89,2024,470,personer,ssb_07459,ekte
1860,90+,2024,106,personer,ssb_07459,ekte
1860,alle,2024,11619,personer,ssb_07459,ekte
1865,0-17,2024,1826,personer,ssb_07459,ekte
1865,18-29,2024,1386,personer,ssb_07459,ekte
1865,30-49,2024,2597,personer,ssb_07459,ekte
1865,50-66,2024,2094,personer,ssb_07459,ekte
1865,67-79,2024,1416,personer,ssb_07459,ekte
1865,80-89,2024,397,personer,ssb_07459,ekte
1865,90+,2024,77,personer,ssb_07459,ekte
1865,alle,2024,9793,personer,ssb_07459,ekte
1866,0-17,2024,1555,personer,ssb_07459,ekte
1866,18-29,2024,1096,personer,ssb_07459,ekte
1866,30-49,2024,1942,personer,ssb_07459,ekte
1866,50-66,2024,1894,personer,ssb_07459,ekte
1866,67-79,2024,1246,personer,ssb_07459,ekte
1866,80-89,2024,422,personer,ssb_07459,ekte
1866,90+,2024,81,personer,ssb_07459,ekte
1866,alle,2024,8236,personer,ssb_07459,ekte
1867,0-17,2024,394,personer,ssb_07459,ekte
1867,18-29,2024,300,personer,ssb_07459,ekte
1867,30-49,2024,511,personer,ssb_07459,ekte
1867,50-66,2024,692,personer,ssb_07459,ekte
1867,67-79,2024,469,personer,ssb_07459,ekte
1867,80-89,2024,223,personer,ssb_07459,ekte
1867,90+,2024,45,personer,ssb_07459,ekte
1867,alle,2024,2634,personer,ssb_07459,ekte
1868,0-17,2024,799,personer,ssb_07459,ekte
1868,18-29,2024,619,personer,ssb_07459,ekte
1868,30-49,2024,1116,personer,ssb_07459,ekte
1868,50-66,2024,1112,personer,ssb_07459,ekte
1868,67-79,2024,648,personer,ssb_07459,ekte
1868,80-89,2024,221,personer,ssb_07459,ekte
1868,90+,2024,54,personer,ssb_07459,ekte
1868,alle,2024,4569,personer,ssb_07459,ekte
1870,0-17,2024,2168,personer,ssb_07459,ekte
1870,18-29,2024,1564,personer,ssb_07459,ekte
1870,30-49,2024,2626,personer,ssb_07459,ekte
1870,50-66,2024,2312,personer,ssb_07459,ekte
1870,67-79,2024,1446,personer,ssb_07459,ekte
1870,80-89,2024,423,personer,ssb_07459,ekte
1870,90+,2024,79,personer,ssb_07459,ekte
1870,alle,2024,10618,personer,ssb_07459,ekte
1871,0-17,2024,783,personer,ssb_07459,ekte
1871,18-29,2024,575,personer,ssb_07459,ekte
1871,30-49,2024,986,personer,ssb_07459,ekte
1871,50-66,2024,1076,personer,ssb_07459,ekte
1871,67-79,2024,795,personer,ssb_07459,ekte
1871,80-89,2024,292,personer,ssb_07459,ekte
1871,90+,2024,46,personer,ssb_07459,ekte
1871,alle,2024,4553,personer,ssb_07459,ekte
1874,0-17,2024,113,personer,ssb_07459,ekte
1874,18-29,2024,101,personer,ssb_07459,ekte
1874,30-49,2024,266,personer,ssb_07459,ekte
1874,50-66,2024,236,personer,ssb_07459,ekte
1874,67-79,2024,146,personer,ssb_07459,ekte
1874,80-89,2024,67,personer,ssb_07459,ekte
1874,90+,2024,25,personer,ssb_07459,ekte
1874,alle,2024,954,personer,ssb_07459,ekte
1875,0-17,2024,452,personer,ssb_07459,ekte
1875,18-29,2024,326,personer,ssb_07459,ekte
1875,30-49,2024,630,personer,ssb_07459,ekte
1875,50-66,2024,642,personer,ssb_07459,ekte
1875,67-79,2024,481,personer,ssb_07459,ekte
1875,80-89,2024,164,personer,ssb_07459,ekte
1875,90+,2024,34,personer,ssb_07459,ekte
1875,alle,2024,2729,personer,ssb_07459,ekte
5501,0-17,2024,15053,personer,ssb_07459,ekte
5501,18-29,2024,14352,personer,ssb_07459,ekte
5501,30-49,2024,22527,personer,ssb_07459,ekte
5501,50-66,2024,16209,personer,ssb_07459,ekte
5501,67-79,2024,7896,personer,ssb_07459,ekte
5501,80-89,2024,2300,personer,ssb_07459,ekte
5501,90+,2024,408,personer,ssb_07459,ekte
5501,alle,2024,78745,personer,ssb_07459,ekte
5503,0-17,2024,4832,personer,ssb_07459,ekte
5503,18-29,2024,3576,personer,ssb_07459,ekte
5503,30-49,2024,6355,personer,ssb_07459,ekte
5503,50-66,2024,5388,personer,ssb_07459,ekte
5503,67-79,2024,3547,personer,ssb_07459,ekte
5503,80-89,2024,1130,personer,ssb_07459,ekte
5503,90+,2024,228,personer,ssb_07459,ekte
5503,alle,2024,25056,personer,ssb_07459,ekte
5510,0-17,2024,511,personer,ssb_07459,ekte
5510,18-29,2024,330,personer,ssb_07459,ekte
5510,30-49,2024,650,personer,ssb_07459,ekte
5510,50-66,2024,701,personer,ssb_07459,ekte
5510,67-79,2024,482,personer,ssb_07459,ekte
5510,80-89,2024,139,personer,ssb_07459,ekte
5510,90+,2024,32,personer,ssb_07459,ekte
5510,alle,2024,2845,personer,ssb_07459,ekte
5512,0-17,2024,736,personer,ssb_07459,ekte
5512,18-29,2024,525,personer,ssb_07459,ekte
5512,30-49,2024,907,personer,ssb_07459,ekte
5512,50-66,2024,1038,personer,ssb_07459,ekte
5512,67-79,2024,746,personer,ssb_07459,ekte
5512,80-89,2024,276,personer,ssb_07459,ekte
5512,90+,2024,53,personer,ssb_07459,ekte
5512,alle,2024,4281,personer,ssb_07459,ekte
5514,0-17,2024,174,personer,ssb_07459,ekte
5514,18-29,2024,155,personer,ssb_07459,ekte
5514,30-49,2024,248,personer,ssb_07459,ekte
5514,50-66,2024,334,personer,ssb_07459,ekte
5514,67-79,2024,264,personer,ssb_07459,ekte
5514,80-89,2024,106,personer,ssb_07459,ekte
5514,90+,2024,30,personer,ssb_07459,ekte
5514,alle,2024,1311,personer,ssb_07459,ekte
5516,0-17,2024,166,personer,ssb_07459,ekte
5516,18-29,2024,119,personer,ssb_07459,ekte
5516,30-49,2024,230,personer,ssb_07459,ekte
5516,50-66,2024,300,personer,ssb_07459,ekte
5516,67-79,2024,168,personer,ssb_07459,ekte
5516,80-89,2024,66,personer,ssb_07459,ekte
5516,90+,2024,21,personer,ssb_07459,ekte
5516,alle,2024,1070,personer,ssb_07459,ekte
5518,0-17,2024,195,personer,ssb_07459,ekte
5518,18-29,2024,115,personer,ssb_07459,ekte
5518,30-49,2024,194,personer,ssb_07459,ekte
5518,50-66,2024,234,personer,ssb_07459,ekte
5518,67-79,2024,167,personer,ssb_07459,ekte
5518,80-89,2024,62,personer,ssb_07459,ekte
5518,90+,2024,19,personer,ssb_07459,ekte
5518,alle,2024,986,personer,ssb_07459,ekte
5520,0-17,2024,745,personer,ssb_07459,ekte
5520,18-29,2024,803,personer,ssb_07459,ekte
5520,30-49,2024,911,personer,ssb_07459,ekte
5520,50-66,2024,754,personer,ssb_07459,ekte
5520,67-79,2024,560,personer,ssb_07459,ekte
5520,80-89,2024,179,personer,ssb_07459,ekte
5520,90+,2024,34,personer,ssb_07459,ekte
5520,alle,2024,3986,personer,ssb_07459,ekte
5522,0-17,2024,375,personer,ssb_07459,ekte
5522,18-29,2024,267,personer,ssb_07459,ekte
5522,30-49,2024,420,personer,ssb_07459,ekte
5522,50-66,2024,521,personer,ssb_07459,ekte
5522,67-79,2024,349,personer,ssb_07459,ekte
5522,80-89,2024,119,personer,ssb_07459,ekte
5522,90+,2024,18,personer,ssb_07459,ekte
5522,alle,2024,2069,personer,ssb_07459,ekte
5524,0-17,2024,1239,personer,ssb_07459,ekte
5524,18-29,2024,1216,personer,ssb_07459,ekte
5524,30-49,2024,1516,personer,ssb_07459,ekte
5524,50-66,2024,1456,personer,ssb_07459,ekte
5524,67-79,2024,894,personer,ssb_07459,ekte
5524,80-89,2024,331,personer,ssb_07459,ekte
5524,90+,2024,62,personer,ssb_07459,ekte
5524,alle,2024,6714,personer,ssb_07459,ekte
5526,0-17,2024,685,personer,ssb_07459,ekte
5526,18-29,2024,498,personer,ssb_07459,ekte
5526,30-49,2024,813,personer,ssb_07459,ekte
5526,50-66,2024,808,personer,ssb_07459,ekte
5526,67-79,2024,485,personer,ssb_07459,ekte
5526,80-89,2024,164,personer,ssb_07459,ekte
5526,90+,2024,32,personer,ssb_07459,ekte
5526,alle,2024,3485,personer,ssb_07459,ekte
5528,0-17,2024,159,personer,ssb_07459,ekte
5528,18-29,2024,138,personer,ssb_07459,ekte
5528,30-49,2024,199,personer,ssb_07459,ekte
5528,50-66,2024,285,personer,ssb_07459,ekte
5528,67-79,2024,212,personer,ssb_07459,ekte
5528,80-89,2024,70,personer,ssb_07459,ekte
5528,90+,2024,10,personer,ssb_07459,ekte
5528,alle,2024,1073,personer,ssb_07459,ekte
5530,0-17,2024,2908,personer,ssb_07459,ekte
5530,18-29,2024,2056,personer,ssb_07459,ekte
5530,30-49,2024,3503,personer,ssb_07459,ekte
5530,50-66,2024,3398,personer,ssb_07459,ekte
5530,67-79,2024,2155,personer,ssb_07459,ekte
5530,80-89,2024,731,personer,ssb_07459,ekte
5530,90+,2024,143,personer,ssb_07459,ekte
5530,alle,2024,14894,personer,ssb_07459,ekte
5532,0-17,2024,954,personer,ssb_07459,ekte
5532,18-29,2024,713,personer,ssb_07459,ekte
5532,30-49,2024,1242,personer,ssb_07459,ekte
5532,50-66,2024,1389,personer,ssb_07459,ekte
5532,67-79,2024,877,personer,ssb_07459,ekte
5532,80-89,2024,334,personer,ssb_07459,ekte
5532,90+,2024,62,personer,ssb_07459,ekte
5532,alle,2024,5571,personer,ssb_07459,ekte
5534,0-17,2024,329,personer,ssb_07459,ekte
5534,18-29,2024,264,personer,ssb_07459,ekte
5534,30-49,2024,465,personer,ssb_07459,ekte
5534,50-66,2024,581,personer,ssb_07459,ekte
5534,67-79,2024,423,personer,ssb_07459,ekte
5534,80-89,2024,142,personer,ssb_07459,ekte
5534,90+,2024,33,personer,ssb_07459,ekte
5534,alle,2024,2237,personer,ssb_07459,ekte
5536,0-17,2024,428,personer,ssb_07459,ekte
5536,18-29,2024,355,personer,ssb_07459,ekte
5536,30-49,2024,546,personer,ssb_07459,ekte
5536,50-66,2024,675,personer,ssb_07459,ekte
5536,67-79,2024,516,personer,ssb_07459,ekte
5536,80-89,2024,187,personer,ssb_07459,ekte
5536,90+,2024,36,personer,ssb_07459,ekte
5536,alle,2024,2743,personer,ssb_07459,ekte
5538,0-17,2024,284,personer,ssb_07459,ekte
5538,18-29,2024,252,personer,ssb_07459,ekte
5538,30-49,2024,380,personer,ssb_07459,ekte
5538,50-66,2024,429,personer,ssb_07459,ekte
5538,67-79,2024,381,personer,ssb_07459,ekte
5538,80-89,2024,85,personer,ssb_07459,ekte
5538,90+,2024,14,personer,ssb_07459,ekte
5538,alle,2024,1825,personer,ssb_07459,ekte
5540,0-17,2024,302,personer,ssb_07459,ekte
5540,18-29,2024,240,personer,ssb_07459,ekte
5540,30-49,2024,383,personer,ssb_07459,ekte
5540,50-66,2024,507,personer,ssb_07459,ekte
5540,67-79,2024,370,personer,ssb_07459,ekte
5540,80-89,2024,150,personer,ssb_07459,ekte
5540,90+,2024,22,personer,ssb_07459,ekte
5540,alle,2024,1974,personer,ssb_07459,ekte
5542,0-17,2024,542,personer,ssb_07459,ekte
5542,18-29,2024,390,personer,ssb_07459,ekte
5542,30-49,2024,701,personer,ssb_07459,ekte
5542,50-66,2024,590,personer,ssb_07459,ekte
5542,67-79,2024,406,personer,ssb_07459,ekte
5542,80-89,2024,145,personer,ssb_07459,ekte
5542,90+,2024,20,personer,ssb_07459,ekte
5542,alle,2024,2794,personer,ssb_07459,ekte
5544,0-17,2024,912,personer,ssb_07459,ekte
5544,18-29,2024,703,personer,ssb_07459,ekte
5544,30-49,2024,1078,personer,ssb_07459,ekte
5544,50-66,2024,1108,personer,ssb_07459,ekte
5544,67-79,2024,731,personer,ssb_07459,ekte
5544,80-89,2024,214,personer,ssb_07459,ekte
5544,90+,2024,48,personer,ssb_07459,ekte
5544,alle,2024,4794,personer,ssb_07459,ekte
5546,0-17,2024,185,personer,ssb_07459,ekte
5546,18-29,2024,146,personer,ssb_07459,ekte
5546,30-49,2024,223,personer,ssb_07459,ekte
5546,50-66,2024,303,personer,ssb_07459,ekte
5546,67-79,2024,197,personer,ssb_07459,ekte
5546,80-89,2024,83,personer,ssb_07459,ekte
5546,90+,2024,20,personer,ssb_07459,ekte
5546,alle,2024,1157,personer,ssb_07459,ekte
5601,0-17,2024,4878,personer,ssb_07459,ekte
5601,18-29,2024,3797,personer,ssb_07459,ekte
5601,30-49,2024,5538,personer,ssb_07459,ekte
5601,50-66,2024,4500,personer,ssb_07459,ekte
5601,67-79,2024,2245,personer,ssb_07459,ekte
5601,80-89,2024,631,personer,ssb_07459,ekte
5601,90+,2024,119,personer,ssb_07459,ekte
5601,alle,2024,21708,personer,ssb_07459,ekte
5603,0-17,2024,2186,personer,ssb_07459,ekte
5603,18-29,2024,1817,personer,ssb_07459,ekte
5603,30-49,2024,2945,personer,ssb_07459,ekte
5603,50-66,2024,2571,personer,ssb_07459,ekte
5603,67-79,2024,1326,personer,ssb_07459,ekte
5603,80-89,2024,421,personer,ssb_07459,ekte
5603,90+,2024,72,personer,ssb_07459,ekte
5603,alle,2024,11338,personer,ssb_07459,ekte
5605,0-17,2024,1778,personer,ssb_07459,ekte
5605,18-29,2024,1579,personer,ssb_07459,ekte
5605,30-49,2024,2509,personer,ssb_07459,ekte
5605,50-66,2024,2387,personer,ssb_07459,ekte
5605,67-79,2024,1306,personer,ssb_07459,ekte
5605,80-89,2024,426,personer,ssb_07459,ekte
5605,90+,2024,78,personer,ssb_07459,ekte
5605,alle,2024,10063,personer,ssb_07459,ekte
5607,0-17,2024,1052,personer,ssb_07459,ekte
5607,18-29,2024,873,personer,ssb_07459,ekte
5607,30-49,2024,1350,personer,ssb_07459,ekte
5607,50-66,2024,1448,personer,ssb_07459,ekte
5607,67-79,2024,766,personer,ssb_07459,ekte
5607,80-89,2024,268,personer,ssb_07459,ekte
5607,90+,2024,50,personer,ssb_07459,ekte
5607,alle,2024,5807,personer,ssb_07459,ekte
5610,0-17,2024,431,personer,ssb_07459,ekte
5610,18-29,2024,410,personer,ssb_07459,ekte
5610,30-49,2024,581,personer,ssb_07459,ekte
5610,50-66,2024,655,personer,ssb_07459,ekte
5610,67-79,2024,370,personer,ssb_07459,ekte
5610,80-89,2024,92,personer,ssb_07459,ekte
5610,90+,2024,26,personer,ssb_07459,ekte
5610,alle,2024,2565,personer,ssb_07459,ekte
5612,0-17,2024,598,personer,ssb_07459,ekte
5612,18-29,2024,382,personer,ssb_07459,ekte
5612,30-49,2024,717,personer,ssb_07459,ekte
5612,50-66,2024,651,personer,ssb_07459,ekte
5612,67-79,2024,386,personer,ssb_07459,ekte
5612,80-89,2024,97,personer,ssb_07459,ekte
5612,90+,2024,17,personer,ssb_07459,ekte
5612,alle,2024,2848,personer,ssb_07459,ekte
5614,0-17,2024,102,personer,ssb_07459,ekte
5614,18-29,2024,111,personer,ssb_07459,ekte
5614,30-49,2024,197,personer,ssb_07459,ekte
5614,50-66,2024,228,personer,ssb_07459,ekte
5614,67-79,2024,142,personer,ssb_07459,ekte
5614,80-89,2024,75,personer,ssb_07459,ekte
5614,90+,2024,9,personer,ssb_07459,ekte
5614,alle,2024,864,personer,ssb_07459,ekte
5616,0-17,2024,159,personer,ssb_07459,ekte
5616,18-29,2024,110,personer,ssb_07459,ekte
5616,30-49,2024,255,personer,ssb_07459,ekte
5616,50-66,2024,259,personer,ssb_07459,ekte
5616,67-79,2024,139,personer,ssb_07459,ekte
5616,80-89,2024,48,personer,ssb_07459,ekte
5616,90+,2024,9,personer,ssb_07459,ekte
5616,alle,2024,979,personer,ssb_07459,ekte
5618,0-17,2024,160,personer,ssb_07459,ekte
5618,18-29,2024,121,personer,ssb_07459,ekte
5618,30-49,2024,277,personer,ssb_07459,ekte
5618,50-66,2024,285,personer,ssb_07459,ekte
5618,67-79,2024,179,personer,ssb_07459,ekte
5618,80-89,2024,77,personer,ssb_07459,ekte
5618,90+,2024,14,personer,ssb_07459,ekte
5618,alle,2024,1113,personer,ssb_07459,ekte
5620,0-17,2024,418,personer,ssb_07459,ekte
5620,18-29,2024,453,personer,ssb_07459,ekte
5620,30-49,2024,692,personer,ssb_07459,ekte
5620,50-66,2024,788,personer,ssb_07459,ekte
5620,67-79,2024,441,personer,ssb_07459,ekte
5620,80-89,2024,129,personer,ssb_07459,ekte
5620,90+,2024,30,personer,ssb_07459,ekte
5620,alle,2024,2951,personer,ssb_07459,ekte
5622,0-17,2024,631,personer,ssb_07459,ekte
5622,18-29,2024,577,personer,ssb_07459,ekte
5622,30-49,2024,825,personer,ssb_07459,ekte
5622,50-66,2024,1006,personer,ssb_07459,ekte
5622,67-79,2024,668,personer,ssb_07459,ekte
5622,80-89,2024,160,personer,ssb_07459,ekte
5622,90+,2024,22,personer,ssb_07459,ekte
5622,alle,2024,3889,personer,ssb_07459,ekte
5624,0-17,2024,179,personer,ssb_07459,ekte
5624,18-29,2024,182,personer,ssb_07459,ekte
5624,30-49,2024,272,personer,ssb_07459,ekte
5624,50-66,2024,331,personer,ssb_07459,ekte
5624,67-79,2024,185,personer,ssb_07459,ekte
5624,80-89,2024,52,personer,ssb_07459,ekte
5624,90+,2024,14,personer,ssb_07459,ekte
5624,alle,2024,1215,personer,ssb_07459,ekte
5626,0-17,2024,150,personer,ssb_07459,ekte
5626,18-29,2024,139,personer,ssb_07459,ekte
5626,30-49,2024,288,personer,ssb_07459,ekte
5626,50-66,2024,273,personer,ssb_07459,ekte
5626,67-79,2024,164,personer,ssb_07459,ekte
5626,80-89,2024,51,personer,ssb_07459,ekte
5626,90+,2024,5,personer,ssb_07459,ekte
5626,alle,2024,1070,personer,ssb_07459,ekte
5628,0-17,2024,453,personer,ssb_07459,ekte
5628,18-29,2024,365,personer,ssb_07459,ekte
5628,30-49,2024,644,personer,ssb_07459,ekte
5628,50-66,2024,737,personer,ssb_07459,ekte
5628,67-79,2024,446,personer,ssb_07459,ekte
5628,80-89,2024,141,personer,ssb_07459,ekte
5628,90+,2024,21,personer,ssb_07459,ekte
5628,alle,2024,2807,personer,ssb_07459,ekte
5630,0-17,2024,124,personer,ssb_07459,ekte
5630,18-29,2024,118,personer,ssb_07459,ekte
5630,30-49,2024,203,personer,ssb_07459,ekte
5630,50-66,2024,248,personer,ssb_07459,ekte
5630,67-79,2024,155,personer,ssb_07459,ekte
5630,80-89,2024,36,personer,ssb_07459,ekte
5630,90+,2024,8,personer,ssb_07459,ekte
5630,alle,2024,892,personer,ssb_07459,ekte
5632,0-17,2024,348,personer,ssb_07459,ekte
5632,18-29,2024,339,personer,ssb_07459,ekte
5632,30-49,2024,548,personer,ssb_07459,ekte
5632,50-66,2024,533,personer,ssb_07459,ekte
5632,67-79,2024,254,personer,ssb_07459,ekte
5632,80-89,2024,80,personer,ssb_07459,ekte
5632,90+,2024,11,personer,ssb_07459,ekte
5632,alle,2024,2113,personer,ssb_07459,ekte
5634,0-17,2024,289,personer,ssb_07459,ekte
5634,18-29,2024,243,personer,ssb_07459,ekte
5634,30-49,2024,491,personer,ssb_07459,ekte
5634,50-66,2024,491,personer,ssb_07459,ekte
5634,67-79,2024,349,personer,ssb_07459,ekte
5634,80-89,2024,82,personer,ssb_07459,ekte
5634,90+,2024,27,personer,ssb_07459,ekte
5634,alle,2024,1972,personer,ssb_07459,ekte
5636,0-17,2024,135,personer,ssb_07459,ekte
5636,18-29,2024,78,personer,ssb_07459,ekte
5636,30-49,2024,203,personer,ssb_07459,ekte
5636,50-66,2024,212,personer,ssb_07459,ekte
5636,67-79,2024,162,personer,ssb_07459,ekte
5636,80-89,2024,60,personer,ssb_07459,ekte
5636,90+,2024,9,personer,ssb_07459,ekte
5636,alle,2024,859,personer,ssb_07459,ekte
3101,0-17,2025,5947,personer,ssb_07459,ekte
3101,18-29,2025,4436,personer,ssb_07459,ekte
3101,30-49,2025,7898,personer,ssb_07459,ekte
3101,50-66,2025,7411,personer,ssb_07459,ekte
3101,67-79,2025,4571,personer,ssb_07459,ekte
3101,80-89,2025,1461,personer,ssb_07459,ekte
3101,90+,2025,314,personer,ssb_07459,ekte
3101,alle,2025,32038,personer,ssb_07459,ekte
3103,0-17,2025,9828,personer,ssb_07459,ekte
3103,18-29,2025,6906,personer,ssb_07459,ekte
3103,30-49,2025,13475,personer,ssb_07459,ekte
3103,50-66,2025,12462,personer,ssb_07459,ekte
3103,67-79,2025,7109,personer,ssb_07459,ekte
3103,80-89,2025,2445,personer,ssb_07459,ekte
3103,90+,2025,421,personer,ssb_07459,ekte
3103,alle,2025,52646,personer,ssb_07459,ekte
3105,0-17,2025,12266,personer,ssb_07459,ekte
3105,18-29,2025,8322,personer,ssb_07459,ekte
3105,30-49,2025,15712,personer,ssb_07459,ekte
3105,50-66,2025,13312,personer,ssb_07459,ekte
3105,67-79,2025,7523,personer,ssb_07459,ekte
3105,80-89,2025,2585,personer,ssb_07459,ekte
3105,90+,2025,419,personer,ssb_07459,ekte
3105,alle,2025,60139,personer,ssb_07459,ekte
3107,0-17,2025,16289,personer,ssb_07459,ekte
3107,18-29,2025,11961,personer,ssb_07459,ekte
3107,30-49,2025,21605,personer,ssb_07459,ekte
3107,50-66,2025,20197,personer,ssb_07459,ekte
3107,67-79,2025,11428,personer,ssb_07459,ekte
3107,80-89,2025,3712,personer,ssb_07459,ekte
3107,90+,2025,670,personer,ssb_07459,ekte
3107,alle,2025,85862,personer,ssb_07459,ekte
3110,0-17,2025,699,personer,ssb_07459,ekte
3110,18-29,2025,436,personer,ssb_07459,ekte
3110,30-49,2025,893,personer,ssb_07459,ekte
3110,50-66,2025,1375,personer,ssb_07459,ekte
3110,67-79,2025,1089,personer,ssb_07459,ekte
3110,80-89,2025,255,personer,ssb_07459,ekte
3110,90+,2025,30,personer,ssb_07459,ekte
3110,alle,2025,4777,personer,ssb_07459,ekte
3112,0-17,2025,1494,personer,ssb_07459,ekte
3112,18-29,2025,1004,personer,ssb_07459,ekte
3112,30-49,2025,1971,personer,ssb_07459,ekte
3112,50-66,2025,1814,personer,ssb_07459,ekte
3112,67-79,2025,1115,personer,ssb_07459,ekte
3112,80-89,2025,370,personer,ssb_07459,ekte
3112,90+,2025,82,personer,ssb_07459,ekte
3112,alle,2025,7850,personer,ssb_07459,ekte
3114,0-17,2025,1483,personer,ssb_07459,ekte
3114,18-29,2025,680,personer,ssb_07459,ekte
3114,30-49,2025,1827,personer,ssb_07459,ekte
3114,50-66,2025,1308,personer,ssb_07459,ekte
3114,67-79,2025,647,personer,ssb_07459,ekte
3114,80-89,2025,195,personer,ssb_07459,ekte
3114,90+,2025,22,personer,ssb_07459,ekte
3114,alle,2025,6162,personer,ssb_07459,ekte
3116,0-17,2025,806,personer,ssb_07459,ekte
3116,18-29,2025,522,personer,ssb_07459,ekte
3116,30-49,2025,1035,personer,ssb_07459,ekte
3116,50-66,2025,899,personer,ssb_07459,ekte
3116,67-79,2025,522,personer,ssb_07459,ekte
3116,80-89,2025,143,personer,ssb_07459,ekte
3116,90+,2025,29,personer,ssb_07459,ekte
3116,alle,2025,3956,personer,ssb_07459,ekte
3118,0-17,2025,9332,personer,ssb_07459,ekte
3118,18-29,2025,6212,personer,ssb_07459,ekte
3118,30-49,2025,12426,personer,ssb_07459,ekte
3118,50-66,2025,11073,personer,ssb_07459,ekte
3118,67-79,2025,6026,personer,ssb_07459,ekte
3118,80-89,2025,1989,personer,ssb_07459,ekte
3118,90+,2025,391,personer,ssb_07459,ekte
3118,alle,2025,47449,personer,ssb_07459,ekte
3120,0-17,2025,1618,personer,ssb_07459,ekte
3120,18-29,2025,1102,personer,ssb_07459,ekte
3120,30-49,2025,2155,personer,ssb_07459,ekte
3120,50-66,2025,1995,personer,ssb_07459,ekte
3120,67-79,2025,1225,personer,ssb_07459,ekte
3120,80-89,2025,346,personer,ssb_07459,ekte
3120,90+,2025,86,personer,ssb_07459,ekte
3120,alle,2025,8527,personer,ssb_07459,ekte
3122,0-17,2025,633,personer,ssb_07459,ekte
3122,18-29,2025,423,personer,ssb_07459,ekte
3122,30-49,2025,794,personer,ssb_07459,ekte
3122,50-66,2025,930,personer,ssb_07459,ekte
3122,67-79,2025,593,personer,ssb_07459,ekte
3122,80-89,2025,243,personer,ssb_07459,ekte
3122,90+,2025,39,personer,ssb_07459,ekte
3122,alle,2025,3655,personer,ssb_07459,ekte
3124,0-17,2025,229,personer,ssb_07459,ekte
3124,18-29,2025,164,personer,ssb_07459,ekte
3124,30-49,2025,269,personer,ssb_07459,ekte
3124,50-66,2025,370,personer,ssb_07459,ekte
3124,67-79,2025,221,personer,ssb_07459,ekte
3124,80-89,2025,80,personer,ssb_07459,ekte
3124,90+,2025,13,personer,ssb_07459,ekte
3124,alle,2025,1346,personer,ssb_07459,ekte
3201,0-17,2025,29351,personer,ssb_07459,ekte
3201,18-29,2025,16313,personer,ssb_07459,ekte
3201,30-49,2025,35733,personer,ssb_07459,ekte
3201,50-66,2025,29383,personer,ssb_07459,ekte
3201,67-79,2025,14762,personer,ssb_07459,ekte
3201,80-89,2025,5434,personer,ssb_07459,ekte
3201,90+,2025,1382,personer,ssb_07459,ekte
3201,alle,2025,132358,personer,ssb_07459,ekte
3203,0-17,2025,21991,personer,ssb_07459,ekte
3203,18-29,2025,12258,personer,ssb_07459,ekte
3203,30-49,2025,26859,personer,ssb_07459,ekte
3203,50-66,2025,23207,personer,ssb_07459,ekte
3203,67-79,2025,11322,personer,ssb_07459,ekte
3203,80-89,2025,4106,personer,ssb_07459,ekte
3203,90+,2025,749,personer,ssb_07459,ekte
3203,alle,2025,100492,personer,ssb_07459,ekte
3205,0-17,2025,19976,personer,ssb_07459,ekte
3205,18-29,2025,14255,personer,ssb_07459,ekte
3205,30-49,2025,27587,personer,ssb_07459,ekte
3205,50-66,2025,20811,personer,ssb_07459,ekte
3205,67-79,2025,9091,personer,ssb_07459,ekte
3205,80-89,2025,3431,personer,ssb_07459,ekte
3205,90+,2025,611,personer,ssb_07459,ekte
3205,alle,2025,95762,personer,ssb_07459,ekte
3207,0-17,2025,14491,personer,ssb_07459,ekte
3207,18-29,2025,8450,personer,ssb_07459,ekte
3207,30-49,2025,17461,personer,ssb_07459,ekte
3207,50-66,2025,14062,personer,ssb_07459,ekte
3207,67-79,2025,7020,personer,ssb_07459,ekte
3207,80-89,2025,2687,personer,ssb_07459,ekte
3207,90+,2025,497,personer,ssb_07459,ekte
3207,alle,2025,64668,personer,ssb_07459,ekte
3209,0-17,2025,10040,personer,ssb_07459,ekte
3209,18-29,2025,6743,personer,ssb_07459,ekte
3209,30-49,2025,13591,personer,ssb_07459,ekte
3209,50-66,2025,9300,personer,ssb_07459,ekte
3209,67-79,2025,3893,personer,ssb_07459,ekte
3209,80-89,2025,1308,personer,ssb_07459,ekte
3209,90+,2025,191,personer,ssb_07459,ekte
3209,alle,2025,45066,personer,ssb_07459,ekte
3212,0-17,2025,4675,personer,ssb_07459,ekte
3212,18-29,2025,2243,personer,ssb_07459,ekte
3212,30-49,2025,5458,personer,ssb_07459,ekte
3212,50-66,2025,4879,personer,ssb_07459,ekte
3212,67-79,2025,2550,personer,ssb_07459,ekte
3212,80-89,2025,748,personer,ssb_07459,ekte
3212,90+,2025,145,personer,ssb_07459,ekte
3212,alle,2025,20698,personer,ssb_07459,ekte
3214,0-17,2025,2985,personer,ssb_07459,ekte
3214,18-29,2025,1992,personer,ssb_07459,ekte
3214,30-49,2025,3607,personer,ssb_07459,ekte
3214,50-66,2025,4442,personer,ssb_07459,ekte
3214,67-79,2025,2324,personer,ssb_07459,ekte
3214,80-89,2025,862,personer,ssb_07459,ekte
3214,90+,2025,125,personer,ssb_07459,ekte
3214,alle,2025,16337,personer,ssb_07459,ekte
3216,0-17,2025,4453,personer,ssb_07459,ekte
3216,18-29,2025,2370,personer,ssb_07459,ekte
3216,30-49,2025,5342,personer,ssb_07459,ekte
3216,50-66,2025,4444,personer,ssb_07459,ekte
3216,67-79,2025,2391,personer,ssb_07459,ekte
3216,80-89,2025,752,personer,ssb_07459,ekte
3216,90+,2025,103,personer,ssb_07459,ekte
3216,alle,2025,19855,personer,ssb_07459,ekte
3218,0-17,2025,4607,personer,ssb_07459,ekte
3218,18-29,2025,4161,personer,ssb_07459,ekte
3218,30-49,2025,6252,personer,ssb_07459,ekte
3218,50-66,2025,4360,personer,ssb_07459,ekte
3218,67-79,2025,2028,personer,ssb_07459,ekte
3218,80-89,2025,771,personer,ssb_07459,ekte
3218,90+,2025,165,personer,ssb_07459,ekte
3218,alle,2025,22344,personer,ssb_07459,ekte
3220,0-17,2025,2467,personer,ssb_07459,ekte
3220,18-29,2025,1438,personer,ssb_07459,ekte
3220,30-49,2025,3234,personer,ssb_07459,ekte
3220,50-66,2025,2731,personer,ssb_07459,ekte
3220,67-79,2025,1258,personer,ssb_07459,ekte
3220,80-89,2025,367,personer,ssb_07459,ekte
3220,90+,2025,54,personer,ssb_07459,ekte
3220,alle,2025,11549,personer,ssb_07459,ekte
3222,0-17,2025,10378,personer,ssb_07459,ekte
3222,18-29,2025,7879,personer,ssb_07459,ekte
3222,30-49,2025,14945,personer,ssb_07459,ekte
3222,50-66,2025,10013,personer,ssb_07459,ekte
3222,67-79,2025,4969,personer,ssb_07459,ekte
3222,80-89,2025,1574,personer,ssb_07459,ekte
3222,90+,2025,255,personer,ssb_07459,ekte
3222,alle,2025,50013,personer,ssb_07459,ekte
3224,0-17,2025,4683,personer,ssb_07459,ekte
3224,18-29,2025,2822,personer,ssb_07459,ekte
3224,30-49,2025,6277,personer,ssb_07459,ekte
3224,50-66,2025,4179,personer,ssb_07459,ekte
3224,67-79,2025,1859,personer,ssb_07459,ekte
3224,80-89,2025,611,personer,ssb_07459,ekte
3224,90+,2025,78,personer,ssb_07459,ekte
3224,alle,2025,20509,personer,ssb_07459,ekte
3226,0-17,2025,3634,personer,ssb_07459,ekte
3226,18-29,2025,2129,personer,ssb_07459,ekte
3226,30-49,2025,4726,personer,ssb_07459,ekte
3226,50-66,2025,4441,personer,ssb_07459,ekte
3226,67-79,2025,2394,personer,ssb_07459,ekte
3226,80-89,2025,840,personer,ssb_07459,ekte
3226,90+,2025,150,personer,ssb_07459,ekte
3226,alle,2025,18314,personer,ssb_07459,ekte
3228,0-17,2025,5253,personer,ssb_07459,ekte
3228,18-29,2025,3030,personer,ssb_07459,ekte
3228,30-49,2025,6985,personer,ssb_07459,ekte
3228,50-66,2025,5640,personer,ssb_07459,ekte
3228,67-79,2025,3053,personer,ssb_07459,ekte
3228,80-89,2025,796,personer,ssb_07459,ekte
3228,90+,2025,140,personer,ssb_07459,ekte
3228,alle,2025,24897,personer,ssb_07459,ekte
3230,0-17,2025,1527,personer,ssb_07459,ekte
3230,18-29,2025,961,personer,ssb_07459,ekte
3230,30-49,2025,1967,personer,ssb_07459,ekte
3230,50-66,2025,1875,personer,ssb_07459,ekte
3230,67-79,2025,812,personer,ssb_07459,ekte
3230,80-89,2025,265,personer,ssb_07459,ekte
3230,90+,2025,46,personer,ssb_07459,ekte
3230,alle,2025,7453,personer,ssb_07459,ekte
3232,0-17,2025,6045,personer,ssb_07459,ekte
3232,18-29,2025,3199,personer,ssb_07459,ekte
3232,30-49,2025,7211,personer,ssb_07459,ekte
3232,50-66,2025,6064,personer,ssb_07459,ekte
3232,67-79,2025,2444,personer,ssb_07459,ekte
3232,80-89,2025,919,personer,ssb_07459,ekte
3232,90+,2025,141,personer,ssb_07459,ekte
3232,alle,2025,26023,personer,ssb_07459,ekte
3234,0-17,2025,1848,personer,ssb_07459,ekte
3234,18-29,2025,1110,personer,ssb_07459,ekte
3234,30-49,2025,2430,personer,ssb_07459,ekte
3234,50-66,2025,2278,personer,ssb_07459,ekte
3234,67-79,2025,1303,personer,ssb_07459,ekte
3234,80-89,2025,386,personer,ssb_07459,ekte
3234,90+,2025,65,personer,ssb_07459,ekte
3234,alle,2025,9420,personer,ssb_07459,ekte
3236,0-17,2025,1374,personer,ssb_07459,ekte
3236,18-29,2025,839,personer,ssb_07459,ekte
3236,30-49,2025,1763,personer,ssb_07459,ekte
3236,50-66,2025,1700,personer,ssb_07459,ekte
3236,67-79,2025,987,personer,ssb_07459,ekte
3236,80-89,2025,322,personer,ssb_07459,ekte
3236,90+,2025,58,personer,ssb_07459,ekte
3236,alle,2025,7043,personer,ssb_07459,ekte
3238,0-17,2025,3641,personer,ssb_07459,ekte
3238,18-29,2025,2344,personer,ssb_07459,ekte
3238,30-49,2025,5091,personer,ssb_07459,ekte
3238,50-66,2025,3411,personer,ssb_07459,ekte
3238,67-79,2025,1494,personer,ssb_07459,ekte
3238,80-89,2025,441,personer,ssb_07459,ekte
3238,90+,2025,83,personer,ssb_07459,ekte
3238,alle,2025,16505,personer,ssb_07459,ekte
3240,0-17,2025,6135,personer,ssb_07459,ekte
3240,18-29,2025,3664,personer,ssb_07459,ekte
3240,30-49,2025,8359,personer,ssb_07459,ekte
3240,50-66,2025,5948,personer,ssb_07459,ekte
3240,67-79,2025,3179,personer,ssb_07459,ekte
3240,80-89,2025,929,personer,ssb_07459,ekte
3240,90+,2025,138,personer,ssb_07459,ekte
3240,alle,2025,28352,personer,ssb_07459,ekte
3242,0-17,2025,602,personer,ssb_07459,ekte
3242,18-29,2025,339,personer,ssb_07459,ekte
3242,30-49,2025,769,personer,ssb_07459,ekte
3242,50-66,2025,708,personer,ssb_07459,ekte
3242,67-79,2025,432,personer,ssb_07459,ekte
3242,80-89,2025,138,personer,ssb_07459,ekte
3242,90+,2025,34,personer,ssb_07459,ekte
3242,alle,2025,3022,personer,ssb_07459,ekte
0301,0-17,2025,132074,personer,ssb_07459,ekte
0301,18-29,2025,136393,personer,ssb_07459,ekte
0301,30-49,2025,239922,personer,ssb_07459,ekte
0301,50-66,2025,130991,personer,ssb_07459,ekte
0301,67-79,2025,60499,personer,ssb_07459,ekte
0301,80-89,2025,19838,personer,ssb_07459,ekte
0301,90+,2025,4573,personer,ssb_07459,ekte
0301,alle,2025,724290,personer,ssb_07459,ekte
3301,0-17,2025,20573,personer,ssb_07459,ekte
3301,18-29,2025,15211,personer,ssb_07459,ekte
3301,30-49,2025,29376,personer,ssb_07459,ekte
3301,50-66,2025,22856,personer,ssb_07459,ekte
3301,67-79,2025,12256,personer,ssb_07459,ekte
3301,80-89,2025,4376,personer,ssb_07459,ekte
3301,90+,2025,804,personer,ssb_07459,ekte
3301,alle,2025,105452,personer,ssb_07459,ekte
3303,0-17,2025,5553,personer,ssb_07459,ekte
3303,18-29,2025,4131,personer,ssb_07459,ekte
3303,30-49,2025,7597,personer,ssb_07459,ekte
3303,50-66,2025,6369,personer,ssb_07459,ekte
3303,67-79,2025,3818,personer,ssb_07459,ekte
3303,80-89,2025,1299,personer,ssb_07459,ekte
3303,90+,2025,244,personer,ssb_07459,ekte
3303,alle,2025,29011,personer,ssb_07459,ekte
3305,0-17,2025,5751,personer,ssb_07459,ekte
3305,18-29,2025,4211,personer,ssb_07459,ekte
3305,30-49,2025,8171,personer,ssb_07459,ekte
3305,50-66,2025,7325,personer,ssb_07459,ekte
3305,67-79,2025,4584,personer,ssb_07459,ekte
3305,80-89,2025,1480,personer,ssb_07459,ekte
3305,90+,2025,271,personer,ssb_07459,ekte
3305,alle,2025,31793,personer,ssb_07459,ekte
3310,0-17,2025,1531,personer,ssb_07459,ekte
3310,18-29,2025,731,personer,ssb_07459,ekte
3310,30-49,2025,1878,personer,ssb_07459,ekte
3310,50-66,2025,1669,personer,ssb_07459,ekte
3310,67-79,2025,931,personer,ssb_07459,ekte
3310,80-89,2025,268,personer,ssb_07459,ekte
3310,90+,2025,57,personer,ssb_07459,ekte
3310,alle,2025,7065,personer,ssb_07459,ekte
3312,0-17,2025,6214,personer,ssb_07459,ekte
3312,18-29,2025,3476,personer,ssb_07459,ekte
3312,30-49,2025,8017,personer,ssb_07459,ekte
3312,50-66,2025,6517,personer,ssb_07459,ekte
3312,67-79,2025,3169,personer,ssb_07459,ekte
3312,80-89,2025,1083,personer,ssb_07459,ekte
3312,90+,2025,166,personer,ssb_07459,ekte
3312,alle,2025,28642,personer,ssb_07459,ekte
3314,0-17,2025,4204,personer,ssb_07459,ekte
3314,18-29,2025,2739,personer,ssb_07459,ekte
3314,30-49,2025,5679,personer,ssb_07459,ekte
3314,50-66,2025,4671,personer,ssb_07459,ekte
3314,67-79,2025,2591,personer,ssb_07459,ekte
3314,80-89,2025,804,personer,ssb_07459,ekte
3314,90+,2025,173,personer,ssb_07459,ekte
3314,alle,2025,20861,personer,ssb_07459,ekte
3316,0-17,2025,2761,personer,ssb_07459,ekte
3316,18-29,2025,1819,personer,ssb_07459,ekte
3316,30-49,2025,3779,personer,ssb_07459,ekte
3316,50-66,2025,3328,personer,ssb_07459,ekte
3316,67-79,2025,2167,personer,ssb_07459,ekte
3316,80-89,2025,666,personer,ssb_07459,ekte
3316,90+,2025,144,personer,ssb_07459,ekte
3316,alle,2025,14664,personer,ssb_07459,ekte
3318,0-17,2025,422,personer,ssb_07459,ekte
3318,18-29,2025,206,personer,ssb_07459,ekte
3318,30-49,2025,604,personer,ssb_07459,ekte
3318,50-66,2025,525,personer,ssb_07459,ekte
3318,67-79,2025,355,personer,ssb_07459,ekte
3318,80-89,2025,101,personer,ssb_07459,ekte
3318,90+,2025,22,personer,ssb_07459,ekte
3318,alle,2025,2235,personer,ssb_07459,ekte
3320,0-17,2025,188,personer,ssb_07459,ekte
3320,18-29,2025,155,personer,ssb_07459,ekte
3320,30-49,2025,270,personer,ssb_07459,ekte
3320,50-66,2025,265,personer,ssb_07459,ekte
3320,67-79,2025,160,personer,ssb_07459,ekte
3320,80-89,2025,64,personer,ssb_07459,ekte
3320,90+,2025,15,personer,ssb_07459,ekte
3320,alle,2025,1117,personer,ssb_07459,ekte
3322,0-17,2025,515,personer,ssb_07459,ekte
3322,18-29,2025,389,personer,ssb_07459,ekte
3322,30-49,2025,714,personer,ssb_07459,ekte
3322,50-66,2025,811,personer,ssb_07459,ekte
3322,67-79,2025,605,personer,ssb_07459,ekte
3322,80-89,2025,179,personer,ssb_07459,ekte
3322,90+,2025,53,personer,ssb_07459,ekte
3322,alle,2025,3266,personer,ssb_07459,ekte
3324,0-17,2025,852,personer,ssb_07459,ekte
3324,18-29,2025,656,personer,ssb_07459,ekte
3324,30-49,2025,1192,personer,ssb_07459,ekte
3324,50-66,2025,1189,personer,ssb_07459,ekte
3324,67-79,2025,658,personer,ssb_07459,ekte
3324,80-89,2025,274,personer,ssb_07459,ekte
3324,90+,2025,67,personer,ssb_07459,ekte
3324,alle,2025,4888,personer,ssb_07459,ekte
3326,0-17,2025,528,personer,ssb_07459,ekte
3326,18-29,2025,321,personer,ssb_07459,ekte
3326,30-49,2025,837,personer,ssb_07459,ekte
3326,50-66,2025,600,personer,ssb_07459,ekte
3326,67-79,2025,282,personer,ssb_07459,ekte
3326,80-89,2025,91,personer,ssb_07459,ekte
3326,90+,2025,26,personer,ssb_07459,ekte
3326,alle,2025,2685,personer,ssb_07459,ekte
3328,0-17,2025,871,personer,ssb_07459,ekte
3328,18-29,2025,678,personer,ssb_07459,ekte
3328,30-49,2025,1100,personer,ssb_07459,ekte
3328,50-66,2025,1120,personer,ssb_07459,ekte
3328,67-79,2025,755,personer,ssb_07459,ekte
3328,80-89,2025,241,personer,ssb_07459,ekte
3328,90+,2025,70,personer,ssb_07459,ekte
3328,alle,2025,4835,personer,ssb_07459,ekte
3330,0-17,2025,726,personer,ssb_07459,ekte
3330,18-29,2025,555,personer,ssb_07459,ekte
3330,30-49,2025,1162,personer,ssb_07459,ekte
3330,50-66,2025,1086,personer,ssb_07459,ekte
3330,67-79,2025,719,personer,ssb_07459,ekte
3330,80-89,2025,235,personer,ssb_07459,ekte
3330,90+,2025,44,personer,ssb_07459,ekte
3330,alle,2025,4527,personer,ssb_07459,ekte
3332,0-17,2025,578,personer,ssb_07459,ekte
3332,18-29,2025,440,personer,ssb_07459,ekte
3332,30-49,2025,759,personer,ssb_07459,ekte
3332,50-66,2025,906,personer,ssb_07459,ekte
3332,67-79,2025,592,personer,ssb_07459,ekte
3332,80-89,2025,211,personer,ssb_07459,ekte
3332,90+,2025,44,personer,ssb_07459,ekte
3332,alle,2025,3530,personer,ssb_07459,ekte
3334,0-17,2025,541,personer,ssb_07459,ekte
3334,18-29,2025,338,personer,ssb_07459,ekte
3334,30-49,2025,661,personer,ssb_07459,ekte
3334,50-66,2025,669,personer,ssb_07459,ekte
3334,67-79,2025,420,personer,ssb_07459,ekte
3334,80-89,2025,134,personer,ssb_07459,ekte
3334,90+,2025,34,personer,ssb_07459,ekte
3334,alle,2025,2797,personer,ssb_07459,ekte
3336,0-17,2025,237,personer,ssb_07459,ekte
3336,18-29,2025,161,personer,ssb_07459,ekte
3336,30-49,2025,308,personer,ssb_07459,ekte
3336,50-66,2025,335,personer,ssb_07459,ekte
3336,67-79,2025,251,personer,ssb_07459,ekte
3336,80-89,2025,88,personer,ssb_07459,ekte
3336,90+,2025,34,personer,ssb_07459,ekte
3336,alle,2025,1414,personer,ssb_07459,ekte
3338,0-17,2025,398,personer,ssb_07459,ekte
3338,18-29,2025,327,personer,ssb_07459,ekte
3338,30-49,2025,508,personer,ssb_07459,ekte
3338,50-66,2025,640,personer,ssb_07459,ekte
3338,67-79,2025,420,personer,ssb_07459,ekte
3338,80-89,2025,135,personer,ssb_07459,ekte
3338,90+,2025,38,personer,ssb_07459,ekte
3338,alle,2025,2466,personer,ssb_07459,ekte
3401,0-17,2025,3158,personer,ssb_07459,ekte
3401,18-29,2025,2271,personer,ssb_07459,ekte
3401,30-49,2025,4158,personer,ssb_07459,ekte
3401,50-66,2025,4396,personer,ssb_07459,ekte
3401,67-79,2025,2977,personer,ssb_07459,ekte
3401,80-89,2025,983,personer,ssb_07459,ekte
3401,90+,2025,166,personer,ssb_07459,ekte
3401,alle,2025,18109,personer,ssb_07459,ekte
3403,0-17,2025,6132,personer,ssb_07459,ekte
3403,18-29,2025,4716,personer,ssb_07459,ekte
3403,30-49,2025,8549,personer,ssb_07459,ekte
3403,50-66,2025,7162,personer,ssb_07459,ekte
3403,67-79,2025,4872,personer,ssb_07459,ekte
3403,80-89,2025,1633,personer,ssb_07459,ekte
3403,90+,2025,377,personer,ssb_07459,ekte
3403,alle,2025,33441,personer,ssb_07459,ekte
3405,0-17,2025,5346,personer,ssb_07459,ekte
3405,18-29,2025,4633,personer,ssb_07459,ekte
3405,30-49,2025,6987,personer,ssb_07459,ekte
3405,50-66,2025,6290,personer,ssb_07459,ekte
3405,67-79,2025,3997,personer,ssb_07459,ekte
3405,80-89,2025,1453,personer,ssb_07459,ekte
3405,90+,2025,305,personer,ssb_07459,ekte
3405,alle,2025,29011,personer,ssb_07459,ekte
3407,0-17,2025,5656,personer,ssb_07459,ekte
3407,18-29,2025,4884,personer,ssb_07459,ekte
3407,30-49,2025,7735,personer,ssb_07459,ekte
3407,50-66,2025,6925,personer,ssb_07459,ekte
3407,67-79,2025,4210,personer,ssb_07459,ekte
3407,80-89,2025,1499,personer,ssb_07459,ekte
3407,90+,2025,266,personer,ssb_07459,ekte
3407,alle,2025,31175,personer,ssb_07459,ekte
3411,0-17,2025,6792,personer,ssb_07459,ekte
3411,18-29,2025,4707,personer,ssb_07459,ekte
3411,30-49,2025,9076,personer,ssb_07459,ekte
3411,50-66,2025,8578,personer,ssb_07459,ekte
3411,67-79,2025,4826,personer,ssb_07459,ekte
3411,80-89,2025,1621,personer,ssb_07459,ekte
3411,90+,2025,311,personer,ssb_07459,ekte
3411,alle,2025,35911,personer,ssb_07459,ekte
3412,0-17,2025,1556,personer,ssb_07459,ekte
3412,18-29,2025,957,personer,ssb_07459,ekte
3412,30-49,2025,2021,personer,ssb_07459,ekte
3412,50-66,2025,1774,personer,ssb_07459,ekte
3412,67-79,2025,1169,personer,ssb_07459,ekte
3412,80-89,2025,392,personer,ssb_07459,ekte
3412,90+,2025,62,personer,ssb_07459,ekte
3412,alle,2025,7931,personer,ssb_07459,ekte
3413,0-17,2025,4360,personer,ssb_07459,ekte
3413,18-29,2025,2632,personer,ssb_07459,ekte
3413,30-49,2025,5574,personer,ssb_07459,ekte
3413,50-66,2025,4920,personer,ssb_07459,ekte
3413,67-79,2025,3040,personer,ssb_07459,ekte
3413,80-89,2025,954,personer,ssb_07459,ekte
3413,90+,2025,211,personer,ssb_07459,ekte
3413,alle,2025,21691,personer,ssb_07459,ekte
3414,0-17,2025,755,personer,ssb_07459,ekte
3414,18-29,2025,622,personer,ssb_07459,ekte
3414,30-49,2025,1029,personer,ssb_07459,ekte
3414,50-66,2025,1349,personer,ssb_07459,ekte
3414,67-79,2025,915,personer,ssb_07459,ekte
3414,80-89,2025,278,personer,ssb_07459,ekte
3414,90+,2025,58,personer,ssb_07459,ekte
3414,alle,2025,5006,personer,ssb_07459,ekte
3415,0-17,2025,1393,personer,ssb_07459,ekte
3415,18-29,2025,960,personer,ssb_07459,ekte
3415,30-49,2025,1994,personer,ssb_07459,ekte
3415,50-66,2025,2104,personer,ssb_07459,ekte
3415,67-79,2025,1277,personer,ssb_07459,ekte
3415,80-89,2025,340,personer,ssb_07459,ekte
3415,90+,2025,82,personer,ssb_07459,ekte
3415,alle,2025,8150,personer,ssb_07459,ekte
3416,0-17,2025,919,personer,ssb_07459,ekte
3416,18-29,2025,661,personer,ssb_07459,ekte
3416,30-49,2025,1242,personer,ssb_07459,ekte
3416,50-66,2025,1727,personer,ssb_07459,ekte
3416,67-79,2025,1094,personer,ssb_07459,ekte
3416,80-89,2025,338,personer,ssb_07459,ekte
3416,90+,2025,78,personer,ssb_07459,ekte
3416,alle,2025,6059,personer,ssb_07459,ekte
3417,0-17,2025,602,personer,ssb_07459,ekte
3417,18-29,2025,514,personer,ssb_07459,ekte
3417,30-49,2025,902,personer,ssb_07459,ekte
3417,50-66,2025,1230,personer,ssb_07459,ekte
3417,67-79,2025,908,personer,ssb_07459,ekte
3417,80-89,2025,296,personer,ssb_07459,ekte
3417,90+,2025,61,personer,ssb_07459,ekte
3417,alle,2025,4513,personer,ssb_07459,ekte
3418,0-17,2025,1094,personer,ssb_07459,ekte
3418,18-29,2025,834,personer,ssb_07459,ekte
3418,30-49,2025,1542,personer,ssb_07459,ekte
3418,50-66,2025,1912,personer,ssb_07459,ekte
3418,67-79,2025,1338,personer,ssb_07459,ekte
3418,80-89,2025,460,personer,ssb_07459,ekte
3418,90+,2025,67,personer,ssb_07459,ekte
3418,alle,2025,7247,personer,ssb_07459,ekte
3419,0-17,2025,529,personer,ssb_07459,ekte
3419,18-29,2025,406,personer,ssb_07459,ekte
3419,30-49,2025,716,personer,ssb_07459,ekte
3419,50-66,2025,985,personer,ssb_07459,ekte
3419,67-79,2025,676,personer,ssb_07459,ekte
3419,80-89,2025,207,personer,ssb_07459,ekte
3419,90+,2025,40,personer,ssb_07459,ekte
3419,alle,2025,3559,personer,ssb_07459,ekte
3420,0-17,2025,4145,personer,ssb_07459,ekte
3420,18-29,2025,3191,personer,ssb_07459,ekte
3420,30-49,2025,5409,personer,ssb_07459,ekte
3420,50-66,2025,4862,personer,ssb_07459,ekte
3420,67-79,2025,3071,personer,ssb_07459,ekte
3420,80-89,2025,1022,personer,ssb_07459,ekte
3420,90+,2025,199,personer,ssb_07459,ekte
3420,alle,2025,21899,personer,ssb_07459,ekte
3421,0-17,2025,1069,personer,ssb_07459,ekte
3421,18-29,2025,747,personer,ssb_07459,ekte
3421,30-49,2025,1501,personer,ssb_07459,ekte
3421,50-66,2025,1669,personer,ssb_07459,ekte
3421,67-79,2025,1089,personer,ssb_07459,ekte
3421,80-89,2025,403,personer,ssb_07459,ekte
3421,90+,2025,64,personer,ssb_07459,ekte
3421,alle,2025,6542,personer,ssb_07459,ekte
3422,0-17,2025,676,personer,ssb_07459,ekte
3422,18-29,2025,741,personer,ssb_07459,ekte
3422,30-49,2025,891,personer,ssb_07459,ekte
3422,50-66,2025,988,personer,ssb_07459,ekte
3422,67-79,2025,646,personer,ssb_07459,ekte
3422,80-89,2025,212,personer,ssb_07459,ekte
3422,90+,2025,51,personer,ssb_07459,ekte
3422,alle,2025,4205,personer,ssb_07459,ekte
3423,0-17,2025,283,personer,ssb_07459,ekte
3423,18-29,2025,259,personer,ssb_07459,ekte
3423,30-49,2025,458,personer,ssb_07459,ekte
3423,50-66,2025,618,personer,ssb_07459,ekte
3423,67-79,2025,446,personer,ssb_07459,ekte
3423,80-89,2025,152,personer,ssb_07459,ekte
3423,90+,2025,34,personer,ssb_07459,ekte
3423,alle,2025,2250,personer,ssb_07459,ekte
3424,0-17,2025,275,personer,ssb_07459,ekte
3424,18-29,2025,198,personer,ssb_07459,ekte
3424,30-49,2025,329,personer,ssb_07459,ekte
3424,50-66,2025,508,personer,ssb_07459,ekte
3424,67-79,2025,378,personer,ssb_07459,ekte
3424,80-89,2025,130,personer,ssb_07459,ekte
3424,90+,2025,28,personer,ssb_07459,ekte
3424,alle,2025,1846,personer,ssb_07459,ekte
3425,0-17,2025,207,personer,ssb_07459,ekte
3425,18-29,2025,147,personer,ssb_07459,ekte
3425,30-49,2025,240,personer,ssb_07459,ekte
3425,50-66,2025,361,personer,ssb_07459,ekte
3425,67-79,2025,259,personer,ssb_07459,ekte
3425,80-89,2025,96,personer,ssb_07459,ekte
3425,90+,2025,16,personer,ssb_07459,ekte
3425,alle,2025,1326,personer,ssb_07459,ekte
3426,0-17,2025,355,personer,ssb_07459,ekte
3426,18-29,2025,181,personer,ssb_07459,ekte
3426,30-49,2025,375,personer,ssb_07459,ekte
3426,50-66,2025,362,personer,ssb_07459,ekte
3426,67-79,2025,240,personer,ssb_07459,ekte
3426,80-89,2025,81,personer,ssb_07459,ekte
3426,90+,2025,12,personer,ssb_07459,ekte
3426,alle,2025,1606,personer,ssb_07459,ekte
3427,0-17,2025,1143,personer,ssb_07459,ekte
3427,18-29,2025,785,personer,ssb_07459,ekte
3427,30-49,2025,1329,personer,ssb_07459,ekte
3427,50-66,2025,1255,personer,ssb_07459,ekte
3427,67-79,2025,871,personer,ssb_07459,ekte
3427,80-89,2025,280,personer,ssb_07459,ekte
3427,90+,2025,59,personer,ssb_07459,ekte
3427,alle,2025,5722,personer,ssb_07459,ekte
3428,0-17,2025,542,personer,ssb_07459,ekte
3428,18-29,2025,335,personer,ssb_07459,ekte
3428,30-49,2025,560,personer,ssb_07459,ekte
3428,50-66,2025,584,personer,ssb_07459,ekte
3428,67-79,2025,341,personer,ssb_07459,ekte
3428,80-89,2025,120,personer,ssb_07459,ekte
3428,90+,2025,27,personer,ssb_07459,ekte
3428,alle,2025,2509,personer,ssb_07459,ekte
3429,0-17,2025,232,personer,ssb_07459,ekte
3429,18-29,2025,177,personer,ssb_07459,ekte
3429,30-49,2025,305,personer,ssb_07459,ekte
3429,50-66,2025,399,personer,ssb_07459,ekte
3429,67-79,2025,304,personer,ssb_07459,ekte
3429,80-89,2025,106,personer,ssb_07459,ekte
3429,90+,2025,17,personer,ssb_07459,ekte
3429,alle,2025,1540,personer,ssb_07459,ekte
3430,0-17,2025,288,personer,ssb_07459,ekte
3430,18-29,2025,272,personer,ssb_07459,ekte
3430,30-49,2025,372,personer,ssb_07459,ekte
3430,50-66,2025,514,personer,ssb_07459,ekte
3430,67-79,2025,324,personer,ssb_07459,ekte
3430,80-89,2025,105,personer,ssb_07459,ekte
3430,90+,2025,20,personer,ssb_07459,ekte
3430,alle,2025,1895,personer,ssb_07459,ekte
3431,0-17,2025,400,personer,ssb_07459,ekte
3431,18-29,2025,299,personer,ssb_07459,ekte
3431,30-49,2025,537,personer,ssb_07459,ekte
3431,50-66,2025,604,personer,ssb_07459,ekte
3431,67-79,2025,444,personer,ssb_07459,ekte
3431,80-89,2025,190,personer,ssb_07459,ekte
3431,90+,2025,42,personer,ssb_07459,ekte
3431,alle,2025,2516,personer,ssb_07459,ekte
3432,0-17,2025,356,personer,ssb_07459,ekte
3432,18-29,2025,282,personer,ssb_07459,ekte
3432,30-49,2025,401,personer,ssb_07459,ekte
3432,50-66,2025,467,personer,ssb_07459,ekte
3432,67-79,2025,359,personer,ssb_07459,ekte
3432,80-89,2025,109,personer,ssb_07459,ekte
3432,90+,2025,32,personer,ssb_07459,ekte
3432,alle,2025,2006,personer,ssb_07459,ekte
3433,0-17,2025,351,personer,ssb_07459,ekte
3433,18-29,2025,262,personer,ssb_07459,ekte
3433,30-49,2025,468,personer,ssb_07459,ekte
3433,50-66,2025,529,personer,ssb_07459,ekte
3433,67-79,2025,394,personer,ssb_07459,ekte
3433,80-89,2025,148,personer,ssb_07459,ekte
3433,90+,2025,27,personer,ssb_07459,ekte
3433,alle,2025,2179,personer,ssb_07459,ekte
3434,0-17,2025,374,personer,ssb_07459,ekte
3434,18-29,2025,301,personer,ssb_07459,ekte
3434,30-49,2025,463,personer,ssb_07459,ekte
3434,50-66,2025,549,personer,ssb_07459,ekte
3434,67-79,2025,374,personer,ssb_07459,ekte
3434,80-89,2025,128,personer,ssb_07459,ekte
3434,90+,2025,26,personer,ssb_07459,ekte
3434,alle,2025,2215,personer,ssb_07459,ekte
3435,0-17,2025,618,personer,ssb_07459,ekte
3435,18-29,2025,471,personer,ssb_07459,ekte
3435,30-49,2025,762,personer,ssb_07459,ekte
3435,50-66,2025,840,personer,ssb_07459,ekte
3435,67-79,2025,574,personer,ssb_07459,ekte
3435,80-89,2025,221,personer,ssb_07459,ekte
3435,90+,2025,43,personer,ssb_07459,ekte
3435,alle,2025,3529,personer,ssb_07459,ekte
3436,0-17,2025,952,personer,ssb_07459,ekte
3436,18-29,2025,710,personer,ssb_07459,ekte
3436,30-49,2025,1149,personer,ssb_07459,ekte
3436,50-66,2025,1430,personer,ssb_07459,ekte
3436,67-79,2025,885,personer,ssb_07459,ekte
3436,80-89,2025,355,personer,ssb_07459,ekte
3436,90+,2025,72,personer,ssb_07459,ekte
3436,alle,2025,5553,personer,ssb_07459,ekte
3437,0-17,2025,972,personer,ssb_07459,ekte
3437,18-29,2025,734,personer,ssb_07459,ekte
3437,30-49,2025,1175,personer,ssb_07459,ekte
3437,50-66,2025,1369,personer,ssb_07459,ekte
3437,67-79,2025,935,personer,ssb_07459,ekte
3437,80-89,2025,340,personer,ssb_07459,ekte
3437,90+,2025,98,personer,ssb_07459,ekte
3437,alle,2025,5623,personer,ssb_07459,ekte
3438,0-17,2025,576,personer,ssb_07459,ekte
3438,18-29,2025,385,personer,ssb_07459,ekte
3438,30-49,2025,677,personer,ssb_07459,ekte
3438,50-66,2025,807,personer,ssb_07459,ekte
3438,67-79,2025,481,personer,ssb_07459,ekte
3438,80-89,2025,161,personer,ssb_07459,ekte
3438,90+,2025,41,personer,ssb_07459,ekte
3438,alle,2025,3128,personer,ssb_07459,ekte
3439,0-17,2025,804,personer,ssb_07459,ekte
3439,18-29,2025,496,personer,ssb_07459,ekte
3439,30-49,2025,1048,personer,ssb_07459,ekte
3439,50-66,2025,1064,personer,ssb_07459,ekte
3439,67-79,2025,714,personer,ssb_07459,ekte
3439,80-89,2025,262,personer,ssb_07459,ekte
3439,90+,2025,59,personer,ssb_07459,ekte
3439,alle,2025,4447,personer,ssb_07459,ekte
3440,0-17,2025,989,personer,ssb_07459,ekte
3440,18-29,2025,591,personer,ssb_07459,ekte
3440,30-49,2025,1277,personer,ssb_07459,ekte
3440,50-66,2025,1242,personer,ssb_07459,ekte
3440,67-79,2025,720,personer,ssb_07459,ekte
3440,80-89,2025,263,personer,ssb_07459,ekte
3440,90+,2025,52,personer,ssb_07459,ekte
3440,alle,2025,5134,personer,ssb_07459,ekte
3441,0-17,2025,1062,personer,ssb_07459,ekte
3441,18-29,2025,793,personer,ssb_07459,ekte
3441,30-49,2025,1413,personer,ssb_07459,ekte
3441,50-66,2025,1554,personer,ssb_07459,ekte
3441,67-79,2025,937,personer,ssb_07459,ekte
3441,80-89,2025,341,personer,ssb_07459,ekte
3441,90+,2025,74,personer,ssb_07459,ekte
3441,alle,2025,6174,personer,ssb_07459,ekte
3442,0-17,2025,2668,personer,ssb_07459,ekte
3442,18-29,2025,1835,personer,ssb_07459,ekte
3442,30-49,2025,3448,personer,ssb_07459,ekte
3442,50-66,2025,3735,personer,ssb_07459,ekte
3442,67-79,2025,2243,personer,ssb_07459,ekte
3442,80-89,2025,749,personer,ssb_07459,ekte
3442,90+,2025,149,personer,ssb_07459,ekte
3442,alle,2025,14827,personer,ssb_07459,ekte
3443,0-17,2025,2401,personer,ssb_07459,ekte
3443,18-29,2025,1904,personer,ssb_07459,ekte
3443,30-49,2025,3332,personer,ssb_07459,ekte
3443,50-66,2025,3252,personer,ssb_07459,ekte
3443,67-79,2025,1954,personer,ssb_07459,ekte
3443,80-89,2025,688,personer,ssb_07459,ekte
3443,90+,2025,118,personer,ssb_07459,ekte
3443,alle,2025,13649,personer,ssb_07459,ekte
3446,0-17,2025,2402,personer,ssb_07459,ekte
3446,18-29,2025,1689,personer,ssb_07459,ekte
3446,30-49,2025,3176,personer,ssb_07459,ekte
3446,50-66,2025,3505,personer,ssb_07459,ekte
3446,67-79,2025,2030,personer,ssb_07459,ekte
3446,80-89,2025,715,personer,ssb_07459,ekte
3446,90+,2025,143,personer,ssb_07459,ekte
3446,alle,2025,13660,personer,ssb_07459,ekte
3447,0-17,2025,910,personer,ssb_07459,ekte
3447,18-29,2025,664,personer,ssb_07459,ekte
3447,30-49,2025,1268,personer,ssb_07459,ekte
3447,50-66,2025,1487,personer,ssb_07459,ekte
3447,67-79,2025,931,personer,ssb_07459,ekte
3447,80-89,2025,292,personer,ssb_07459,ekte
3447,90+,2025,45,personer,ssb_07459,ekte
3447,alle,2025,5597,personer,ssb_07459,ekte
3448,0-17,2025,1170,personer,ssb_07459,ekte
3448,18-29,2025,789,personer,ssb_07459,ekte
3448,30-49,2025,1431,personer,ssb_07459,ekte
3448,50-66,2025,1677,personer,ssb_07459,ekte
3448,67-79,2025,1072,personer,ssb_07459,ekte
3448,80-89,2025,343,personer,ssb_07459,ekte
3448,90+,2025,62,personer,ssb_07459,ekte
3448,alle,2025,6544,personer,ssb_07459,ekte
3449,0-17,2025,453,personer,ssb_07459,ekte
3449,18-29,2025,353,personer,ssb_07459,ekte
3449,30-49,2025,584,personer,ssb_07459,ekte
3449,50-66,2025,726,personer,ssb_07459,ekte
3449,67-79,2025,479,personer,ssb_07459,ekte
3449,80-89,2025,196,personer,ssb_07459,ekte
3449,90+,2025,31,personer,ssb_07459,ekte
3449,alle,2025,2822,personer,ssb_07459,ekte
3450,0-17,2025,189,personer,ssb_07459,ekte
3450,18-29,2025,147,personer,ssb_07459,ekte
3450,30-49,2025,261,personer,ssb_07459,ekte
3450,50-66,2025,328,personer,ssb_07459,ekte
3450,67-79,2025,214,personer,ssb_07459,ekte
3450,80-89,2025,93,personer,ssb_07459,ekte
3450,90+,2025,22,personer,ssb_07459,ekte
3450,alle,2025,1254,personer,ssb_07459,ekte
3451,0-17,2025,1125,personer,ssb_07459,ekte
3451,18-29,2025,807,personer,ssb_07459,ekte
3451,30-49,2025,1513,personer,ssb_07459,ekte
3451,50-66,2025,1509,personer,ssb_07459,ekte
3451,67-79,2025,1085,personer,ssb_07459,ekte
3451,80-89,2025,347,personer,ssb_07459,ekte
3451,90+,2025,69,personer,ssb_07459,ekte
3451,alle,2025,6455,personer,ssb_07459,ekte
3452,0-17,2025,378,personer,ssb_07459,ekte
3452,18-29,2025,271,personer,ssb_07459,ekte
3452,30-49,2025,494,personer,ssb_07459,ekte
3452,50-66,2025,559,personer,ssb_07459,ekte
3452,67-79,2025,314,personer,ssb_07459,ekte
3452,80-89,2025,108,personer,ssb_07459,ekte
3452,90+,2025,18,personer,ssb_07459,ekte
3452,alle,2025,2142,personer,ssb_07459,ekte
3453,0-17,2025,557,personer,ssb_07459,ekte
3453,18-29,2025,407,personer,ssb_07459,ekte
3453,30-49,2025,807,personer,ssb_07459,ekte
3453,50-66,2025,823,personer,ssb_07459,ekte
3453,67-79,2025,517,personer,ssb_07459,ekte
3453,80-89,2025,175,personer,ssb_07459,ekte
3453,90+,2025,25,personer,ssb_07459,ekte
3453,alle,2025,3311,personer,ssb_07459,ekte
3454,0-17,2025,306,personer,ssb_07459,ekte
3454,18-29,2025,195,personer,ssb_07459,ekte
3454,30-49,2025,385,personer,ssb_07459,ekte
3454,50-66,2025,390,personer,ssb_07459,ekte
3454,67-79,2025,265,personer,ssb_07459,ekte
3454,80-89,2025,88,personer,ssb_07459,ekte
3454,90+,2025,19,personer,ssb_07459,ekte
3454,alle,2025,1648,personer,ssb_07459,ekte
3901,0-17,2025,5182,personer,ssb_07459,ekte
3901,18-29,2025,3787,personer,ssb_07459,ekte
3901,30-49,2025,6804,personer,ssb_07459,ekte
3901,50-66,2025,6704,personer,ssb_07459,ekte
3901,67-79,2025,3919,personer,ssb_07459,ekte
3901,80-89,2025,1383,personer,ssb_07459,ekte
3901,90+,2025,260,personer,ssb_07459,ekte
3901,alle,2025,28039,personer,ssb_07459,ekte
3903,0-17,2025,5229,personer,ssb_07459,ekte
3903,18-29,2025,3397,personer,ssb_07459,ekte
3903,30-49,2025,7102,personer,ssb_07459,ekte
3903,50-66,2025,6237,personer,ssb_07459,ekte
3903,67-79,2025,3712,personer,ssb_07459,ekte
3903,80-89,2025,1144,personer,ssb_07459,ekte
3903,90+,2025,184,personer,ssb_07459,ekte
3903,alle,2025,27005,personer,ssb_07459,ekte
3905,0-17,2025,11671,personer,ssb_07459,ekte
3905,18-29,2025,8210,personer,ssb_07459,ekte
3905,30-49,2025,16150,personer,ssb_07459,ekte
3905,50-66,2025,13334,personer,ssb_07459,ekte
3905,67-79,2025,7488,personer,ssb_07459,ekte
3905,80-89,2025,2468,personer,ssb_07459,ekte
3905,90+,2025,509,personer,ssb_07459,ekte
3905,alle,2025,59830,personer,ssb_07459,ekte
3907,0-17,2025,13179,personer,ssb_07459,ekte
3907,18-29,2025,8775,personer,ssb_07459,ekte
3907,30-49,2025,17213,personer,ssb_07459,ekte
3907,50-66,2025,15282,personer,ssb_07459,ekte
3907,67-79,2025,8726,personer,ssb_07459,ekte
3907,80-89,2025,2992,personer,ssb_07459,ekte
3907,90+,2025,591,personer,ssb_07459,ekte
3907,alle,2025,66758,personer,ssb_07459,ekte
3909,0-17,2025,9136,personer,ssb_07459,ekte
3909,18-29,2025,6044,personer,ssb_07459,ekte
3909,30-49,2025,12060,personer,ssb_07459,ekte
3909,50-66,2025,11432,personer,ssb_07459,ekte
3909,67-79,2025,7344,personer,ssb_07459,ekte
3909,80-89,2025,2325,personer,ssb_07459,ekte
3909,90+,2025,529,personer,ssb_07459,ekte
3909,alle,2025,48870,personer,ssb_07459,ekte
3911,0-17,2025,5381,personer,ssb_07459,ekte
3911,18-29,2025,3040,personer,ssb_07459,ekte
3911,30-49,2025,6622,personer,ssb_07459,ekte
3911,50-66,2025,6658,personer,ssb_07459,ekte
3911,67-79,2025,4184,personer,ssb_07459,ekte
3911,80-89,2025,1407,personer,ssb_07459,ekte
3911,90+,2025,277,personer,ssb_07459,ekte
3911,alle,2025,27569,personer,ssb_07459,ekte
4001,0-17,2025,6988,personer,ssb_07459,ekte
4001,18-29,2025,5103,personer,ssb_07459,ekte
4001,30-49,2025,9491,personer,ssb_07459,ekte
4001,50-66,2025,8604,personer,ssb_07459,ekte
4001,67-79,2025,5030,personer,ssb_07459,ekte
4001,80-89,2025,1767,personer,ssb_07459,ekte
4001,90+,2025,306,personer,ssb_07459,ekte
4001,alle,2025,37289,personer,ssb_07459,ekte
4003,0-17,2025,11098,personer,ssb_07459,ekte
4003,18-29,2025,7610,personer,ssb_07459,ekte
4003,30-49,2025,14475,personer,ssb_07459,ekte
4003,50-66,2025,12938,personer,ssb_07459,ekte
4003,67-79,2025,7714,personer,ssb_07459,ekte
4003,80-89,2025,2560,personer,ssb_07459,ekte
4003,90+,2025,471,personer,ssb_07459,ekte
4003,alle,2025,56866,personer,ssb_07459,ekte
4005,0-17,2025,2481,personer,ssb_07459,ekte
4005,18-29,2025,1729,personer,ssb_07459,ekte
4005,30-49,2025,3282,personer,ssb_07459,ekte
4005,50-66,2025,3057,personer,ssb_07459,ekte
4005,67-79,2025,1965,personer,ssb_07459,ekte
4005,80-89,2025,674,personer,ssb_07459,ekte
4005,90+,2025,145,personer,ssb_07459,ekte
4005,alle,2025,13333,personer,ssb_07459,ekte
4010,0-17,2025,493,personer,ssb_07459,ekte
4010,18-29,2025,257,personer,ssb_07459,ekte
4010,30-49,2025,606,personer,ssb_07459,ekte
4010,50-66,2025,531,personer,ssb_07459,ekte
4010,67-79,2025,351,personer,ssb_07459,ekte
4010,80-89,2025,116,personer,ssb_07459,ekte
4010,90+,2025,35,personer,ssb_07459,ekte
4010,alle,2025,2389,personer,ssb_07459,ekte
4012,0-17,2025,2666,personer,ssb_07459,ekte
4012,18-29,2025,1832,personer,ssb_07459,ekte
4012,30-49,2025,3329,personer,ssb_07459,ekte
4012,50-66,2025,3417,personer,ssb_07459,ekte
4012,67-79,2025,2237,personer,ssb_07459,ekte
4012,80-89,2025,730,personer,ssb_07459,ekte
4012,90+,2025,99,personer,ssb_07459,ekte
4012,alle,2025,14310,personer,ssb_07459,ekte
4014,0-17,2025,1774,personer,ssb_07459,ekte
4014,18-29,2025,1191,personer,ssb_07459,ekte
4014,30-49,2025,2342,personer,ssb_07459,ekte
4014,50-66,2025,2591,personer,ssb_07459,ekte
4014,67-79,2025,1862,personer,ssb_07459,ekte
4014,80-89,2025,595,personer,ssb_07459,ekte
4014,90+,2025,91,personer,ssb_07459,ekte
4014,alle,2025,10446,personer,ssb_07459,ekte
4016,0-17,2025,757,personer,ssb_07459,ekte
4016,18-29,2025,531,personer,ssb_07459,ekte
4016,30-49,2025,914,personer,ssb_07459,ekte
4016,50-66,2025,1005,personer,ssb_07459,ekte
4016,67-79,2025,622,personer,ssb_07459,ekte
4016,80-89,2025,197,personer,ssb_07459,ekte
4016,90+,2025,41,personer,ssb_07459,ekte
4016,alle,2025,4067,personer,ssb_07459,ekte
4018,0-17,2025,1198,personer,ssb_07459,ekte
4018,18-29,2025,846,personer,ssb_07459,ekte
4018,30-49,2025,1484,personer,ssb_07459,ekte
4018,50-66,2025,1636,personer,ssb_07459,ekte
4018,67-79,2025,1008,personer,ssb_07459,ekte
4018,80-89,2025,313,personer,ssb_07459,ekte
4018,90+,2025,73,personer,ssb_07459,ekte
4018,alle,2025,6558,personer,ssb_07459,ekte
4020,0-17,2025,2153,personer,ssb_07459,ekte
4020,18-29,2025,1889,personer,ssb_07459,ekte
4020,30-49,2025,2764,personer,ssb_07459,ekte
4020,50-66,2025,2266,personer,ssb_07459,ekte
4020,67-79,2025,1463,personer,ssb_07459,ekte
4020,80-89,2025,498,personer,ssb_07459,ekte
4020,90+,2025,102,personer,ssb_07459,ekte
4020,alle,2025,11135,personer,ssb_07459,ekte
4022,0-17,2025,567,personer,ssb_07459,ekte
4022,18-29,2025,372,personer,ssb_07459,ekte
4022,30-49,2025,692,personer,ssb_07459,ekte
4022,50-66,2025,680,personer,ssb_07459,ekte
4022,67-79,2025,480,personer,ssb_07459,ekte
4022,80-89,2025,162,personer,ssb_07459,ekte
4022,90+,2025,28,personer,ssb_07459,ekte
4022,alle,2025,2981,personer,ssb_07459,ekte
4024,0-17,2025,323,personer,ssb_07459,ekte
4024,18-29,2025,220,personer,ssb_07459,ekte
4024,30-49,2025,325,personer,ssb_07459,ekte
4024,50-66,2025,398,personer,ssb_07459,ekte
4024,67-79,2025,263,personer,ssb_07459,ekte
4024,80-89,2025,95,personer,ssb_07459,ekte
4024,90+,2025,22,personer,ssb_07459,ekte
4024,alle,2025,1646,personer,ssb_07459,ekte
4026,0-17,2025,888,personer,ssb_07459,ekte
4026,18-29,2025,670,personer,ssb_07459,ekte
4026,30-49,2025,1175,personer,ssb_07459,ekte
4026,50-66,2025,1471,personer,ssb_07459,ekte
4026,67-79,2025,964,personer,ssb_07459,ekte
4026,80-89,2025,298,personer,ssb_07459,ekte
4026,90+,2025,63,personer,ssb_07459,ekte
4026,alle,2025,5529,personer,ssb_07459,ekte
4028,0-17,2025,414,personer,ssb_07459,ekte
4028,18-29,2025,285,personer,ssb_07459,ekte
4028,30-49,2025,539,personer,ssb_07459,ekte
4028,50-66,2025,673,personer,ssb_07459,ekte
4028,67-79,2025,385,personer,ssb_07459,ekte
4028,80-89,2025,139,personer,ssb_07459,ekte
4028,90+,2025,38,personer,ssb_07459,ekte
4028,alle,2025,2473,personer,ssb_07459,ekte
4030,0-17,2025,296,personer,ssb_07459,ekte
4030,18-29,2025,155,personer,ssb_07459,ekte
4030,30-49,2025,320,personer,ssb_07459,ekte
4030,50-66,2025,361,personer,ssb_07459,ekte
4030,67-79,2025,272,personer,ssb_07459,ekte
4030,80-89,2025,69,personer,ssb_07459,ekte
4030,90+,2025,13,personer,ssb_07459,ekte
4030,alle,2025,1486,personer,ssb_07459,ekte
4032,0-17,2025,226,personer,ssb_07459,ekte
4032,18-29,2025,148,personer,ssb_07459,ekte
4032,30-49,2025,284,personer,ssb_07459,ekte
4032,50-66,2025,317,personer,ssb_07459,ekte
4032,67-79,2025,205,personer,ssb_07459,ekte
4032,80-89,2025,63,personer,ssb_07459,ekte
4032,90+,2025,13,personer,ssb_07459,ekte
4032,alle,2025,1256,personer,ssb_07459,ekte
4034,0-17,2025,417,personer,ssb_07459,ekte
4034,18-29,2025,269,personer,ssb_07459,ekte
4034,30-49,2025,496,personer,ssb_07459,ekte
4034,50-66,2025,579,personer,ssb_07459,ekte
4034,67-79,2025,339,personer,ssb_07459,ekte
4034,80-89,2025,108,personer,ssb_07459,ekte
4034,90+,2025,30,personer,ssb_07459,ekte
4034,alle,2025,2238,personer,ssb_07459,ekte
4036,0-17,2025,740,personer,ssb_07459,ekte
4036,18-29,2025,497,personer,ssb_07459,ekte
4036,30-49,2025,904,personer,ssb_07459,ekte
4036,50-66,2025,899,personer,ssb_07459,ekte
4036,67-79,2025,576,personer,ssb_07459,ekte
4036,80-89,2025,209,personer,ssb_07459,ekte
4036,90+,2025,36,personer,ssb_07459,ekte
4036,alle,2025,3861,personer,ssb_07459,ekte
4201,0-17,2025,1136,personer,ssb_07459,ekte
4201,18-29,2025,785,personer,ssb_07459,ekte
4201,30-49,2025,1453,personer,ssb_07459,ekte
4201,50-66,2025,1664,personer,ssb_07459,ekte
4201,67-79,2025,1218,personer,ssb_07459,ekte
4201,80-89,2025,357,personer,ssb_07459,ekte
4201,90+,2025,74,personer,ssb_07459,ekte
4201,alle,2025,6687,personer,ssb_07459,ekte
4202,0-17,2025,5366,personer,ssb_07459,ekte
4202,18-29,2025,4320,personer,ssb_07459,ekte
4202,30-49,2025,6515,personer,ssb_07459,ekte
4202,50-66,2025,5225,personer,ssb_07459,ekte
4202,67-79,2025,2855,personer,ssb_07459,ekte
4202,80-89,2025,974,personer,ssb_07459,ekte
4202,90+,2025,164,personer,ssb_07459,ekte
4202,alle,2025,25419,personer,ssb_07459,ekte
4203,0-17,2025,9115,personer,ssb_07459,ekte
4203,18-29,2025,6108,personer,ssb_07459,ekte
4203,30-49,2025,11855,personer,ssb_07459,ekte
4203,50-66,2025,10635,personer,ssb_07459,ekte
4203,67-79,2025,6396,personer,ssb_07459,ekte
4203,80-89,2025,2077,personer,ssb_07459,ekte
4203,90+,2025,382,personer,ssb_07459,ekte
4203,alle,2025,46568,personer,ssb_07459,ekte
4204,0-17,2025,24716,personer,ssb_07459,ekte
4204,18-29,2025,20209,personer,ssb_07459,ekte
4204,30-49,2025,31468,personer,ssb_07459,ekte
4204,50-66,2025,24098,personer,ssb_07459,ekte
4204,67-79,2025,12574,personer,ssb_07459,ekte
4204,80-89,2025,4237,personer,ssb_07459,ekte
4204,90+,2025,919,personer,ssb_07459,ekte
4204,alle,2025,118221,personer,ssb_07459,ekte
4205,0-17,2025,4945,personer,ssb_07459,ekte
4205,18-29,2025,3249,personer,ssb_07459,ekte
4205,30-49,2025,5785,personer,ssb_07459,ekte
4205,50-66,2025,5336,personer,ssb_07459,ekte
4205,67-79,2025,3239,personer,ssb_07459,ekte
4205,80-89,2025,1008,personer,ssb_07459,ekte
4205,90+,2025,206,personer,ssb_07459,ekte
4205,alle,2025,23768,personer,ssb_07459,ekte
4206,0-17,2025,2024,personer,ssb_07459,ekte
4206,18-29,2025,1316,personer,ssb_07459,ekte
4206,30-49,2025,2302,personer,ssb_07459,ekte
4206,50-66,2025,2213,personer,ssb_07459,ekte
4206,67-79,2025,1426,personer,ssb_07459,ekte
4206,80-89,2025,514,personer,ssb_07459,ekte
4206,90+,2025,85,personer,ssb_07459,ekte
4206,alle,2025,9880,personer,ssb_07459,ekte
4207,0-17,2025,1953,personer,ssb_07459,ekte
4207,18-29,2025,1230,personer,ssb_07459,ekte
4207,30-49,2025,2218,personer,ssb_07459,ekte
4207,50-66,2025,2096,personer,ssb_07459,ekte
4207,67-79,2025,1259,personer,ssb_07459,ekte
4207,80-89,2025,475,personer,ssb_07459,ekte
4207,90+,2025,98,personer,ssb_07459,ekte
4207,alle,2025,9329,personer,ssb_07459,ekte
4211,0-17,2025,421,personer,ssb_07459,ekte
4211,18-29,2025,327,personer,ssb_07459,ekte
4211,30-49,2025,566,personer,ssb_07459,ekte
4211,50-66,2025,620,personer,ssb_07459,ekte
4211,67-79,2025,393,personer,ssb_07459,ekte
4211,80-89,2025,142,personer,ssb_07459,ekte
4211,90+,2025,23,personer,ssb_07459,ekte
4211,alle,2025,2492,personer,ssb_07459,ekte
4212,0-17,2025,501,personer,ssb_07459,ekte
4212,18-29,2025,295,personer,ssb_07459,ekte
4212,30-49,2025,574,personer,ssb_07459,ekte
4212,50-66,2025,538,personer,ssb_07459,ekte
4212,67-79,2025,275,personer,ssb_07459,ekte
4212,80-89,2025,81,personer,ssb_07459,ekte
4212,90+,2025,21,personer,ssb_07459,ekte
4212,alle,2025,2285,personer,ssb_07459,ekte
4213,0-17,2025,1186,personer,ssb_07459,ekte
4213,18-29,2025,803,personer,ssb_07459,ekte
4213,30-49,2025,1536,personer,ssb_07459,ekte
4213,50-66,2025,1521,personer,ssb_07459,ekte
4213,67-79,2025,1072,personer,ssb_07459,ekte
4213,80-89,2025,286,personer,ssb_07459,ekte
4213,90+,2025,60,personer,ssb_07459,ekte
4213,alle,2025,6464,personer,ssb_07459,ekte
4214,0-17,2025,1396,personer,ssb_07459,ekte
4214,18-29,2025,879,personer,ssb_07459,ekte
4214,30-49,2025,1709,personer,ssb_07459,ekte
4214,50-66,2025,1309,personer,ssb_07459,ekte
4214,67-79,2025,710,personer,ssb_07459,ekte
4214,80-89,2025,220,personer,ssb_07459,ekte
4214,90+,2025,37,personer,ssb_07459,ekte
4214,alle,2025,6260,personer,ssb_07459,ekte
4215,0-17,2025,2490,personer,ssb_07459,ekte
4215,18-29,2025,1539,personer,ssb_07459,ekte
4215,30-49,2025,3007,personer,ssb_07459,ekte
4215,50-66,2025,2582,personer,ssb_07459,ekte
4215,67-79,2025,1527,personer,ssb_07459,ekte
4215,80-89,2025,514,personer,ssb_07459,ekte
4215,90+,2025,75,personer,ssb_07459,ekte
4215,alle,2025,11734,personer,ssb_07459,ekte
4216,0-17,2025,1284,personer,ssb_07459,ekte
4216,18-29,2025,794,personer,ssb_07459,ekte
4216,30-49,2025,1425,personer,ssb_07459,ekte
4216,50-66,2025,1071,personer,ssb_07459,ekte
4216,67-79,2025,582,personer,ssb_07459,ekte
4216,80-89,2025,209,personer,ssb_07459,ekte
4216,90+,2025,48,personer,ssb_07459,ekte
4216,alle,2025,5413,personer,ssb_07459,ekte
4217,0-17,2025,336,personer,ssb_07459,ekte
4217,18-29,2025,223,personer,ssb_07459,ekte
4217,30-49,2025,411,personer,ssb_07459,ekte
4217,50-66,2025,415,personer,ssb_07459,ekte
4217,67-79,2025,283,personer,ssb_07459,ekte
4217,80-89,2025,89,personer,ssb_07459,ekte
4217,90+,2025,21,personer,ssb_07459,ekte
4217,alle,2025,1778,personer,ssb_07459,ekte
4218,0-17,2025,342,personer,ssb_07459,ekte
4218,18-29,2025,176,personer,ssb_07459,ekte
4218,30-49,2025,369,personer,ssb_07459,ekte
4218,50-66,2025,311,personer,ssb_07459,ekte
4218,67-79,2025,152,personer,ssb_07459,ekte
4218,80-89,2025,41,personer,ssb_07459,ekte
4218,90+,2025,8,personer,ssb_07459,ekte
4218,alle,2025,1399,personer,ssb_07459,ekte
4219,0-17,2025,818,personer,ssb_07459,ekte
4219,18-29,2025,527,personer,ssb_07459,ekte
4219,30-49,2025,967,personer,ssb_07459,ekte
4219,50-66,2025,786,personer,ssb_07459,ekte
4219,67-79,2025,536,personer,ssb_07459,ekte
4219,80-89,2025,168,personer,ssb_07459,ekte
4219,90+,2025,26,personer,ssb_07459,ekte
4219,alle,2025,3828,personer,ssb_07459,ekte
4220,0-17,2025,194,personer,ssb_07459,ekte
4220,18-29,2025,134,personer,ssb_07459,ekte
4220,30-49,2025,282,personer,ssb_07459,ekte
4220,50-66,2025,283,personer,ssb_07459,ekte
4220,67-79,2025,214,personer,ssb_07459,ekte
4220,80-89,2025,50,personer,ssb_07459,ekte
4220,90+,2025,5,personer,ssb_07459,ekte
4220,alle,2025,1162,personer,ssb_07459,ekte
4221,0-17,2025,218,personer,ssb_07459,ekte
4221,18-29,2025,158,personer,ssb_07459,ekte
4221,30-49,2025,282,personer,ssb_07459,ekte
4221,50-66,2025,268,personer,ssb_07459,ekte
4221,67-79,2025,203,personer,ssb_07459,ekte
4221,80-89,2025,69,personer,ssb_07459,ekte
4221,90+,2025,7,personer,ssb_07459,ekte
4221,alle,2025,1205,personer,ssb_07459,ekte
4222,0-17,2025,178,personer,ssb_07459,ekte
4222,18-29,2025,142,personer,ssb_07459,ekte
4222,30-49,2025,300,personer,ssb_07459,ekte
4222,50-66,2025,258,personer,ssb_07459,ekte
4222,67-79,2025,120,personer,ssb_07459,ekte
4222,80-89,2025,35,personer,ssb_07459,ekte
4222,90+,2025,6,personer,ssb_07459,ekte
4222,alle,2025,1039,personer,ssb_07459,ekte
4223,0-17,2025,3436,personer,ssb_07459,ekte
4223,18-29,2025,2324,personer,ssb_07459,ekte
4223,30-49,2025,4294,personer,ssb_07459,ekte
4223,50-66,2025,3231,personer,ssb_07459,ekte
4223,67-79,2025,1683,personer,ssb_07459,ekte
4223,80-89,2025,547,personer,ssb_07459,ekte
4223,90+,2025,107,personer,ssb_07459,ekte
4223,alle,2025,15622,personer,ssb_07459,ekte
4224,0-17,2025,184,personer,ssb_07459,ekte
4224,18-29,2025,136,personer,ssb_07459,ekte
4224,30-49,2025,207,personer,ssb_07459,ekte
4224,50-66,2025,239,personer,ssb_07459,ekte
4224,67-79,2025,100,personer,ssb_07459,ekte
4224,80-89,2025,35,personer,ssb_07459,ekte
4224,90+,2025,14,personer,ssb_07459,ekte
4224,alle,2025,915,personer,ssb_07459,ekte
4225,0-17,2025,2555,personer,ssb_07459,ekte
4225,18-29,2025,1629,personer,ssb_07459,ekte
4225,30-49,2025,2684,personer,ssb_07459,ekte
4225,50-66,2025,2178,personer,ssb_07459,ekte
4225,67-79,2025,1285,personer,ssb_07459,ekte
4225,80-89,2025,460,personer,ssb_07459,ekte
4225,90+,2025,78,personer,ssb_07459,ekte
4225,alle,2025,10869,personer,ssb_07459,ekte
4226,0-17,2025,403,personer,ssb_07459,ekte
4226,18-29,2025,261,personer,ssb_07459,ekte
4226,30-49,2025,450,personer,ssb_07459,ekte
4226,50-66,2025,382,personer,ssb_07459,ekte
4226,67-79,2025,193,personer,ssb_07459,ekte
4226,80-89,2025,84,personer,ssb_07459,ekte
4226,90+,2025,13,personer,ssb_07459,ekte
4226,alle,2025,1786,personer,ssb_07459,ekte
4227,0-17,2025,1317,personer,ssb_07459,ekte
4227,18-29,2025,782,personer,ssb_07459,ekte
4227,30-49,2025,1499,personer,ssb_07459,ekte
4227,50-66,2025,1442,personer,ssb_07459,ekte
4227,67-79,2025,750,personer,ssb_07459,ekte
4227,80-89,2025,320,personer,ssb_07459,ekte
4227,90+,2025,53,personer,ssb_07459,ekte
4227,alle,2025,6163,personer,ssb_07459,ekte
4228,0-17,2025,400,personer,ssb_07459,ekte
4228,18-29,2025,291,personer,ssb_07459,ekte
4228,30-49,2025,458,personer,ssb_07459,ekte
4228,50-66,2025,406,personer,ssb_07459,ekte
4228,67-79,2025,248,personer,ssb_07459,ekte
4228,80-89,2025,72,personer,ssb_07459,ekte
4228,90+,2025,27,personer,ssb_07459,ekte
4228,alle,2025,1902,personer,ssb_07459,ekte
1101,0-17,2025,3282,personer,ssb_07459,ekte
1101,18-29,2025,2145,personer,ssb_07459,ekte
1101,30-49,2025,3911,personer,ssb_07459,ekte
1101,50-66,2025,3348,personer,ssb_07459,ekte
1101,67-79,2025,1955,personer,ssb_07459,ekte
1101,80-89,2025,619,personer,ssb_07459,ekte
1101,90+,2025,115,personer,ssb_07459,ekte
1101,alle,2025,15375,personer,ssb_07459,ekte
1103,0-17,2025,31239,personer,ssb_07459,ekte
1103,18-29,2025,24092,personer,ssb_07459,ekte
1103,30-49,2025,42896,personer,ssb_07459,ekte
1103,50-66,2025,30782,personer,ssb_07459,ekte
1103,67-79,2025,15359,personer,ssb_07459,ekte
1103,80-89,2025,4743,personer,ssb_07459,ekte
1103,90+,2025,1012,personer,ssb_07459,ekte
1103,alle,2025,150123,personer,ssb_07459,ekte
1106,0-17,2025,7409,personer,ssb_07459,ekte
1106,18-29,2025,5665,personer,ssb_07459,ekte
1106,30-49,2025,10559,personer,ssb_07459,ekte
1106,50-66,2025,8414,personer,ssb_07459,ekte
1106,67-79,2025,4602,personer,ssb_07459,ekte
1106,80-89,2025,1480,personer,ssb_07459,ekte
1106,90+,2025,312,personer,ssb_07459,ekte
1106,alle,2025,38441,personer,ssb_07459,ekte
1108,0-17,2025,19918,personer,ssb_07459,ekte
1108,18-29,2025,12114,personer,ssb_07459,ekte
1108,30-49,2025,25502,personer,ssb_07459,ekte
1108,50-66,2025,16679,personer,ssb_07459,ekte
1108,67-79,2025,7837,personer,ssb_07459,ekte
1108,80-89,2025,2392,personer,ssb_07459,ekte
1108,90+,2025,466,personer,ssb_07459,ekte
1108,alle,2025,84908,personer,ssb_07459,ekte
1111,0-17,2025,757,personer,ssb_07459,ekte
1111,18-29,2025,423,personer,ssb_07459,ekte
1111,30-49,2025,795,personer,ssb_07459,ekte
1111,50-66,2025,724,personer,ssb_07459,ekte
1111,67-79,2025,483,personer,ssb_07459,ekte
1111,80-89,2025,149,personer,ssb_07459,ekte
1111,90+,2025,40,personer,ssb_07459,ekte
1111,alle,2025,3371,personer,ssb_07459,ekte
1112,0-17,2025,738,personer,ssb_07459,ekte
1112,18-29,2025,423,personer,ssb_07459,ekte
1112,30-49,2025,759,personer,ssb_07459,ekte
1112,50-66,2025,736,personer,ssb_07459,ekte
1112,67-79,2025,432,personer,ssb_07459,ekte
1112,80-89,2025,148,personer,ssb_07459,ekte
1112,90+,2025,23,personer,ssb_07459,ekte
1112,alle,2025,3259,personer,ssb_07459,ekte
1114,0-17,2025,674,personer,ssb_07459,ekte
1114,18-29,2025,417,personer,ssb_07459,ekte
1114,30-49,2025,739,personer,ssb_07459,ekte
1114,50-66,2025,634,personer,ssb_07459,ekte
1114,67-79,2025,327,personer,ssb_07459,ekte
1114,80-89,2025,101,personer,ssb_07459,ekte
1114,90+,2025,13,personer,ssb_07459,ekte
1114,alle,2025,2905,personer,ssb_07459,ekte
1119,0-17,2025,5064,personer,ssb_07459,ekte
1119,18-29,2025,2960,personer,ssb_07459,ekte
1119,30-49,2025,5309,personer,ssb_07459,ekte
1119,50-66,2025,3882,personer,ssb_07459,ekte
1119,67-79,2025,2080,personer,ssb_07459,ekte
1119,80-89,2025,655,personer,ssb_07459,ekte
1119,90+,2025,117,personer,ssb_07459,ekte
1119,alle,2025,20067,personer,ssb_07459,ekte
1120,0-17,2025,5027,personer,ssb_07459,ekte
1120,18-29,2025,3308,personer,ssb_07459,ekte
1120,30-49,2025,6066,personer,ssb_07459,ekte
1120,50-66,2025,4182,personer,ssb_07459,ekte
1120,67-79,2025,1878,personer,ssb_07459,ekte
1120,80-89,2025,638,personer,ssb_07459,ekte
1120,90+,2025,87,personer,ssb_07459,ekte
1120,alle,2025,21186,personer,ssb_07459,ekte
1121,0-17,2025,4768,personer,ssb_07459,ekte
1121,18-29,2025,2962,personer,ssb_07459,ekte
1121,30-49,2025,5648,personer,ssb_07459,ekte
1121,50-66,2025,3917,personer,ssb_07459,ekte
1121,67-79,2025,2092,personer,ssb_07459,ekte
1121,80-89,2025,639,personer,ssb_07459,ekte
1121,90+,2025,131,personer,ssb_07459,ekte
1121,alle,2025,20157,personer,ssb_07459,ekte
1122,0-17,2025,3246,personer,ssb_07459,ekte
1122,18-29,2025,1693,personer,ssb_07459,ekte
1122,30-49,2025,3683,personer,ssb_07459,ekte
1122,50-66,2025,2450,personer,ssb_07459,ekte
1122,67-79,2025,1135,personer,ssb_07459,ekte
1122,80-89,2025,285,personer,ssb_07459,ekte
1122,90+,2025,44,personer,ssb_07459,ekte
1122,alle,2025,12536,personer,ssb_07459,ekte
1124,0-17,2025,6779,personer,ssb_07459,ekte
1124,18-29,2025,4260,personer,ssb_07459,ekte
1124,30-49,2025,8533,personer,ssb_07459,ekte
1124,50-66,2025,5915,personer,ssb_07459,ekte
1124,67-79,2025,2573,personer,ssb_07459,ekte
1124,80-89,2025,929,personer,ssb_07459,ekte
1124,90+,2025,164,personer,ssb_07459,ekte
1124,alle,2025,29153,personer,ssb_07459,ekte
1127,0-17,2025,2691,personer,ssb_07459,ekte
1127,18-29,2025,1782,personer,ssb_07459,ekte
1127,30-49,2025,3062,personer,ssb_07459,ekte
1127,50-66,2025,2531,personer,ssb_07459,ekte
1127,67-79,2025,1139,personer,ssb_07459,ekte
1127,80-89,2025,504,personer,ssb_07459,ekte
1127,90+,2025,86,personer,ssb_07459,ekte
1127,alle,2025,11795,personer,ssb_07459,ekte
1130,0-17,2025,3345,personer,ssb_07459,ekte
1130,18-29,2025,1945,personer,ssb_07459,ekte
1130,30-49,2025,3647,personer,ssb_07459,ekte
1130,50-66,2025,2759,personer,ssb_07459,ekte
1130,67-79,2025,1498,personer,ssb_07459,ekte
1130,80-89,2025,527,personer,ssb_07459,ekte
1130,90+,2025,92,personer,ssb_07459,ekte
1130,alle,2025,13813,personer,ssb_07459,ekte
1133,0-17,2025,594,personer,ssb_07459,ekte
1133,18-29,2025,327,personer,ssb_07459,ekte
1133,30-49,2025,637,personer,ssb_07459,ekte
1133,50-66,2025,563,personer,ssb_07459,ekte
1133,67-79,2025,401,personer,ssb_07459,ekte
1133,80-89,2025,125,personer,ssb_07459,ekte
1133,90+,2025,34,personer,ssb_07459,ekte
1133,alle,2025,2681,personer,ssb_07459,ekte
1134,0-17,2025,879,personer,ssb_07459,ekte
1134,18-29,2025,480,personer,ssb_07459,ekte
1134,30-49,2025,912,personer,ssb_07459,ekte
1134,50-66,2025,851,personer,ssb_07459,ekte
1134,67-79,2025,583,personer,ssb_07459,ekte
1134,80-89,2025,189,personer,ssb_07459,ekte
1134,90+,2025,45,personer,ssb_07459,ekte
1134,alle,2025,3939,personer,ssb_07459,ekte
1135,0-17,2025,954,personer,ssb_07459,ekte
1135,18-29,2025,562,personer,ssb_07459,ekte
1135,30-49,2025,1127,personer,ssb_07459,ekte
1135,50-66,2025,1035,personer,ssb_07459,ekte
1135,67-79,2025,612,personer,ssb_07459,ekte
1135,80-89,2025,242,personer,ssb_07459,ekte
1135,90+,2025,68,personer,ssb_07459,ekte
1135,alle,2025,4600,personer,ssb_07459,ekte
1144,0-17,2025,117,personer,ssb_07459,ekte
1144,18-29,2025,68,personer,ssb_07459,ekte
1144,30-49,2025,116,personer,ssb_07459,ekte
1144,50-66,2025,143,personer,ssb_07459,ekte
1144,67-79,2025,82,personer,ssb_07459,ekte
1144,80-89,2025,34,personer,ssb_07459,ekte
1144,90+,2025,10,personer,ssb_07459,ekte
1144,alle,2025,570,personer,ssb_07459,ekte
1145,0-17,2025,158,personer,ssb_07459,ekte
1145,18-29,2025,145,personer,ssb_07459,ekte
1145,30-49,2025,192,personer,ssb_07459,ekte
1145,50-66,2025,220,personer,ssb_07459,ekte
1145,67-79,2025,116,personer,ssb_07459,ekte
1145,80-89,2025,48,personer,ssb_07459,ekte
1145,90+,2025,14,personer,ssb_07459,ekte
1145,alle,2025,893,personer,ssb_07459,ekte
1146,0-17,2025,2851,personer,ssb_07459,ekte
1146,18-29,2025,1633,personer,ssb_07459,ekte
1146,30-49,2025,3033,personer,ssb_07459,ekte
1146,50-66,2025,2364,personer,ssb_07459,ekte
1146,67-79,2025,1300,personer,ssb_07459,ekte
1146,80-89,2025,465,personer,ssb_07459,ekte
1146,90+,2025,69,personer,ssb_07459,ekte
1146,alle,2025,11715,personer,ssb_07459,ekte
1149,0-17,2025,9701,personer,ssb_07459,ekte
1149,18-29,2025,6167,personer,ssb_07459,ekte
1149,30-49,2025,11345,personer,ssb_07459,ekte
1149,50-66,2025,9260,personer,ssb_07459,ekte
1149,67-79,2025,5126,personer,ssb_07459,ekte
1149,80-89,2025,1794,personer,ssb_07459,ekte
1149,90+,2025,330,personer,ssb_07459,ekte
1149,alle,2025,43723,personer,ssb_07459,ekte
1151,0-17,2025,34,personer,ssb_07459,ekte
1151,18-29,2025,29,personer,ssb_07459,ekte
1151,30-49,2025,47,personer,ssb_07459,ekte
1151,50-66,2025,61,personer,ssb_07459,ekte
1151,67-79,2025,29,personer,ssb_07459,ekte
1151,80-89,2025,13,personer,ssb_07459,ekte
1151,90+,2025,4,personer,ssb_07459,ekte
1151,alle,2025,217,personer,ssb_07459,ekte
1160,0-17,2025,1969,personer,ssb_07459,ekte
1160,18-29,2025,1253,personer,ssb_07459,ekte
1160,30-49,2025,2300,personer,ssb_07459,ekte
1160,50-66,2025,1932,personer,ssb_07459,ekte
1160,67-79,2025,1125,personer,ssb_07459,ekte
1160,80-89,2025,368,personer,ssb_07459,ekte
1160,90+,2025,122,personer,ssb_07459,ekte
1160,alle,2025,9069,personer,ssb_07459,ekte
4601,0-17,2025,55138,personer,ssb_07459,ekte
4601,18-29,2025,53476,personer,ssb_07459,ekte
4601,30-49,2025,82905,personer,ssb_07459,ekte
4601,50-66,2025,58689,personer,ssb_07459,ekte
4601,67-79,2025,30189,personer,ssb_07459,ekte
4601,80-89,2025,10756,personer,ssb_07459,ekte
4601,90+,2025,2556,personer,ssb_07459,ekte
4601,alle,2025,293709,personer,ssb_07459,ekte
4602,0-17,2025,3625,personer,ssb_07459,ekte
4602,18-29,2025,2481,personer,ssb_07459,ekte
4602,30-49,2025,4252,personer,ssb_07459,ekte
4602,50-66,2025,3931,personer,ssb_07459,ekte
4602,67-79,2025,2276,personer,ssb_07459,ekte
4602,80-89,2025,675,personer,ssb_07459,ekte
4602,90+,2025,179,personer,ssb_07459,ekte
4602,alle,2025,17419,personer,ssb_07459,ekte
4611,0-17,2025,859,personer,ssb_07459,ekte
4611,18-29,2025,521,personer,ssb_07459,ekte
4611,30-49,2025,948,personer,ssb_07459,ekte
4611,50-66,2025,922,personer,ssb_07459,ekte
4611,67-79,2025,568,personer,ssb_07459,ekte
4611,80-89,2025,221,personer,ssb_07459,ekte
4611,90+,2025,54,personer,ssb_07459,ekte
4611,alle,2025,4093,personer,ssb_07459,ekte
4612,0-17,2025,1292,personer,ssb_07459,ekte
4612,18-29,2025,742,personer,ssb_07459,ekte
4612,30-49,2025,1481,personer,ssb_07459,ekte
4612,50-66,2025,1192,personer,ssb_07459,ekte
4612,67-79,2025,786,personer,ssb_07459,ekte
4612,80-89,2025,207,personer,ssb_07459,ekte
4612,90+,2025,52,personer,ssb_07459,ekte
4612,alle,2025,5752,personer,ssb_07459,ekte
4613,0-17,2025,2794,personer,ssb_07459,ekte
4613,18-29,2025,1684,personer,ssb_07459,ekte
4613,30-49,2025,3103,personer,ssb_07459,ekte
4613,50-66,2025,2579,personer,ssb_07459,ekte
4613,67-79,2025,1600,personer,ssb_07459,ekte
4613,80-89,2025,482,personer,ssb_07459,ekte
4613,90+,2025,123,personer,ssb_07459,ekte
4613,alle,2025,12365,personer,ssb_07459,ekte
4614,0-17,2025,4283,personer,ssb_07459,ekte
4614,18-29,2025,2663,personer,ssb_07459,ekte
4614,30-49,2025,5079,personer,ssb_07459,ekte
4614,50-66,2025,4106,personer,ssb_07459,ekte
4614,67-79,2025,2241,personer,ssb_07459,ekte
4614,80-89,2025,798,personer,ssb_07459,ekte
4614,90+,2025,180,personer,ssb_07459,ekte
4614,alle,2025,19350,personer,ssb_07459,ekte
4615,0-17,2025,689,personer,ssb_07459,ekte
4615,18-29,2025,423,personer,ssb_07459,ekte
4615,30-49,2025,803,personer,ssb_07459,ekte
4615,50-66,2025,661,personer,ssb_07459,ekte
4615,67-79,2025,482,personer,ssb_07459,ekte
4615,80-89,2025,117,personer,ssb_07459,ekte
4615,90+,2025,33,personer,ssb_07459,ekte
4615,alle,2025,3208,personer,ssb_07459,ekte
4616,0-17,2025,597,personer,ssb_07459,ekte
4616,18-29,2025,321,personer,ssb_07459,ekte
4616,30-49,2025,709,personer,ssb_07459,ekte
4616,50-66,2025,633,personer,ssb_07459,ekte
4616,67-79,2025,527,personer,ssb_07459,ekte
4616,80-89,2025,162,personer,ssb_07459,ekte
4616,90+,2025,37,personer,ssb_07459,ekte
4616,alle,2025,2986,personer,ssb_07459,ekte
4617,0-17,2025,2628,personer,ssb_07459,ekte
4617,18-29,2025,1800,personer,ssb_07459,ekte
4617,30-49,2025,2898,personer,ssb_07459,ekte
4617,50-66,2025,3001,personer,ssb_07459,ekte
4617,67-79,2025,1960,personer,ssb_07459,ekte
4617,80-89,2025,728,personer,ssb_07459,ekte
4617,90+,2025,160,personer,ssb_07459,ekte
4617,alle,2025,13175,personer,ssb_07459,ekte
4618,0-17,2025,1998,personer,ssb_07459,ekte
4618,18-29,2025,1417,personer,ssb_07459,ekte
4618,30-49,2025,2540,personer,ssb_07459,ekte
4618,50-66,2025,2544,personer,ssb_07459,ekte
4618,67-79,2025,1634,personer,ssb_07459,ekte
4618,80-89,2025,690,personer,ssb_07459,ekte
4618,90+,2025,158,personer,ssb_07459,ekte
4618,alle,2025,10981,personer,ssb_07459,ekte
4619,0-17,2025,187,personer,ssb_07459,ekte
4619,18-29,2025,95,personer,ssb_07459,ekte
4619,30-49,2025,222,personer,ssb_07459,ekte
4619,50-66,2025,241,personer,ssb_07459,ekte
4619,67-79,2025,158,personer,ssb_07459,ekte
4619,80-89,2025,55,personer,ssb_07459,ekte
4619,90+,2025,9,personer,ssb_07459,ekte
4619,alle,2025,967,personer,ssb_07459,ekte
4620,0-17,2025,214,personer,ssb_07459,ekte
4620,18-29,2025,123,personer,ssb_07459,ekte
4620,30-49,2025,253,personer,ssb_07459,ekte
4620,50-66,2025,260,personer,ssb_07459,ekte
4620,67-79,2025,162,personer,ssb_07459,ekte
4620,80-89,2025,79,personer,ssb_07459,ekte
4620,90+,2025,9,personer,ssb_07459,ekte
4620,alle,2025,1100,personer,ssb_07459,ekte
4621,0-17,2025,3430,personer,ssb_07459,ekte
4621,18-29,2025,2137,personer,ssb_07459,ekte
4621,30-49,2025,4093,personer,ssb_07459,ekte
4621,50-66,2025,3400,personer,ssb_07459,ekte
4621,67-79,2025,2335,personer,ssb_07459,ekte
4621,80-89,2025,809,personer,ssb_07459,ekte
4621,90+,2025,232,personer,ssb_07459,ekte
4621,alle,2025,16436,personer,ssb_07459,ekte
4622,0-17,2025,1791,personer,ssb_07459,ekte
4622,18-29,2025,1037,personer,ssb_07459,ekte
4622,30-49,2025,1961,personer,ssb_07459,ekte
4622,50-66,2025,1821,personer,ssb_07459,ekte
4622,67-79,2025,1272,personer,ssb_07459,ekte
4622,80-89,2025,522,personer,ssb_07459,ekte
4622,90+,2025,113,personer,ssb_07459,ekte
4622,alle,2025,8517,personer,ssb_07459,ekte
4623,0-17,2025,508,personer,ssb_07459,ekte
4623,18-29,2025,299,personer,ssb_07459,ekte
4623,30-49,2025,578,personer,ssb_07459,ekte
4623,50-66,2025,564,personer,ssb_07459,ekte
4623,67-79,2025,404,personer,ssb_07459,ekte
4623,80-89,2025,107,personer,ssb_07459,ekte
4623,90+,2025,31,personer,ssb_07459,ekte
4623,alle,2025,2491,personer,ssb_07459,ekte
4624,0-17,2025,5968,personer,ssb_07459,ekte
4624,18-29,2025,3587,personer,ssb_07459,ekte
4624,30-49,2025,7145,personer,ssb_07459,ekte
4624,50-66,2025,5287,personer,ssb_07459,ekte
4624,67-79,2025,3191,personer,ssb_07459,ekte
4624,80-89,2025,985,personer,ssb_07459,ekte
4624,90+,2025,179,personer,ssb_07459,ekte
4624,alle,2025,26342,personer,ssb_07459,ekte
4625,0-17,2025,1311,personer,ssb_07459,ekte
4625,18-29,2025,740,personer,ssb_07459,ekte
4625,30-49,2025,1386,personer,ssb_07459,ekte
4625,50-66,2025,1043,personer,ssb_07459,ekte
4625,67-79,2025,705,personer,ssb_07459,ekte
4625,80-89,2025,207,personer,ssb_07459,ekte
4625,90+,2025,45,personer,ssb_07459,ekte
4625,alle,2025,5437,personer,ssb_07459,ekte
4626,0-17,2025,9064,personer,ssb_07459,ekte
4626,18-29,2025,5610,personer,ssb_07459,ekte
4626,30-49,2025,10678,personer,ssb_07459,ekte
4626,50-66,2025,8678,personer,ssb_07459,ekte
4626,67-79,2025,4552,personer,ssb_07459,ekte
4626,80-89,2025,1294,personer,ssb_07459,ekte
4626,90+,2025,229,personer,ssb_07459,ekte
4626,alle,2025,40105,personer,ssb_07459,ekte
4627,0-17,2025,7293,personer,ssb_07459,ekte
4627,18-29,2025,4108,personer,ssb_07459,ekte
4627,30-49,2025,8376,personer,ssb_07459,ekte
4627,50-66,2025,6200,personer,ssb_07459,ekte
4627,67-79,2025,3259,personer,ssb_07459,ekte
4627,80-89,2025,962,personer,ssb_07459,ekte
4627,90+,2025,179,personer,ssb_07459,ekte
4627,alle,2025,30377,personer,ssb_07459,ekte
4628,0-17,2025,757,personer,ssb_07459,ekte
4628,18-29,2025,466,personer,ssb_07459,ekte
4628,30-49,2025,987,personer,ssb_07459,ekte
4628,50-66,2025,860,personer,ssb_07459,ekte
4628,67-79,2025,555,personer,ssb_07459,ekte
4628,80-89,2025,201,personer,ssb_07459,ekte
4628,90+,2025,49,personer,ssb_07459,ekte
4628,alle,2025,3875,personer,ssb_07459,ekte
4629,0-17,2025,83,personer,ssb_07459,ekte
4629,18-29,2025,48,personer,ssb_07459,ekte
4629,30-49,2025,101,personer,ssb_07459,ekte
4629,50-66,2025,86,personer,ssb_07459,ekte
4629,67-79,2025,51,personer,ssb_07459,ekte
4629,80-89,2025,16,personer,ssb_07459,ekte
4629,90+,2025,7,personer,ssb_07459,ekte
4629,alle,2025,392,personer,ssb_07459,ekte
4630,0-17,2025,1733,personer,ssb_07459,ekte
4630,18-29,2025,1060,personer,ssb_07459,ekte
4630,30-49,2025,2049,personer,ssb_07459,ekte
4630,50-66,2025,1789,personer,ssb_07459,ekte
4630,67-79,2025,1067,personer,ssb_07459,ekte
4630,80-89,2025,366,personer,ssb_07459,ekte
4630,90+,2025,108,personer,ssb_07459,ekte
4630,alle,2025,8172,personer,ssb_07459,ekte
4631,0-17,2025,6599,personer,ssb_07459,ekte
4631,18-29,2025,4067,personer,ssb_07459,ekte
4631,30-49,2025,7710,personer,ssb_07459,ekte
4631,50-66,2025,6335,personer,ssb_07459,ekte
4631,67-79,2025,4033,personer,ssb_07459,ekte
4631,80-89,2025,1164,personer,ssb_07459,ekte
4631,90+,2025,261,personer,ssb_07459,ekte
4631,alle,2025,30169,personer,ssb_07459,ekte
4632,0-17,2025,548,personer,ssb_07459,ekte
4632,18-29,2025,386,personer,ssb_07459,ekte
4632,30-49,2025,702,personer,ssb_07459,ekte
4632,50-66,2025,630,personer,ssb_07459,ekte
4632,67-79,2025,451,personer,ssb_07459,ekte
4632,80-89,2025,169,personer,ssb_07459,ekte
4632,90+,2025,29,personer,ssb_07459,ekte
4632,alle,2025,2915,personer,ssb_07459,ekte
4633,0-17,2025,99,personer,ssb_07459,ekte
4633,18-29,2025,62,personer,ssb_07459,ekte
4633,30-49,2025,108,personer,ssb_07459,ekte
4633,50-66,2025,114,personer,ssb_07459,ekte
4633,67-79,2025,93,personer,ssb_07459,ekte
4633,80-89,2025,39,personer,ssb_07459,ekte
4633,90+,2025,6,personer,ssb_07459,ekte
4633,alle,2025,521,personer,ssb_07459,ekte
4634,0-17,2025,348,personer,ssb_07459,ekte
4634,18-29,2025,180,personer,ssb_07459,ekte
4634,30-49,2025,352,personer,ssb_07459,ekte
4634,50-66,2025,397,personer,ssb_07459,ekte
4634,67-79,2025,262,personer,ssb_07459,ekte
4634,80-89,2025,108,personer,ssb_07459,ekte
4634,90+,2025,40,personer,ssb_07459,ekte
4634,alle,2025,1687,personer,ssb_07459,ekte
4635,0-17,2025,392,personer,ssb_07459,ekte
4635,18-29,2025,298,personer,ssb_07459,ekte
4635,30-49,2025,517,personer,ssb_07459,ekte
4635,50-66,2025,562,personer,ssb_07459,ekte
4635,67-79,2025,334,personer,ssb_07459,ekte
4635,80-89,2025,121,personer,ssb_07459,ekte
4635,90+,2025,36,personer,ssb_07459,ekte
4635,alle,2025,2260,personer,ssb_07459,ekte
4636,0-17,2025,109,personer,ssb_07459,ekte
4636,18-29,2025,85,personer,ssb_07459,ekte
4636,30-49,2025,155,personer,ssb_07459,ekte
4636,50-66,2025,189,personer,ssb_07459,ekte
4636,67-79,2025,138,personer,ssb_07459,ekte
4636,80-89,2025,53,personer,ssb_07459,ekte
4636,90+,2025,11,personer,ssb_07459,ekte
4636,alle,2025,740,personer,ssb_07459,ekte
4637,0-17,2025,181,personer,ssb_07459,ekte
4637,18-29,2025,157,personer,ssb_07459,ekte
4637,30-49,2025,261,personer,ssb_07459,ekte
4637,50-66,2025,346,personer,ssb_07459,ekte
4637,67-79,2025,221,personer,ssb_07459,ekte
4637,80-89,2025,103,personer,ssb_07459,ekte
4637,90+,2025,12,personer,ssb_07459,ekte
4637,alle,2025,1281,personer,ssb_07459,ekte
4638,0-17,2025,648,personer,ssb_07459,ekte
4638,18-29,2025,528,personer,ssb_07459,ekte
4638,30-49,2025,776,personer,ssb_07459,ekte
4638,50-66,2025,1020,personer,ssb_07459,ekte
4638,67-79,2025,610,personer,ssb_07459,ekte
4638,80-89,2025,250,personer,ssb_07459,ekte
4638,90+,2025,62,personer,ssb_07459,ekte
4638,alle,2025,3894,personer,ssb_07459,ekte
4639,0-17,2025,463,personer,ssb_07459,ekte
4639,18-29,2025,331,personer,ssb_07459,ekte
4639,30-49,2025,540,personer,ssb_07459,ekte
4639,50-66,2025,564,personer,ssb_07459,ekte
4639,67-79,2025,440,personer,ssb_07459,ekte
4639,80-89,2025,165,personer,ssb_07459,ekte
4639,90+,2025,47,personer,ssb_07459,ekte
4639,alle,2025,2550,personer,ssb_07459,ekte
4640,0-17,2025,2673,personer,ssb_07459,ekte
4640,18-29,2025,2033,personer,ssb_07459,ekte
4640,30-49,2025,3275,personer,ssb_07459,ekte
4640,50-66,2025,2414,personer,ssb_07459,ekte
4640,67-79,2025,1452,personer,ssb_07459,ekte
4640,80-89,2025,544,personer,ssb_07459,ekte
4640,90+,2025,105,personer,ssb_07459,ekte
4640,alle,2025,12496,personer,ssb_07459,ekte
4641,0-17,2025,307,personer,ssb_07459,ekte
4641,18-29,2025,241,personer,ssb_07459,ekte
4641,30-49,2025,507,personer,ssb_07459,ekte
4641,50-66,2025,428,personer,ssb_07459,ekte
4641,67-79,2025,241,personer,ssb_07459,ekte
4641,80-89,2025,89,personer,ssb_07459,ekte
4641,90+,2025,23,personer,ssb_07459,ekte
4641,alle,2025,1836,personer,ssb_07459,ekte
4642,0-17,2025,421,personer,ssb_07459,ekte
4642,18-29,2025,278,personer,ssb_07459,ekte
4642,30-49,2025,474,personer,ssb_07459,ekte
4642,50-66,2025,516,personer,ssb_07459,ekte
4642,67-79,2025,366,personer,ssb_07459,ekte
4642,80-89,2025,103,personer,ssb_07459,ekte
4642,90+,2025,30,personer,ssb_07459,ekte
4642,alle,2025,2188,personer,ssb_07459,ekte
4643,0-17,2025,921,personer,ssb_07459,ekte
4643,18-29,2025,685,personer,ssb_07459,ekte
4643,30-49,2025,1158,personer,ssb_07459,ekte
4643,50-66,2025,1314,personer,ssb_07459,ekte
4643,67-79,2025,737,personer,ssb_07459,ekte
4643,80-89,2025,315,personer,ssb_07459,ekte
4643,90+,2025,83,personer,ssb_07459,ekte
4643,alle,2025,5213,personer,ssb_07459,ekte
4644,0-17,2025,1150,personer,ssb_07459,ekte
4644,18-29,2025,722,personer,ssb_07459,ekte
4644,30-49,2025,1280,personer,ssb_07459,ekte
4644,50-66,2025,1174,personer,ssb_07459,ekte
4644,67-79,2025,750,personer,ssb_07459,ekte
4644,80-89,2025,290,personer,ssb_07459,ekte
4644,90+,2025,66,personer,ssb_07459,ekte
4644,alle,2025,5432,personer,ssb_07459,ekte
4645,0-17,2025,577,personer,ssb_07459,ekte
4645,18-29,2025,332,personer,ssb_07459,ekte
4645,30-49,2025,597,personer,ssb_07459,ekte
4645,50-66,2025,681,personer,ssb_07459,ekte
4645,67-79,2025,498,personer,ssb_07459,ekte
4645,80-89,2025,199,personer,ssb_07459,ekte
4645,90+,2025,46,personer,ssb_07459,ekte
4645,alle,2025,2930,personer,ssb_07459,ekte
4646,0-17,2025,678,personer,ssb_07459,ekte
4646,18-29,2025,444,personer,ssb_07459,ekte
4646,30-49,2025,619,personer,ssb_07459,ekte
4646,50-66,2025,560,personer,ssb_07459,ekte
4646,67-79,2025,420,personer,ssb_07459,ekte
4646,80-89,2025,167,personer,ssb_07459,ekte
4646,90+,2025,36,personer,ssb_07459,ekte
4646,alle,2025,2924,personer,ssb_07459,ekte
4647,0-17,2025,5007,personer,ssb_07459,ekte
4647,18-29,2025,3440,personer,ssb_07459,ekte
4647,30-49,2025,5704,personer,ssb_07459,ekte
4647,50-66,2025,4718,personer,ssb_07459,ekte
4647,67-79,2025,2761,personer,ssb_07459,ekte
4647,80-89,2025,855,personer,ssb_07459,ekte
4647,90+,2025,177,personer,ssb_07459,ekte
4647,alle,2025,22662,personer,ssb_07459,ekte
4648,0-17,2025,577,personer,ssb_07459,ekte
4648,18-29,2025,436,personer,ssb_07459,ekte
4648,30-49,2025,682,personer,ssb_07459,ekte
4648,50-66,2025,844,personer,ssb_07459,ekte
4648,67-79,2025,528,personer,ssb_07459,ekte
4648,80-89,2025,233,personer,ssb_07459,ekte
4648,90+,2025,61,personer,ssb_07459,ekte
4648,alle,2025,3361,personer,ssb_07459,ekte
4649,0-17,2025,2005,personer,ssb_07459,ekte
4649,18-29,2025,1311,personer,ssb_07459,ekte
4649,30-49,2025,2232,personer,ssb_07459,ekte
4649,50-66,2025,2118,personer,ssb_07459,ekte
4649,67-79,2025,1391,personer,ssb_07459,ekte
4649,80-89,2025,482,personer,ssb_07459,ekte
4649,90+,2025,116,personer,ssb_07459,ekte
4649,alle,2025,9655,personer,ssb_07459,ekte
4650,0-17,2025,1259,personer,ssb_07459,ekte
4650,18-29,2025,776,personer,ssb_07459,ekte
4650,30-49,2025,1333,personer,ssb_07459,ekte
4650,50-66,2025,1297,personer,ssb_07459,ekte
4650,67-79,2025,885,personer,ssb_07459,ekte
4650,80-89,2025,313,personer,ssb_07459,ekte
4650,90+,2025,73,personer,ssb_07459,ekte
4650,alle,2025,5936,personer,ssb_07459,ekte
4651,0-17,2025,1489,personer,ssb_07459,ekte
4651,18-29,2025,1048,personer,ssb_07459,ekte
4651,30-49,2025,1801,personer,ssb_07459,ekte
4651,50-66,2025,1595,personer,ssb_07459,ekte
4651,67-79,2025,942,personer,ssb_07459,ekte
4651,80-89,2025,365,personer,ssb_07459,ekte
4651,90+,2025,71,personer,ssb_07459,ekte
4651,alle,2025,7311,personer,ssb_07459,ekte
1505,0-17,2025,4488,personer,ssb_07459,ekte
1505,18-29,2025,3429,personer,ssb_07459,ekte
1505,30-49,2025,6241,personer,ssb_07459,ekte
1505,50-66,2025,5479,personer,ssb_07459,ekte
1505,67-79,2025,3652,personer,ssb_07459,ekte
1505,80-89,2025,1077,personer,ssb_07459,ekte
1505,90+,2025,212,personer,ssb_07459,ekte
1505,alle,2025,24578,personer,ssb_07459,ekte
1506,0-17,2025,6544,personer,ssb_07459,ekte
1506,18-29,2025,4725,personer,ssb_07459,ekte
1506,30-49,2025,8275,personer,ssb_07459,ekte
1506,50-66,2025,7121,personer,ssb_07459,ekte
1506,67-79,2025,4631,personer,ssb_07459,ekte
1506,80-89,2025,1512,personer,ssb_07459,ekte
1506,90+,2025,355,personer,ssb_07459,ekte
1506,alle,2025,33163,personer,ssb_07459,ekte
1508,0-17,2025,11920,personer,ssb_07459,ekte
1508,18-29,2025,9380,personer,ssb_07459,ekte
1508,30-49,2025,16014,personer,ssb_07459,ekte
1508,50-66,2025,12181,personer,ssb_07459,ekte
1508,67-79,2025,6926,personer,ssb_07459,ekte
1508,80-89,2025,2284,personer,ssb_07459,ekte
1508,90+,2025,493,personer,ssb_07459,ekte
1508,alle,2025,59198,personer,ssb_07459,ekte
1511,0-17,2025,477,personer,ssb_07459,ekte
1511,18-29,2025,362,personer,ssb_07459,ekte
1511,30-49,2025,598,personer,ssb_07459,ekte
1511,50-66,2025,758,personer,ssb_07459,ekte
1511,67-79,2025,600,personer,ssb_07459,ekte
1511,80-89,2025,211,personer,ssb_07459,ekte
1511,90+,2025,42,personer,ssb_07459,ekte
1511,alle,2025,3048,personer,ssb_07459,ekte
1514,0-17,2025,439,personer,ssb_07459,ekte
1514,18-29,2025,278,personer,ssb_07459,ekte
1514,30-49,2025,536,personer,ssb_07459,ekte
1514,50-66,2025,639,personer,ssb_07459,ekte
1514,67-79,2025,379,personer,ssb_07459,ekte
1514,80-89,2025,127,personer,ssb_07459,ekte
1514,90+,2025,37,personer,ssb_07459,ekte
1514,alle,2025,2435,personer,ssb_07459,ekte
1515,0-17,2025,1874,personer,ssb_07459,ekte
1515,18-29,2025,1129,personer,ssb_07459,ekte
1515,30-49,2025,2202,personer,ssb_07459,ekte
1515,50-66,2025,2083,personer,ssb_07459,ekte
1515,67-79,2025,1219,personer,ssb_07459,ekte
1515,80-89,2025,424,personer,ssb_07459,ekte
1515,90+,2025,100,personer,ssb_07459,ekte
1515,alle,2025,9031,personer,ssb_07459,ekte
1516,0-17,2025,1912,personer,ssb_07459,ekte
1516,18-29,2025,1264,personer,ssb_07459,ekte
1516,30-49,2025,2207,personer,ssb_07459,ekte
1516,50-66,2025,2020,personer,ssb_07459,ekte
1516,67-79,2025,1036,personer,ssb_07459,ekte
1516,80-89,2025,357,personer,ssb_07459,ekte
1516,90+,2025,66,personer,ssb_07459,ekte
1516,alle,2025,8862,personer,ssb_07459,ekte
1517,0-17,2025,1182,personer,ssb_07459,ekte
1517,18-29,2025,663,personer,ssb_07459,ekte
1517,30-49,2025,1427,personer,ssb_07459,ekte
1517,50-66,2025,1092,personer,ssb_07459,ekte
1517,67-79,2025,695,personer,ssb_07459,ekte
1517,80-89,2025,209,personer,ssb_07459,ekte
1517,90+,2025,52,personer,ssb_07459,ekte
1517,alle,2025,5320,personer,ssb_07459,ekte
1520,0-17,2025,2364,personer,ssb_07459,ekte
1520,18-29,2025,1484,personer,ssb_07459,ekte
1520,30-49,2025,2714,personer,ssb_07459,ekte
1520,50-66,2025,2329,personer,ssb_07459,ekte
1520,67-79,2025,1500,personer,ssb_07459,ekte
1520,80-89,2025,518,personer,ssb_07459,ekte
1520,90+,2025,146,personer,ssb_07459,ekte
1520,alle,2025,11055,personer,ssb_07459,ekte
1525,0-17,2025,746,personer,ssb_07459,ekte
1525,18-29,2025,540,personer,ssb_07459,ekte
1525,30-49,2025,1134,personer,ssb_07459,ekte
1525,50-66,2025,1027,personer,ssb_07459,ekte
1525,67-79,2025,599,personer,ssb_07459,ekte
1525,80-89,2025,258,personer,ssb_07459,ekte
1525,90+,2025,76,personer,ssb_07459,ekte
1525,alle,2025,4380,personer,ssb_07459,ekte
1528,0-17,2025,1472,personer,ssb_07459,ekte
1528,18-29,2025,951,personer,ssb_07459,ekte
1528,30-49,2025,1829,personer,ssb_07459,ekte
1528,50-66,2025,1797,personer,ssb_07459,ekte
1528,67-79,2025,1110,personer,ssb_07459,ekte
1528,80-89,2025,381,personer,ssb_07459,ekte
1528,90+,2025,86,personer,ssb_07459,ekte
1528,alle,2025,7626,personer,ssb_07459,ekte
1531,0-17,2025,2330,personer,ssb_07459,ekte
1531,18-29,2025,1322,personer,ssb_07459,ekte
1531,30-49,2025,2664,personer,ssb_07459,ekte
1531,50-66,2025,1904,personer,ssb_07459,ekte
1531,67-79,2025,1103,personer,ssb_07459,ekte
1531,80-89,2025,330,personer,ssb_07459,ekte
1531,90+,2025,106,personer,ssb_07459,ekte
1531,alle,2025,9759,personer,ssb_07459,ekte
1532,0-17,2025,2103,personer,ssb_07459,ekte
1532,18-29,2025,1224,personer,ssb_07459,ekte
1532,30-49,2025,2306,personer,ssb_07459,ekte
1532,50-66,2025,1725,personer,ssb_07459,ekte
1532,67-79,2025,998,personer,ssb_07459,ekte
1532,80-89,2025,338,personer,ssb_07459,ekte
1532,90+,2025,79,personer,ssb_07459,ekte
1532,alle,2025,8773,personer,ssb_07459,ekte
1535,0-17,2025,1383,personer,ssb_07459,ekte
1535,18-29,2025,910,personer,ssb_07459,ekte
1535,30-49,2025,1720,personer,ssb_07459,ekte
1535,50-66,2025,1671,personer,ssb_07459,ekte
1535,67-79,2025,1163,personer,ssb_07459,ekte
1535,80-89,2025,332,personer,ssb_07459,ekte
1535,90+,2025,63,personer,ssb_07459,ekte
1535,alle,2025,7242,personer,ssb_07459,ekte
1539,0-17,2025,1470,personer,ssb_07459,ekte
1539,18-29,2025,869,personer,ssb_07459,ekte
1539,30-49,2025,1694,personer,ssb_07459,ekte
1539,50-66,2025,1619,personer,ssb_07459,ekte
1539,67-79,2025,1071,personer,ssb_07459,ekte
1539,80-89,2025,378,personer,ssb_07459,ekte
1539,90+,2025,95,personer,ssb_07459,ekte
1539,alle,2025,7196,personer,ssb_07459,ekte
1547,0-17,2025,808,personer,ssb_07459,ekte
1547,18-29,2025,545,personer,ssb_07459,ekte
1547,30-49,2025,971,personer,ssb_07459,ekte
1547,50-66,2025,739,personer,ssb_07459,ekte
1547,67-79,2025,477,personer,ssb_07459,ekte
1547,80-89,2025,172,personer,ssb_07459,ekte
1547,90+,2025,47,personer,ssb_07459,ekte
1547,alle,2025,3759,personer,ssb_07459,ekte
1554,0-17,2025,1161,personer,ssb_07459,ekte
1554,18-29,2025,745,personer,ssb_07459,ekte
1554,30-49,2025,1430,personer,ssb_07459,ekte
1554,50-66,2025,1420,personer,ssb_07459,ekte
1554,67-79,2025,901,personer,ssb_07459,ekte
1554,80-89,2025,275,personer,ssb_07459,ekte
1554,90+,2025,60,personer,ssb_07459,ekte
1554,alle,2025,5992,personer,ssb_07459,ekte
1557,0-17,2025,516,personer,ssb_07459,ekte
1557,18-29,2025,398,personer,ssb_07459,ekte
1557,30-49,2025,624,personer,ssb_07459,ekte
1557,50-66,2025,577,personer,ssb_07459,ekte
1557,67-79,2025,452,personer,ssb_07459,ekte
1557,80-89,2025,119,personer,ssb_07459,ekte
1557,90+,2025,22,personer,ssb_07459,ekte
1557,alle,2025,2708,personer,ssb_07459,ekte
1560,0-17,2025,555,personer,ssb_07459,ekte
1560,18-29,2025,366,personer,ssb_07459,ekte
1560,30-49,2025,673,personer,ssb_07459,ekte
1560,50-66,2025,771,personer,ssb_07459,ekte
1560,67-79,2025,483,personer,ssb_07459,ekte
1560,80-89,2025,198,personer,ssb_07459,ekte
1560,90+,2025,31,personer,ssb_07459,ekte
1560,alle,2025,3077,personer,ssb_07459,ekte
1563,0-17,2025,1334,personer,ssb_07459,ekte
1563,18-29,2025,970,personer,ssb_07459,ekte
1563,30-49,2025,1613,personer,ssb_07459,ekte
1563,50-66,2025,1748,personer,ssb_07459,ekte
1563,67-79,2025,1068,personer,ssb_07459,ekte
1563,80-89,2025,368,personer,ssb_07459,ekte
1563,90+,2025,92,personer,ssb_07459,ekte
1563,alle,2025,7193,personer,ssb_07459,ekte
1566,0-17,2025,1119,personer,ssb_07459,ekte
1566,18-29,2025,773,personer,ssb_07459,ekte
1566,30-49,2025,1278,personer,ssb_07459,ekte
1566,50-66,2025,1408,personer,ssb_07459,ekte
1566,67-79,2025,958,personer,ssb_07459,ekte
1566,80-89,2025,353,personer,ssb_07459,ekte
1566,90+,2025,61,personer,ssb_07459,ekte
1566,alle,2025,5950,personer,ssb_07459,ekte
1573,0-17,2025,375,personer,ssb_07459,ekte
1573,18-29,2025,249,personer,ssb_07459,ekte
1573,30-49,2025,487,personer,ssb_07459,ekte
1573,50-66,2025,531,personer,ssb_07459,ekte
1573,67-79,2025,371,personer,ssb_07459,ekte
1573,80-89,2025,128,personer,ssb_07459,ekte
1573,90+,2025,27,personer,ssb_07459,ekte
1573,alle,2025,2168,personer,ssb_07459,ekte
1576,0-17,2025,562,personer,ssb_07459,ekte
1576,18-29,2025,419,personer,ssb_07459,ekte
1576,30-49,2025,719,personer,ssb_07459,ekte
1576,50-66,2025,856,personer,ssb_07459,ekte
1576,67-79,2025,588,personer,ssb_07459,ekte
1576,80-89,2025,205,personer,ssb_07459,ekte
1576,90+,2025,45,personer,ssb_07459,ekte
1576,alle,2025,3394,personer,ssb_07459,ekte
1577,0-17,2025,2229,personer,ssb_07459,ekte
1577,18-29,2025,2108,personer,ssb_07459,ekte
1577,30-49,2025,2585,personer,ssb_07459,ekte
1577,50-66,2025,2142,personer,ssb_07459,ekte
1577,67-79,2025,1424,personer,ssb_07459,ekte
1577,80-89,2025,518,personer,ssb_07459,ekte
1577,90+,2025,125,personer,ssb_07459,ekte
1577,alle,2025,11131,personer,ssb_07459,ekte
1578,0-17,2025,448,personer,ssb_07459,ekte
1578,18-29,2025,325,personer,ssb_07459,ekte
1578,30-49,2025,507,personer,ssb_07459,ekte
1578,50-66,2025,629,personer,ssb_07459,ekte
1578,67-79,2025,398,personer,ssb_07459,ekte
1578,80-89,2025,163,personer,ssb_07459,ekte
1578,90+,2025,36,personer,ssb_07459,ekte
1578,alle,2025,2506,personer,ssb_07459,ekte
1579,0-17,2025,2772,personer,ssb_07459,ekte
1579,18-29,2025,1837,personer,ssb_07459,ekte
1579,30-49,2025,3383,personer,ssb_07459,ekte
1579,50-66,2025,2894,personer,ssb_07459,ekte
1579,67-79,2025,1873,personer,ssb_07459,ekte
1579,80-89,2025,586,personer,ssb_07459,ekte
1579,90+,2025,115,personer,ssb_07459,ekte
1579,alle,2025,13460,personer,ssb_07459,ekte
1580,0-17,2025,1894,personer,ssb_07459,ekte
1580,18-29,2025,1198,personer,ssb_07459,ekte
1580,30-49,2025,2321,personer,ssb_07459,ekte
1580,50-66,2025,2052,personer,ssb_07459,ekte
1580,67-79,2025,1368,personer,ssb_07459,ekte
1580,80-89,2025,442,personer,ssb_07459,ekte
1580,90+,2025,134,personer,ssb_07459,ekte
1580,alle,2025,9409,personer,ssb_07459,ekte
5001,0-17,2025,40211,personer,ssb_07459,ekte
5001,18-29,2025,43719,personer,ssb_07459,ekte
5001,30-49,2025,61311,personer,ssb_07459,ekte
5001,50-66,2025,40992,personer,ssb_07459,ekte
5001,67-79,2025,21782,personer,ssb_07459,ekte
5001,80-89,2025,7150,personer,ssb_07459,ekte
5001,90+,2025,1353,personer,ssb_07459,ekte
5001,alle,2025,216518,personer,ssb_07459,ekte
5006,0-17,2025,4678,personer,ssb_07459,ekte
5006,18-29,2025,3182,personer,ssb_07459,ekte
5006,30-49,2025,5567,personer,ssb_07459,ekte
5006,50-66,2025,5452,personer,ssb_07459,ekte
5006,67-79,2025,3606,personer,ssb_07459,ekte
5006,80-89,2025,1301,personer,ssb_07459,ekte
5006,90+,2025,278,personer,ssb_07459,ekte
5006,alle,2025,24064,personer,ssb_07459,ekte
5007,0-17,2025,2957,personer,ssb_07459,ekte
5007,18-29,2025,2259,personer,ssb_07459,ekte
5007,30-49,2025,3433,personer,ssb_07459,ekte
5007,50-66,2025,3420,personer,ssb_07459,ekte
5007,67-79,2025,2191,personer,ssb_07459,ekte
5007,80-89,2025,753,personer,ssb_07459,ekte
5007,90+,2025,141,personer,ssb_07459,ekte
5007,alle,2025,15154,personer,ssb_07459,ekte
5014,0-17,2025,1085,personer,ssb_07459,ekte
5014,18-29,2025,905,personer,ssb_07459,ekte
5014,30-49,2025,1655,personer,ssb_07459,ekte
5014,50-66,2025,1168,personer,ssb_07459,ekte
5014,67-79,2025,604,personer,ssb_07459,ekte
5014,80-89,2025,203,personer,ssb_07459,ekte
5014,90+,2025,35,personer,ssb_07459,ekte
5014,alle,2025,5655,personer,ssb_07459,ekte
5020,0-17,2025,144,personer,ssb_07459,ekte
5020,18-29,2025,96,personer,ssb_07459,ekte
5020,30-49,2025,181,personer,ssb_07459,ekte
5020,50-66,2025,210,personer,ssb_07459,ekte
5020,67-79,2025,186,personer,ssb_07459,ekte
5020,80-89,2025,63,personer,ssb_07459,ekte
5020,90+,2025,11,personer,ssb_07459,ekte
5020,alle,2025,891,personer,ssb_07459,ekte
5021,0-17,2025,1555,personer,ssb_07459,ekte
5021,18-29,2025,926,personer,ssb_07459,ekte
5021,30-49,2025,1760,personer,ssb_07459,ekte
5021,50-66,2025,1664,personer,ssb_07459,ekte
5021,67-79,2025,1043,personer,ssb_07459,ekte
5021,80-89,2025,384,personer,ssb_07459,ekte
5021,90+,2025,76,personer,ssb_07459,ekte
5021,alle,2025,7408,personer,ssb_07459,ekte
5022,0-17,2025,467,personer,ssb_07459,ekte
5022,18-29,2025,316,personer,ssb_07459,ekte
5022,30-49,2025,488,personer,ssb_07459,ekte
5022,50-66,2025,613,personer,ssb_07459,ekte
5022,67-79,2025,442,personer,ssb_07459,ekte
5022,80-89,2025,157,personer,ssb_07459,ekte
5022,90+,2025,30,personer,ssb_07459,ekte
5022,alle,2025,2513,personer,ssb_07459,ekte
5025,0-17,2025,996,personer,ssb_07459,ekte
5025,18-29,2025,680,personer,ssb_07459,ekte
5025,30-49,2025,1279,personer,ssb_07459,ekte
5025,50-66,2025,1370,personer,ssb_07459,ekte
5025,67-79,2025,967,personer,ssb_07459,ekte
5025,80-89,2025,337,personer,ssb_07459,ekte
5025,90+,2025,52,personer,ssb_07459,ekte
5025,alle,2025,5681,personer,ssb_07459,ekte
5026,0-17,2025,357,personer,ssb_07459,ekte
5026,18-29,2025,246,personer,ssb_07459,ekte
5026,30-49,2025,415,personer,ssb_07459,ekte
5026,50-66,2025,494,personer,ssb_07459,ekte
5026,67-79,2025,355,personer,ssb_07459,ekte
5026,80-89,2025,165,personer,ssb_07459,ekte
5026,90+,2025,16,personer,ssb_07459,ekte
5026,alle,2025,2048,personer,ssb_07459,ekte
5027,0-17,2025,1278,personer,ssb_07459,ekte
5027,18-29,2025,808,personer,ssb_07459,ekte
5027,30-49,2025,1470,personer,ssb_07459,ekte
5027,50-66,2025,1392,personer,ssb_07459,ekte
5027,67-79,2025,817,personer,ssb_07459,ekte
5027,80-89,2025,304,personer,ssb_07459,ekte
5027,90+,2025,72,personer,ssb_07459,ekte
5027,alle,2025,6141,personer,ssb_07459,ekte
5028,0-17,2025,3883,personer,ssb_07459,ekte
5028,18-29,2025,2509,personer,ssb_07459,ekte
5028,30-49,2025,4738,personer,ssb_07459,ekte
5028,50-66,2025,3785,personer,ssb_07459,ekte
5028,67-79,2025,2001,personer,ssb_07459,ekte
5028,80-89,2025,737,personer,ssb_07459,ekte
5028,90+,2025,159,personer,ssb_07459,ekte
5028,alle,2025,17812,personer,ssb_07459,ekte
5029,0-17,2025,2084,personer,ssb_07459,ekte
5029,18-29,2025,1048,personer,ssb_07459,ekte
5029,30-49,2025,2364,personer,ssb_07459,ekte
5029,50-66,2025,1774,personer,ssb_07459,ekte
5029,67-79,2025,906,personer,ssb_07459,ekte
5029,80-89,2025,287,personer,ssb_07459,ekte
5029,90+,2025,58,personer,ssb_07459,ekte
5029,alle,2025,8521,personer,ssb_07459,ekte
5031,0-17,2025,3517,personer,ssb_07459,ekte
5031,18-29,2025,1958,personer,ssb_07459,ekte
5031,30-49,2025,4178,personer,ssb_07459,ekte
5031,50-66,2025,3312,personer,ssb_07459,ekte
5031,67-79,2025,1474,personer,ssb_07459,ekte
5031,80-89,2025,497,personer,ssb_07459,ekte
5031,90+,2025,87,personer,ssb_07459,ekte
5031,alle,2025,15023,personer,ssb_07459,ekte
5032,0-17,2025,803,personer,ssb_07459,ekte
5032,18-29,2025,528,personer,ssb_07459,ekte
5032,30-49,2025,974,personer,ssb_07459,ekte
5032,50-66,2025,993,personer,ssb_07459,ekte
5032,67-79,2025,622,personer,ssb_07459,ekte
5032,80-89,2025,253,personer,ssb_07459,ekte
5032,90+,2025,60,personer,ssb_07459,ekte
5032,alle,2025,4233,personer,ssb_07459,ekte
5033,0-17,2025,126,personer,ssb_07459,ekte
5033,18-29,2025,75,personer,ssb_07459,ekte
5033,30-49,2025,158,personer,ssb_07459,ekte
5033,50-66,2025,212,personer,ssb_07459,ekte
5033,67-79,2025,130,personer,ssb_07459,ekte
5033,80-89,2025,71,personer,ssb_07459,ekte
5033,90+,2025,14,personer,ssb_07459,ekte
5033,alle,2025,786,personer,ssb_07459,ekte
5034,0-17,2025,457,personer,ssb_07459,ekte
5034,18-29,2025,307,personer,ssb_07459,ekte
5034,30-49,2025,561,personer,ssb_07459,ekte
5034,50-66,2025,585,personer,ssb_07459,ekte
5034,67-79,2025,401,personer,ssb_07459,ekte
5034,80-89,2025,130,personer,ssb_07459,ekte
5034,90+,2025,31,personer,ssb_07459,ekte
5034,alle,2025,2472,personer,ssb_07459,ekte
5035,0-17,2025,5209,personer,ssb_07459,ekte
5035,18-29,2025,3474,personer,ssb_07459,ekte
5035,30-49,2025,6061,personer,ssb_07459,ekte
5035,50-66,2025,5606,personer,ssb_07459,ekte
5035,67-79,2025,3243,personer,ssb_07459,ekte
5035,80-89,2025,1158,personer,ssb_07459,ekte
5035,90+,2025,176,personer,ssb_07459,ekte
5035,alle,2025,24927,personer,ssb_07459,ekte
5036,0-17,2025,495,personer,ssb_07459,ekte
5036,18-29,2025,350,personer,ssb_07459,ekte
5036,30-49,2025,567,personer,ssb_07459,ekte
5036,50-66,2025,667,personer,ssb_07459,ekte
5036,67-79,2025,405,personer,ssb_07459,ekte
5036,80-89,2025,139,personer,ssb_07459,ekte
5036,90+,2025,38,personer,ssb_07459,ekte
5036,alle,2025,2661,personer,ssb_07459,ekte
5037,0-17,2025,4325,personer,ssb_07459,ekte
5037,18-29,2025,3080,personer,ssb_07459,ekte
5037,30-49,2025,4957,personer,ssb_07459,ekte
5037,50-66,2025,4418,personer,ssb_07459,ekte
5037,67-79,2025,2806,personer,ssb_07459,ekte
5037,80-89,2025,949,personer,ssb_07459,ekte
5037,90+,2025,197,personer,ssb_07459,ekte
5037,alle,2025,20732,personer,ssb_07459,ekte
5038,0-17,2025,3013,personer,ssb_07459,ekte
5038,18-29,2025,2214,personer,ssb_07459,ekte
5038,30-49,2025,3688,personer,ssb_07459,ekte
5038,50-66,2025,3430,personer,ssb_07459,ekte
5038,67-79,2025,2220,personer,ssb_07459,ekte
5038,80-89,2025,726,personer,ssb_07459,ekte
5038,90+,2025,121,personer,ssb_07459,ekte
5038,alle,2025,15412,personer,ssb_07459,ekte
5041,0-17,2025,423,personer,ssb_07459,ekte
5041,18-29,2025,283,personer,ssb_07459,ekte
5041,30-49,2025,445,personer,ssb_07459,ekte
5041,50-66,2025,516,personer,ssb_07459,ekte
5041,67-79,2025,299,personer,ssb_07459,ekte
5041,80-89,2025,147,personer,ssb_07459,ekte
5041,90+,2025,25,personer,ssb_07459,ekte
5041,alle,2025,2138,personer,ssb_07459,ekte
5042,0-17,2025,225,personer,ssb_07459,ekte
5042,18-29,2025,170,personer,ssb_07459,ekte
5042,30-49,2025,259,personer,ssb_07459,ekte
5042,50-66,2025,320,personer,ssb_07459,ekte
5042,67-79,2025,240,personer,ssb_07459,ekte
5042,80-89,2025,85,personer,ssb_07459,ekte
5042,90+,2025,17,personer,ssb_07459,ekte
5042,alle,2025,1316,personer,ssb_07459,ekte
5043,0-17,2025,81,personer,ssb_07459,ekte
5043,18-29,2025,47,personer,ssb_07459,ekte
5043,30-49,2025,90,personer,ssb_07459,ekte
5043,50-66,2025,100,personer,ssb_07459,ekte
5043,67-79,2025,86,personer,ssb_07459,ekte
5043,80-89,2025,33,personer,ssb_07459,ekte
5043,90+,2025,6,personer,ssb_07459,ekte
5043,alle,2025,443,personer,ssb_07459,ekte
5044,0-17,2025,145,personer,ssb_07459,ekte
5044,18-29,2025,97,personer,ssb_07459,ekte
5044,30-49,2025,154,personer,ssb_07459,ekte
5044,50-66,2025,217,personer,ssb_07459,ekte
5044,67-79,2025,128,personer,ssb_07459,ekte
5044,80-89,2025,60,personer,ssb_07459,ekte
5044,90+,2025,10,personer,ssb_07459,ekte
5044,alle,2025,811,personer,ssb_07459,ekte
5045,0-17,2025,447,personer,ssb_07459,ekte
5045,18-29,2025,279,personer,ssb_07459,ekte
5045,30-49,2025,494,personer,ssb_07459,ekte
5045,50-66,2025,538,personer,ssb_07459,ekte
5045,67-79,2025,365,personer,ssb_07459,ekte
5045,80-89,2025,150,personer,ssb_07459,ekte
5045,90+,2025,41,personer,ssb_07459,ekte
5045,alle,2025,2314,personer,ssb_07459,ekte
5046,0-17,2025,240,personer,ssb_07459,ekte
5046,18-29,2025,168,personer,ssb_07459,ekte
5046,30-49,2025,251,personer,ssb_07459,ekte
5046,50-66,2025,267,personer,ssb_07459,ekte
5046,67-79,2025,217,personer,ssb_07459,ekte
5046,80-89,2025,78,personer,ssb_07459,ekte
5046,90+,2025,14,personer,ssb_07459,ekte
5046,alle,2025,1235,personer,ssb_07459,ekte
5047,0-17,2025,925,personer,ssb_07459,ekte
5047,18-29,2025,522,personer,ssb_07459,ekte
5047,30-49,2025,998,personer,ssb_07459,ekte
5047,50-66,2025,820,personer,ssb_07459,ekte
5047,67-79,2025,487,personer,ssb_07459,ekte
5047,80-89,2025,160,personer,ssb_07459,ekte
5047,90+,2025,34,personer,ssb_07459,ekte
5047,alle,2025,3946,personer,ssb_07459,ekte
5049,0-17,2025,183,personer,ssb_07459,ekte
5049,18-29,2025,145,personer,ssb_07459,ekte
5049,30-49,2025,230,personer,ssb_07459,ekte
5049,50-66,2025,279,personer,ssb_07459,ekte
5049,67-79,2025,200,personer,ssb_07459,ekte
5049,80-89,2025,72,personer,ssb_07459,ekte
5049,90+,2025,12,personer,ssb_07459,ekte
5049,alle,2025,1121,personer,ssb_07459,ekte
5052,0-17,2025,108,personer,ssb_07459,ekte
5052,18-29,2025,60,personer,ssb_07459,ekte
5052,30-49,2025,110,personer,ssb_07459,ekte
5052,50-66,2025,149,personer,ssb_07459,ekte
5052,67-79,2025,119,personer,ssb_07459,ekte
5052,80-89,2025,44,personer,ssb_07459,ekte
5052,90+,2025,3,personer,ssb_07459,ekte
5052,alle,2025,593,personer,ssb_07459,ekte
5053,0-17,2025,1467,personer,ssb_07459,ekte
5053,18-29,2025,901,personer,ssb_07459,ekte
5053,30-49,2025,1645,personer,ssb_07459,ekte
5053,50-66,2025,1551,personer,ssb_07459,ekte
5053,67-79,2025,1063,personer,ssb_07459,ekte
5053,80-89,2025,345,personer,ssb_07459,ekte
5053,90+,2025,59,personer,ssb_07459,ekte
5053,alle,2025,7031,personer,ssb_07459,ekte
5054,0-17,2025,1932,personer,ssb_07459,ekte
5054,18-29,2025,1278,personer,ssb_07459,ekte
5054,30-49,2025,2204,personer,ssb_07459,ekte
5054,50-66,2025,2364,personer,ssb_07459,ekte
5054,67-79,2025,1599,personer,ssb_07459,ekte
5054,80-89,2025,561,personer,ssb_07459,ekte
5054,90+,2025,104,personer,ssb_07459,ekte
5054,alle,2025,10042,personer,ssb_07459,ekte
5055,0-17,2025,1154,personer,ssb_07459,ekte
5055,18-29,2025,804,personer,ssb_07459,ekte
5055,30-49,2025,1353,personer,ssb_07459,ekte
5055,50-66,2025,1408,personer,ssb_07459,ekte
5055,67-79,2025,979,personer,ssb_07459,ekte
5055,80-89,2025,373,personer,ssb_07459,ekte
5055,90+,2025,63,personer,ssb_07459,ekte
5055,alle,2025,6134,personer,ssb_07459,ekte
5056,0-17,2025,994,personer,ssb_07459,ekte
5056,18-29,2025,776,personer,ssb_07459,ekte
5056,30-49,2025,1454,personer,ssb_07459,ekte
5056,50-66,2025,1203,personer,ssb_07459,ekte
5056,67-79,2025,697,personer,ssb_07459,ekte
5056,80-89,2025,241,personer,ssb_07459,ekte
5056,90+,2025,49,personer,ssb_07459,ekte
5056,alle,2025,5414,personer,ssb_07459,ekte
5057,0-17,2025,2132,personer,ssb_07459,ekte
5057,18-29,2025,1556,personer,ssb_07459,ekte
5057,30-49,2025,2489,personer,ssb_07459,ekte
5057,50-66,2025,2326,personer,ssb_07459,ekte
5057,67-79,2025,1436,personer,ssb_07459,ekte
5057,80-89,2025,571,personer,ssb_07459,ekte
5057,90+,2025,117,personer,ssb_07459,ekte
5057,alle,2025,10627,personer,ssb_07459,ekte
5058,0-17,2025,825,personer,ssb_07459,ekte
5058,18-29,2025,547,personer,ssb_07459,ekte
5058,30-49,2025,890,personer,ssb_07459,ekte
5058,50-66,2025,1062,personer,ssb_07459,ekte
5058,67-79,2025,696,personer,ssb_07459,ekte
5058,80-89,2025,268,personer,ssb_07459,ekte
5058,90+,2025,54,personer,ssb_07459,ekte
5058,alle,2025,4342,personer,ssb_07459,ekte
5059,0-17,2025,3704,personer,ssb_07459,ekte
5059,18-29,2025,2392,personer,ssb_07459,ekte
5059,30-49,2025,4572,personer,ssb_07459,ekte
5059,50-66,2025,4300,personer,ssb_07459,ekte
5059,67-79,2025,2752,personer,ssb_07459,ekte
5059,80-89,2025,891,personer,ssb_07459,ekte
5059,90+,2025,187,personer,ssb_07459,ekte
5059,alle,2025,18798,personer,ssb_07459,ekte
5060,0-17,2025,2150,personer,ssb_07459,ekte
5060,18-29,2025,1427,personer,ssb_07459,ekte
5060,30-49,2025,2365,personer,ssb_07459,ekte
5060,50-66,2025,2222,personer,ssb_07459,ekte
5060,67-79,2025,1212,personer,ssb_07459,ekte
5060,80-89,2025,449,personer,ssb_07459,ekte
5060,90+,2025,96,personer,ssb_07459,ekte
5060,alle,2025,9921,personer,ssb_07459,ekte
5061,0-17,2025,360,personer,ssb_07459,ekte
5061,18-29,2025,232,personer,ssb_07459,ekte
5061,30-49,2025,409,personer,ssb_07459,ekte
5061,50-66,2025,469,personer,ssb_07459,ekte
5061,67-79,2025,315,personer,ssb_07459,ekte
5061,80-89,2025,119,personer,ssb_07459,ekte
5061,90+,2025,33,personer,ssb_07459,ekte
5061,alle,2025,1937,personer,ssb_07459,ekte
1804,0-17,2025,10505,personer,ssb_07459,ekte
1804,18-29,2025,8396,personer,ssb_07459,ekte
1804,30-49,2025,14763,personer,ssb_07459,ekte
1804,50-66,2025,11398,personer,ssb_07459,ekte
1804,67-79,2025,6117,personer,ssb_07459,ekte
1804,80-89,2025,2129,personer,ssb_07459,ekte
1804,90+,2025,417,personer,ssb_07459,ekte
1804,alle,2025,53725,personer,ssb_07459,ekte
1806,0-17,2025,3895,personer,ssb_07459,ekte
1806,18-29,2025,3005,personer,ssb_07459,ekte
1806,30-49,2025,5220,personer,ssb_07459,ekte
1806,50-66,2025,4905,personer,ssb_07459,ekte
1806,67-79,2025,3249,personer,ssb_07459,ekte
1806,80-89,2025,1085,personer,ssb_07459,ekte
1806,90+,2025,232,personer,ssb_07459,ekte
1806,alle,2025,21591,personer,ssb_07459,ekte
1811,0-17,2025,254,personer,ssb_07459,ekte
1811,18-29,2025,136,personer,ssb_07459,ekte
1811,30-49,2025,263,personer,ssb_07459,ekte
1811,50-66,2025,322,personer,ssb_07459,ekte
1811,67-79,2025,281,personer,ssb_07459,ekte
1811,80-89,2025,103,personer,ssb_07459,ekte
1811,90+,2025,15,personer,ssb_07459,ekte
1811,alle,2025,1374,personer,ssb_07459,ekte
1812,0-17,2025,362,personer,ssb_07459,ekte
1812,18-29,2025,247,personer,ssb_07459,ekte
1812,30-49,2025,437,personer,ssb_07459,ekte
1812,50-66,2025,493,personer,ssb_07459,ekte
1812,67-79,2025,304,personer,ssb_07459,ekte
1812,80-89,2025,113,personer,ssb_07459,ekte
1812,90+,2025,23,personer,ssb_07459,ekte
1812,alle,2025,1979,personer,ssb_07459,ekte
1813,0-17,2025,1564,personer,ssb_07459,ekte
1813,18-29,2025,1020,personer,ssb_07459,ekte
1813,30-49,2025,1871,personer,ssb_07459,ekte
1813,50-66,2025,1895,personer,ssb_07459,ekte
1813,67-79,2025,1040,personer,ssb_07459,ekte
1813,80-89,2025,374,personer,ssb_07459,ekte
1813,90+,2025,74,personer,ssb_07459,ekte
1813,alle,2025,7838,personer,ssb_07459,ekte
1815,0-17,2025,196,personer,ssb_07459,ekte
1815,18-29,2025,157,personer,ssb_07459,ekte
1815,30-49,2025,224,personer,ssb_07459,ekte
1815,50-66,2025,324,personer,ssb_07459,ekte
1815,67-79,2025,214,personer,ssb_07459,ekte
1815,80-89,2025,79,personer,ssb_07459,ekte
1815,90+,2025,13,personer,ssb_07459,ekte
1815,alle,2025,1207,personer,ssb_07459,ekte
1816,0-17,2025,86,personer,ssb_07459,ekte
1816,18-29,2025,61,personer,ssb_07459,ekte
1816,30-49,2025,81,personer,ssb_07459,ekte
1816,50-66,2025,105,personer,ssb_07459,ekte
1816,67-79,2025,103,personer,ssb_07459,ekte
1816,80-89,2025,27,personer,ssb_07459,ekte
1816,90+,2025,7,personer,ssb_07459,ekte
1816,alle,2025,470,personer,ssb_07459,ekte
1818,0-17,2025,360,personer,ssb_07459,ekte
1818,18-29,2025,197,personer,ssb_07459,ekte
1818,30-49,2025,488,personer,ssb_07459,ekte
1818,50-66,2025,449,personer,ssb_07459,ekte
1818,67-79,2025,270,personer,ssb_07459,ekte
1818,80-89,2025,102,personer,ssb_07459,ekte
1818,90+,2025,22,personer,ssb_07459,ekte
1818,alle,2025,1888,personer,ssb_07459,ekte
1820,0-17,2025,1399,personer,ssb_07459,ekte
1820,18-29,2025,1005,personer,ssb_07459,ekte
1820,30-49,2025,1799,personer,ssb_07459,ekte
1820,50-66,2025,1723,personer,ssb_07459,ekte
1820,67-79,2025,1102,personer,ssb_07459,ekte
1820,80-89,2025,369,personer,ssb_07459,ekte
1820,90+,2025,68,personer,ssb_07459,ekte
1820,alle,2025,7465,personer,ssb_07459,ekte
1822,0-17,2025,542,personer,ssb_07459,ekte
1822,18-29,2025,222,personer,ssb_07459,ekte
1822,30-49,2025,590,personer,ssb_07459,ekte
1822,50-66,2025,526,personer,ssb_07459,ekte
1822,67-79,2025,352,personer,ssb_07459,ekte
1822,80-89,2025,94,personer,ssb_07459,ekte
1822,90+,2025,28,personer,ssb_07459,ekte
1822,alle,2025,2354,personer,ssb_07459,ekte
1824,0-17,2025,2505,personer,ssb_07459,ekte
1824,18-29,2025,1879,personer,ssb_07459,ekte
1824,30-49,2025,3186,personer,ssb_07459,ekte
1824,50-66,2025,3153,personer,ssb_07459,ekte
1824,67-79,2025,1867,personer,ssb_07459,ekte
1824,80-89,2025,733,personer,ssb_07459,ekte
1824,90+,2025,152,personer,ssb_07459,ekte
1824,alle,2025,13475,personer,ssb_07459,ekte
1825,0-17,2025,227,personer,ssb_07459,ekte
1825,18-29,2025,189,personer,ssb_07459,ekte
1825,30-49,2025,300,personer,ssb_07459,ekte
1825,50-66,2025,357,personer,ssb_07459,ekte
1825,67-79,2025,224,personer,ssb_07459,ekte
1825,80-89,2025,116,personer,ssb_07459,ekte
1825,90+,2025,17,personer,ssb_07459,ekte
1825,alle,2025,1430,personer,ssb_07459,ekte
1826,0-17,2025,208,personer,ssb_07459,ekte
1826,18-29,2025,165,personer,ssb_07459,ekte
1826,30-49,2025,241,personer,ssb_07459,ekte
1826,50-66,2025,323,personer,ssb_07459,ekte
1826,67-79,2025,226,personer,ssb_07459,ekte
1826,80-89,2025,95,personer,ssb_07459,ekte
1826,90+,2025,16,personer,ssb_07459,ekte
1826,alle,2025,1274,personer,ssb_07459,ekte
1827,0-17,2025,237,personer,ssb_07459,ekte
1827,18-29,2025,200,personer,ssb_07459,ekte
1827,30-49,2025,290,personer,ssb_07459,ekte
1827,50-66,2025,373,personer,ssb_07459,ekte
1827,67-79,2025,261,personer,ssb_07459,ekte
1827,80-89,2025,77,personer,ssb_07459,ekte
1827,90+,2025,9,personer,ssb_07459,ekte
1827,alle,2025,1447,personer,ssb_07459,ekte
1828,0-17,2025,336,personer,ssb_07459,ekte
1828,18-29,2025,207,personer,ssb_07459,ekte
1828,30-49,2025,455,personer,ssb_07459,ekte
1828,50-66,2025,414,personer,ssb_07459,ekte
1828,67-79,2025,252,personer,ssb_07459,ekte
1828,80-89,2025,89,personer,ssb_07459,ekte
1828,90+,2025,17,personer,ssb_07459,ekte
1828,alle,2025,1770,personer,ssb_07459,ekte
1832,0-17,2025,831,personer,ssb_07459,ekte
1832,18-29,2025,558,personer,ssb_07459,ekte
1832,30-49,2025,1035,personer,ssb_07459,ekte
1832,50-66,2025,1037,personer,ssb_07459,ekte
1832,67-79,2025,677,personer,ssb_07459,ekte
1832,80-89,2025,274,personer,ssb_07459,ekte
1832,90+,2025,73,personer,ssb_07459,ekte
1832,alle,2025,4485,personer,ssb_07459,ekte
1833,0-17,2025,4837,personer,ssb_07459,ekte
1833,18-29,2025,3669,personer,ssb_07459,ekte
1833,30-49,2025,6335,personer,ssb_07459,ekte
1833,50-66,2025,5994,personer,ssb_07459,ekte
1833,67-79,2025,3524,personer,ssb_07459,ekte
1833,80-89,2025,1293,personer,ssb_07459,ekte
1833,90+,2025,275,personer,ssb_07459,ekte
1833,alle,2025,25927,personer,ssb_07459,ekte
1834,0-17,2025,336,personer,ssb_07459,ekte
1834,18-29,2025,230,personer,ssb_07459,ekte
1834,30-49,2025,479,personer,ssb_07459,ekte
1834,50-66,2025,451,personer,ssb_07459,ekte
1834,67-79,2025,292,personer,ssb_07459,ekte
1834,80-89,2025,126,personer,ssb_07459,ekte
1834,90+,2025,34,personer,ssb_07459,ekte
1834,alle,2025,1948,personer,ssb_07459,ekte
1835,0-17,2025,70,personer,ssb_07459,ekte
1835,18-29,2025,77,personer,ssb_07459,ekte
1835,30-49,2025,128,personer,ssb_07459,ekte
1835,50-66,2025,113,personer,ssb_07459,ekte
1835,67-79,2025,56,personer,ssb_07459,ekte
1835,80-89,2025,17,personer,ssb_07459,ekte
1835,90+,2025,2,personer,ssb_07459,ekte
1835,alle,2025,463,personer,ssb_07459,ekte
1836,0-17,2025,223,personer,ssb_07459,ekte
1836,18-29,2025,147,personer,ssb_07459,ekte
1836,30-49,2025,239,personer,ssb_07459,ekte
1836,50-66,2025,280,personer,ssb_07459,ekte
1836,67-79,2025,194,personer,ssb_07459,ekte
1836,80-89,2025,65,personer,ssb_07459,ekte
1836,90+,2025,12,personer,ssb_07459,ekte
1836,alle,2025,1160,personer,ssb_07459,ekte
1837,0-17,2025,1180,personer,ssb_07459,ekte
1837,18-29,2025,770,personer,ssb_07459,ekte
1837,30-49,2025,1367,personer,ssb_07459,ekte
1837,50-66,2025,1456,personer,ssb_07459,ekte
1837,67-79,2025,926,personer,ssb_07459,ekte
1837,80-89,2025,326,personer,ssb_07459,ekte
1837,90+,2025,79,personer,ssb_07459,ekte
1837,alle,2025,6104,personer,ssb_07459,ekte
1838,0-17,2025,312,personer,ssb_07459,ekte
1838,18-29,2025,252,personer,ssb_07459,ekte
1838,30-49,2025,425,personer,ssb_07459,ekte
1838,50-66,2025,494,personer,ssb_07459,ekte
1838,67-79,2025,391,personer,ssb_07459,ekte
1838,80-89,2025,107,personer,ssb_07459,ekte
1838,90+,2025,22,personer,ssb_07459,ekte
1838,alle,2025,2003,personer,ssb_07459,ekte
1839,0-17,2025,163,personer,ssb_07459,ekte
1839,18-29,2025,109,personer,ssb_07459,ekte
1839,30-49,2025,221,personer,ssb_07459,ekte
1839,50-66,2025,256,personer,ssb_07459,ekte
1839,67-79,2025,205,personer,ssb_07459,ekte
1839,80-89,2025,83,personer,ssb_07459,ekte
1839,90+,2025,22,personer,ssb_07459,ekte
1839,alle,2025,1059,personer,ssb_07459,ekte
1840,0-17,2025,930,personer,ssb_07459,ekte
1840,18-29,2025,561,personer,ssb_07459,ekte
1840,30-49,2025,1104,personer,ssb_07459,ekte
1840,50-66,2025,1114,personer,ssb_07459,ekte
1840,67-79,2025,801,personer,ssb_07459,ekte
1840,80-89,2025,266,personer,ssb_07459,ekte
1840,90+,2025,46,personer,ssb_07459,ekte
1840,alle,2025,4822,personer,ssb_07459,ekte
1841,0-17,2025,1739,personer,ssb_07459,ekte
1841,18-29,2025,1301,personer,ssb_07459,ekte
1841,30-49,2025,2335,personer,ssb_07459,ekte
1841,50-66,2025,2253,personer,ssb_07459,ekte
1841,67-79,2025,1534,personer,ssb_07459,ekte
1841,80-89,2025,550,personer,ssb_07459,ekte
1841,90+,2025,93,personer,ssb_07459,ekte
1841,alle,2025,9805,personer,ssb_07459,ekte
1845,0-17,2025,294,personer,ssb_07459,ekte
1845,18-29,2025,236,personer,ssb_07459,ekte
1845,30-49,2025,364,personer,ssb_07459,ekte
1845,50-66,2025,474,personer,ssb_07459,ekte
1845,67-79,2025,341,personer,ssb_07459,ekte
1845,80-89,2025,118,personer,ssb_07459,ekte
1845,90+,2025,24,personer,ssb_07459,ekte
1845,alle,2025,1851,personer,ssb_07459,ekte
1848,0-17,2025,473,personer,ssb_07459,ekte
1848,18-29,2025,312,personer,ssb_07459,ekte
1848,30-49,2025,629,personer,ssb_07459,ekte
1848,50-66,2025,618,personer,ssb_07459,ekte
1848,67-79,2025,459,personer,ssb_07459,ekte
1848,80-89,2025,149,personer,ssb_07459,ekte
1848,90+,2025,22,personer,ssb_07459,ekte
1848,alle,2025,2662,personer,ssb_07459,ekte
1851,0-17,2025,326,personer,ssb_07459,ekte
1851,18-29,2025,228,personer,ssb_07459,ekte
1851,30-49,2025,371,personer,ssb_07459,ekte
1851,50-66,2025,547,personer,ssb_07459,ekte
1851,67-79,2025,393,personer,ssb_07459,ekte
1851,80-89,2025,173,personer,ssb_07459,ekte
1851,90+,2025,29,personer,ssb_07459,ekte
1851,alle,2025,2067,personer,ssb_07459,ekte
1853,0-17,2025,175,personer,ssb_07459,ekte
1853,18-29,2025,220,personer,ssb_07459,ekte
1853,30-49,2025,269,personer,ssb_07459,ekte
1853,50-66,2025,326,personer,ssb_07459,ekte
1853,67-79,2025,264,personer,ssb_07459,ekte
1853,80-89,2025,92,personer,ssb_07459,ekte
1853,90+,2025,16,personer,ssb_07459,ekte
1853,alle,2025,1362,personer,ssb_07459,ekte
1856,0-17,2025,70,personer,ssb_07459,ekte
1856,18-29,2025,45,personer,ssb_07459,ekte
1856,30-49,2025,93,personer,ssb_07459,ekte
1856,50-66,2025,140,personer,ssb_07459,ekte
1856,67-79,2025,80,personer,ssb_07459,ekte
1856,80-89,2025,21,personer,ssb_07459,ekte
1856,90+,2025,9,personer,ssb_07459,ekte
1856,alle,2025,458,personer,ssb_07459,ekte
1857,0-17,2025,117,personer,ssb_07459,ekte
1857,18-29,2025,77,personer,ssb_07459,ekte
1857,30-49,2025,157,personer,ssb_07459,ekte
1857,50-66,2025,176,personer,ssb_07459,ekte
1857,67-79,2025,102,personer,ssb_07459,ekte
1857,80-89,2025,43,personer,ssb_07459,ekte
1857,90+,2025,5,personer,ssb_07459,ekte
1857,alle,2025,677,personer,ssb_07459,ekte
1859,0-17,2025,191,personer,ssb_07459,ekte
1859,18-29,2025,161,personer,ssb_07459,ekte
1859,30-49,2025,309,personer,ssb_07459,ekte
1859,50-66,2025,312,personer,ssb_07459,ekte
1859,67-79,2025,212,personer,ssb_07459,ekte
1859,80-89,2025,65,personer,ssb_07459,ekte
1859,90+,2025,16,personer,ssb_07459,ekte
1859,alle,2025,1266,personer,ssb_07459,ekte
1860,0-17,2025,2357,personer,ssb_07459,ekte
1860,18-29,2025,1697,personer,ssb_07459,ekte
1860,30-49,2025,2838,personer,ssb_07459,ekte
1860,50-66,2025,2500,personer,ssb_07459,ekte
1860,67-79,2025,1574,personer,ssb_07459,ekte
1860,80-89,2025,505,personer,ssb_07459,ekte
1860,90+,2025,111,personer,ssb_07459,ekte
1860,alle,2025,11582,personer,ssb_07459,ekte
1865,0-17,2025,1827,personer,ssb_07459,ekte
1865,18-29,2025,1371,personer,ssb_07459,ekte
1865,30-49,2025,2612,personer,ssb_07459,ekte
1865,50-66,2025,2145,personer,ssb_07459,ekte
1865,67-79,2025,1403,personer,ssb_07459,ekte
1865,80-89,2025,438,personer,ssb_07459,ekte
1865,90+,2025,75,personer,ssb_07459,ekte
1865,alle,2025,9871,personer,ssb_07459,ekte
1866,0-17,2025,1595,personer,ssb_07459,ekte
1866,18-29,2025,1093,personer,ssb_07459,ekte
1866,30-49,2025,2005,personer,ssb_07459,ekte
1866,50-66,2025,1922,personer,ssb_07459,ekte
1866,67-79,2025,1260,personer,ssb_07459,ekte
1866,80-89,2025,444,personer,ssb_07459,ekte
1866,90+,2025,81,personer,ssb_07459,ekte
1866,alle,2025,8400,personer,ssb_07459,ekte
1867,0-17,2025,384,personer,ssb_07459,ekte
1867,18-29,2025,300,personer,ssb_07459,ekte
1867,30-49,2025,514,personer,ssb_07459,ekte
1867,50-66,2025,681,personer,ssb_07459,ekte
1867,67-79,2025,459,personer,ssb_07459,ekte
1867,80-89,2025,230,personer,ssb_07459,ekte
1867,90+,2025,49,personer,ssb_07459,ekte
1867,alle,2025,2617,personer,ssb_07459,ekte
1868,0-17,2025,811,personer,ssb_07459,ekte
1868,18-29,2025,610,personer,ssb_07459,ekte
1868,30-49,2025,1152,personer,ssb_07459,ekte
1868,50-66,2025,1133,personer,ssb_07459,ekte
1868,67-79,2025,639,personer,ssb_07459,ekte
1868,80-89,2025,223,personer,ssb_07459,ekte
1868,90+,2025,60,personer,ssb_07459,ekte
1868,alle,2025,4628,personer,ssb_07459,ekte
1870,0-17,2025,2210,personer,ssb_07459,ekte
1870,18-29,2025,1544,personer,ssb_07459,ekte
1870,30-49,2025,2689,personer,ssb_07459,ekte
1870,50-66,2025,2348,personer,ssb_07459,ekte
1870,67-79,2025,1445,personer,ssb_07459,ekte
1870,80-89,2025,461,personer,ssb_07459,ekte
1870,90+,2025,84,personer,ssb_07459,ekte
1870,alle,2025,10781,personer,ssb_07459,ekte
1871,0-17,2025,776,personer,ssb_07459,ekte
1871,18-29,2025,573,personer,ssb_07459,ekte
1871,30-49,2025,988,personer,ssb_07459,ekte
1871,50-66,2025,1082,personer,ssb_07459,ekte
1871,67-79,2025,763,personer,ssb_07459,ekte
1871,80-89,2025,308,personer,ssb_07459,ekte
1871,90+,2025,52,personer,ssb_07459,ekte
1871,alle,2025,4542,personer,ssb_07459,ekte
1874,0-17,2025,113,personer,ssb_07459,ekte
1874,18-29,2025,111,personer,ssb_07459,ekte
1874,30-49,2025,280,personer,ssb_07459,ekte
1874,50-66,2025,230,personer,ssb_07459,ekte
1874,67-79,2025,145,personer,ssb_07459,ekte
1874,80-89,2025,69,personer,ssb_07459,ekte
1874,90+,2025,21,personer,ssb_07459,ekte
1874,alle,2025,969,personer,ssb_07459,ekte
1875,0-17,2025,458,personer,ssb_07459,ekte
1875,18-29,2025,359,personer,ssb_07459,ekte
1875,30-49,2025,648,personer,ssb_07459,ekte
1875,50-66,2025,634,personer,ssb_07459,ekte
1875,67-79,2025,491,personer,ssb_07459,ekte
1875,80-89,2025,166,personer,ssb_07459,ekte
1875,90+,2025,30,personer,ssb_07459,ekte
1875,alle,2025,2786,personer,ssb_07459,ekte
5501,0-17,2025,14839,personer,ssb_07459,ekte
5501,18-29,2025,14384,personer,ssb_07459,ekte
5501,30-49,2025,22818,personer,ssb_07459,ekte
5501,50-66,2025,16410,personer,ssb_07459,ekte
5501,67-79,2025,8077,personer,ssb_07459,ekte
5501,80-89,2025,2482,personer,ssb_07459,ekte
5501,90+,2025,411,personer,ssb_07459,ekte
5501,alle,2025,79421,personer,ssb_07459,ekte
5503,0-17,2025,4773,personer,ssb_07459,ekte
5503,18-29,2025,3536,personer,ssb_07459,ekte
5503,30-49,2025,6407,personer,ssb_07459,ekte
5503,50-66,2025,5400,personer,ssb_07459,ekte
5503,67-79,2025,3609,personer,ssb_07459,ekte
5503,80-89,2025,1211,personer,ssb_07459,ekte
5503,90+,2025,231,personer,ssb_07459,ekte
5503,alle,2025,25167,personer,ssb_07459,ekte
5510,0-17,2025,517,personer,ssb_07459,ekte
5510,18-29,2025,325,personer,ssb_07459,ekte
5510,30-49,2025,643,personer,ssb_07459,ekte
5510,50-66,2025,708,personer,ssb_07459,ekte
5510,67-79,2025,485,personer,ssb_07459,ekte
5510,80-89,2025,144,personer,ssb_07459,ekte
5510,90+,2025,30,personer,ssb_07459,ekte
5510,alle,2025,2852,personer,ssb_07459,ekte
5512,0-17,2025,701,personer,ssb_07459,ekte
5512,18-29,2025,498,personer,ssb_07459,ekte
5512,30-49,2025,896,personer,ssb_07459,ekte
5512,50-66,2025,1016,personer,ssb_07459,ekte
5512,67-79,2025,753,personer,ssb_07459,ekte
5512,80-89,2025,297,personer,ssb_07459,ekte
5512,90+,2025,48,personer,ssb_07459,ekte
5512,alle,2025,4209,personer,ssb_07459,ekte
5514,0-17,2025,170,personer,ssb_07459,ekte
5514,18-29,2025,153,personer,ssb_07459,ekte
5514,30-49,2025,254,personer,ssb_07459,ekte
5514,50-66,2025,324,personer,ssb_07459,ekte
5514,67-79,2025,263,personer,ssb_07459,ekte
5514,80-89,2025,108,personer,ssb_07459,ekte
5514,90+,2025,29,personer,ssb_07459,ekte
5514,alle,2025,1301,personer,ssb_07459,ekte
5516,0-17,2025,167,personer,ssb_07459,ekte
5516,18-29,2025,118,personer,ssb_07459,ekte
5516,30-49,2025,223,personer,ssb_07459,ekte
5516,50-66,2025,291,personer,ssb_07459,ekte
5516,67-79,2025,169,personer,ssb_07459,ekte
5516,80-89,2025,75,personer,ssb_07459,ekte
5516,90+,2025,19,personer,ssb_07459,ekte
5516,alle,2025,1062,personer,ssb_07459,ekte
5518,0-17,2025,196,personer,ssb_07459,ekte
5518,18-29,2025,113,personer,ssb_07459,ekte
5518,30-49,2025,190,personer,ssb_07459,ekte
5518,50-66,2025,238,personer,ssb_07459,ekte
5518,67-79,2025,168,personer,ssb_07459,ekte
5518,80-89,2025,63,personer,ssb_07459,ekte
5518,90+,2025,17,personer,ssb_07459,ekte
5518,alle,2025,985,personer,ssb_07459,ekte
5520,0-17,2025,747,personer,ssb_07459,ekte
5520,18-29,2025,782,personer,ssb_07459,ekte
5520,30-49,2025,912,personer,ssb_07459,ekte
5520,50-66,2025,735,personer,ssb_07459,ekte
5520,67-79,2025,549,personer,ssb_07459,ekte
5520,80-89,2025,198,personer,ssb_07459,ekte
5520,90+,2025,38,personer,ssb_07459,ekte
5520,alle,2025,3961,personer,ssb_07459,ekte
5522,0-17,2025,389,personer,ssb_07459,ekte
5522,18-29,2025,283,personer,ssb_07459,ekte
5522,30-49,2025,410,personer,ssb_07459,ekte
5522,50-66,2025,544,personer,ssb_07459,ekte
5522,67-79,2025,350,personer,ssb_07459,ekte
5522,80-89,2025,125,personer,ssb_07459,ekte
5522,90+,2025,15,personer,ssb_07459,ekte
5522,alle,2025,2116,personer,ssb_07459,ekte
5524,0-17,2025,1248,personer,ssb_07459,ekte
5524,18-29,2025,1270,personer,ssb_07459,ekte
5524,30-49,2025,1529,personer,ssb_07459,ekte
5524,50-66,2025,1452,personer,ssb_07459,ekte
5524,67-79,2025,891,personer,ssb_07459,ekte
5524,80-89,2025,342,personer,ssb_07459,ekte
5524,90+,2025,62,personer,ssb_07459,ekte
5524,alle,2025,6794,personer,ssb_07459,ekte
5526,0-17,2025,722,personer,ssb_07459,ekte
5526,18-29,2025,494,personer,ssb_07459,ekte
5526,30-49,2025,818,personer,ssb_07459,ekte
5526,50-66,2025,805,personer,ssb_07459,ekte
5526,67-79,2025,496,personer,ssb_07459,ekte
5526,80-89,2025,172,personer,ssb_07459,ekte
5526,90+,2025,26,personer,ssb_07459,ekte
5526,alle,2025,3533,personer,ssb_07459,ekte
5528,0-17,2025,160,personer,ssb_07459,ekte
5528,18-29,2025,125,personer,ssb_07459,ekte
5528,30-49,2025,205,personer,ssb_07459,ekte
5528,50-66,2025,276,personer,ssb_07459,ekte
5528,67-79,2025,218,personer,ssb_07459,ekte
5528,80-89,2025,70,personer,ssb_07459,ekte
5528,90+,2025,15,personer,ssb_07459,ekte
5528,alle,2025,1069,personer,ssb_07459,ekte
5530,0-17,2025,2883,personer,ssb_07459,ekte
5530,18-29,2025,2073,personer,ssb_07459,ekte
5530,30-49,2025,3541,personer,ssb_07459,ekte
5530,50-66,2025,3389,personer,ssb_07459,ekte
5530,67-79,2025,2169,personer,ssb_07459,ekte
5530,80-89,2025,757,personer,ssb_07459,ekte
5530,90+,2025,136,personer,ssb_07459,ekte
5530,alle,2025,14948,personer,ssb_07459,ekte
5532,0-17,2025,937,personer,ssb_07459,ekte
5532,18-29,2025,746,personer,ssb_07459,ekte
5532,30-49,2025,1244,personer,ssb_07459,ekte
5532,50-66,2025,1402,personer,ssb_07459,ekte
5532,67-79,2025,859,personer,ssb_07459,ekte
5532,80-89,2025,340,personer,ssb_07459,ekte
5532,90+,2025,67,personer,ssb_07459,ekte
5532,alle,2025,5595,personer,ssb_07459,ekte
5534,0-17,2025,322,personer,ssb_07459,ekte
5534,18-29,2025,257,personer,ssb_07459,ekte
5534,30-49,2025,462,personer,ssb_07459,ekte
5534,50-66,2025,580,personer,ssb_07459,ekte
5534,67-79,2025,415,personer,ssb_07459,ekte
5534,80-89,2025,149,personer,ssb_07459,ekte
5534,90+,2025,38,personer,ssb_07459,ekte
5534,alle,2025,2223,personer,ssb_07459,ekte
5536,0-17,2025,412,personer,ssb_07459,ekte
5536,18-29,2025,354,personer,ssb_07459,ekte
5536,30-49,2025,530,personer,ssb_07459,ekte
5536,50-66,2025,689,personer,ssb_07459,ekte
5536,67-79,2025,511,personer,ssb_07459,ekte
5536,80-89,2025,206,personer,ssb_07459,ekte
5536,90+,2025,32,personer,ssb_07459,ekte
5536,alle,2025,2734,personer,ssb_07459,ekte
5538,0-17,2025,280,personer,ssb_07459,ekte
5538,18-29,2025,255,personer,ssb_07459,ekte
5538,30-49,2025,381,personer,ssb_07459,ekte
5538,50-66,2025,434,personer,ssb_07459,ekte
5538,67-79,2025,374,personer,ssb_07459,ekte
5538,80-89,2025,88,personer,ssb_07459,ekte
5538,90+,2025,17,personer,ssb_07459,ekte
5538,alle,2025,1829,personer,ssb_07459,ekte
5540,0-17,2025,283,personer,ssb_07459,ekte
5540,18-29,2025,245,personer,ssb_07459,ekte
5540,30-49,2025,389,personer,ssb_07459,ekte
5540,50-66,2025,497,personer,ssb_07459,ekte
5540,67-79,2025,372,personer,ssb_07459,ekte
5540,80-89,2025,146,personer,ssb_07459,ekte
5540,90+,2025,23,personer,ssb_07459,ekte
5540,alle,2025,1955,personer,ssb_07459,ekte
5542,0-17,2025,509,personer,ssb_07459,ekte
5542,18-29,2025,391,personer,ssb_07459,ekte
5542,30-49,2025,710,personer,ssb_07459,ekte
5542,50-66,2025,601,personer,ssb_07459,ekte
5542,67-79,2025,393,personer,ssb_07459,ekte
5542,80-89,2025,157,personer,ssb_07459,ekte
5542,90+,2025,23,personer,ssb_07459,ekte
5542,alle,2025,2784,personer,ssb_07459,ekte
5544,0-17,2025,885,personer,ssb_07459,ekte
5544,18-29,2025,691,personer,ssb_07459,ekte
5544,30-49,2025,1095,personer,ssb_07459,ekte
5544,50-66,2025,1133,personer,ssb_07459,ekte
5544,67-79,2025,725,personer,ssb_07459,ekte
5544,80-89,2025,228,personer,ssb_07459,ekte
5544,90+,2025,53,personer,ssb_07459,ekte
5544,alle,2025,4810,personer,ssb_07459,ekte
5546,0-17,2025,165,personer,ssb_07459,ekte
5546,18-29,2025,143,personer,ssb_07459,ekte
5546,30-49,2025,208,personer,ssb_07459,ekte
5546,50-66,2025,314,personer,ssb_07459,ekte
5546,67-79,2025,199,personer,ssb_07459,ekte
5546,80-89,2025,85,personer,ssb_07459,ekte
5546,90+,2025,17,personer,ssb_07459,ekte
5546,alle,2025,1131,personer,ssb_07459,ekte
5601,0-17,2025,4899,personer,ssb_07459,ekte
5601,18-29,2025,3772,personer,ssb_07459,ekte
5601,30-49,2025,5562,personer,ssb_07459,ekte
5601,50-66,2025,4597,personer,ssb_07459,ekte
5601,67-79,2025,2253,personer,ssb_07459,ekte
5601,80-89,2025,669,personer,ssb_07459,ekte
5601,90+,2025,125,personer,ssb_07459,ekte
5601,alle,2025,21877,personer,ssb_07459,ekte
5603,0-17,2025,2165,personer,ssb_07459,ekte
5603,18-29,2025,1845,personer,ssb_07459,ekte
5603,30-49,2025,2923,personer,ssb_07459,ekte
5603,50-66,2025,2561,personer,ssb_07459,ekte
5603,67-79,2025,1310,personer,ssb_07459,ekte
5603,80-89,2025,449,personer,ssb_07459,ekte
5603,90+,2025,71,personer,ssb_07459,ekte
5603,alle,2025,11324,personer,ssb_07459,ekte
5605,0-17,2025,1756,personer,ssb_07459,ekte
5605,18-29,2025,1492,personer,ssb_07459,ekte
5605,30-49,2025,2502,personer,ssb_07459,ekte
5605,50-66,2025,2392,personer,ssb_07459,ekte
5605,67-79,2025,1297,personer,ssb_07459,ekte
5605,80-89,2025,447,personer,ssb_07459,ekte
5605,90+,2025,77,personer,ssb_07459,ekte
5605,alle,2025,9963,personer,ssb_07459,ekte
5607,0-17,2025,1008,personer,ssb_07459,ekte
5607,18-29,2025,892,personer,ssb_07459,ekte
5607,30-49,2025,1344,personer,ssb_07459,ekte
5607,50-66,2025,1447,personer,ssb_07459,ekte
5607,67-79,2025,751,personer,ssb_07459,ekte
5607,80-89,2025,281,personer,ssb_07459,ekte
5607,90+,2025,54,personer,ssb_07459,ekte
5607,alle,2025,5777,personer,ssb_07459,ekte
5610,0-17,2025,417,personer,ssb_07459,ekte
5610,18-29,2025,377,personer,ssb_07459,ekte
5610,30-49,2025,584,personer,ssb_07459,ekte
5610,50-66,2025,657,personer,ssb_07459,ekte
5610,67-79,2025,370,personer,ssb_07459,ekte
5610,80-89,2025,97,personer,ssb_07459,ekte
5610,90+,2025,22,personer,ssb_07459,ekte
5610,alle,2025,2524,personer,ssb_07459,ekte
5612,0-17,2025,589,personer,ssb_07459,ekte
5612,18-29,2025,384,personer,ssb_07459,ekte
5612,30-49,2025,711,personer,ssb_07459,ekte
5612,50-66,2025,657,personer,ssb_07459,ekte
5612,67-79,2025,387,personer,ssb_07459,ekte
5612,80-89,2025,107,personer,ssb_07459,ekte
5612,90+,2025,17,personer,ssb_07459,ekte
5612,alle,2025,2852,personer,ssb_07459,ekte
5614,0-17,2025,102,personer,ssb_07459,ekte
5614,18-29,2025,109,personer,ssb_07459,ekte
5614,30-49,2025,198,personer,ssb_07459,ekte
5614,50-66,2025,228,personer,ssb_07459,ekte
5614,67-79,2025,142,personer,ssb_07459,ekte
5614,80-89,2025,73,personer,ssb_07459,ekte
5614,90+,2025,12,personer,ssb_07459,ekte
5614,alle,2025,864,personer,ssb_07459,ekte
5616,0-17,2025,156,personer,ssb_07459,ekte
5616,18-29,2025,108,personer,ssb_07459,ekte
5616,30-49,2025,258,personer,ssb_07459,ekte
5616,50-66,2025,258,personer,ssb_07459,ekte
5616,67-79,2025,144,personer,ssb_07459,ekte
5616,80-89,2025,46,personer,ssb_07459,ekte
5616,90+,2025,7,personer,ssb_07459,ekte
5616,alle,2025,977,personer,ssb_07459,ekte
5618,0-17,2025,157,personer,ssb_07459,ekte
5618,18-29,2025,115,personer,ssb_07459,ekte
5618,30-49,2025,265,personer,ssb_07459,ekte
5618,50-66,2025,289,personer,ssb_07459,ekte
5618,67-79,2025,175,personer,ssb_07459,ekte
5618,80-89,2025,79,personer,ssb_07459,ekte
5618,90+,2025,18,personer,ssb_07459,ekte
5618,alle,2025,1098,personer,ssb_07459,ekte
5620,0-17,2025,420,personer,ssb_07459,ekte
5620,18-29,2025,454,personer,ssb_07459,ekte
5620,30-49,2025,704,personer,ssb_07459,ekte
5620,50-66,2025,778,personer,ssb_07459,ekte
5620,67-79,2025,440,personer,ssb_07459,ekte
5620,80-89,2025,135,personer,ssb_07459,ekte
5620,90+,2025,25,personer,ssb_07459,ekte
5620,alle,2025,2956,personer,ssb_07459,ekte
5622,0-17,2025,612,personer,ssb_07459,ekte
5622,18-29,2025,580,personer,ssb_07459,ekte
5622,30-49,2025,851,personer,ssb_07459,ekte
5622,50-66,2025,1005,personer,ssb_07459,ekte
5622,67-79,2025,665,personer,ssb_07459,ekte
5622,80-89,2025,156,personer,ssb_07459,ekte
5622,90+,2025,27,personer,ssb_07459,ekte
5622,alle,2025,3896,personer,ssb_07459,ekte
5624,0-17,2025,181,personer,ssb_07459,ekte
5624,18-29,2025,178,personer,ssb_07459,ekte
5624,30-49,2025,282,personer,ssb_07459,ekte
5624,50-66,2025,337,personer,ssb_07459,ekte
5624,67-79,2025,189,personer,ssb_07459,ekte
5624,80-89,2025,57,personer,ssb_07459,ekte
5624,90+,2025,14,personer,ssb_07459,ekte
5624,alle,2025,1238,personer,ssb_07459,ekte
5626,0-17,2025,146,personer,ssb_07459,ekte
5626,18-29,2025,127,personer,ssb_07459,ekte
5626,30-49,2025,284,personer,ssb_07459,ekte
5626,50-66,2025,274,personer,ssb_07459,ekte
5626,67-79,2025,161,personer,ssb_07459,ekte
5626,80-89,2025,56,personer,ssb_07459,ekte
5626,90+,2025,3,personer,ssb_07459,ekte
5626,alle,2025,1051,personer,ssb_07459,ekte
5628,0-17,2025,447,personer,ssb_07459,ekte
5628,18-29,2025,358,personer,ssb_07459,ekte
5628,30-49,2025,632,personer,ssb_07459,ekte
5628,50-66,2025,728,personer,ssb_07459,ekte
5628,67-79,2025,463,personer,ssb_07459,ekte
5628,80-89,2025,147,personer,ssb_07459,ekte
5628,90+,2025,23,personer,ssb_07459,ekte
5628,alle,2025,2798,personer,ssb_07459,ekte
5630,0-17,2025,119,personer,ssb_07459,ekte
5630,18-29,2025,108,personer,ssb_07459,ekte
5630,30-49,2025,213,personer,ssb_07459,ekte
5630,50-66,2025,248,personer,ssb_07459,ekte
5630,67-79,2025,153,personer,ssb_07459,ekte
5630,80-89,2025,42,personer,ssb_07459,ekte
5630,90+,2025,7,personer,ssb_07459,ekte
5630,alle,2025,890,personer,ssb_07459,ekte
5632,0-17,2025,347,personer,ssb_07459,ekte
5632,18-29,2025,327,personer,ssb_07459,ekte
5632,30-49,2025,559,personer,ssb_07459,ekte
5632,50-66,2025,525,personer,ssb_07459,ekte
5632,67-79,2025,264,personer,ssb_07459,ekte
5632,80-89,2025,74,personer,ssb_07459,ekte
5632,90+,2025,11,personer,ssb_07459,ekte
5632,alle,2025,2107,personer,ssb_07459,ekte
5634,0-17,2025,298,personer,ssb_07459,ekte
5634,18-29,2025,226,personer,ssb_07459,ekte
5634,30-49,2025,493,personer,ssb_07459,ekte
5634,50-66,2025,509,personer,ssb_07459,ekte
5634,67-79,2025,354,personer,ssb_07459,ekte
5634,80-89,2025,79,personer,ssb_07459,ekte
5634,90+,2025,23,personer,ssb_07459,ekte
5634,alle,2025,1982,personer,ssb_07459,ekte
5636,0-17,2025,134,personer,ssb_07459,ekte
5636,18-29,2025,84,personer,ssb_07459,ekte
5636,30-49,2025,206,personer,ssb_07459,ekte
5636,50-66,2025,207,personer,ssb_07459,ekte
5636,67-79,2025,162,personer,ssb_07459,ekte
5636,80-89,2025,65,personer,ssb_07459,ekte
5636,90+,2025,10,personer,ssb_07459,ekte
5636,alle,2025,868,personer,ssb_07459,ekte
3101,0-17,2026,5804,personer,ssb_07459,ekte
3101,18-29,2026,4451,personer,ssb_07459,ekte
3101,30-49,2026,7905,personer,ssb_07459,ekte
3101,50-66,2026,7421,personer,ssb_07459,ekte
3101,67-79,2026,4588,personer,ssb_07459,ekte
3101,80-89,2026,1583,personer,ssb_07459,ekte
3101,90+,2026,330,personer,ssb_07459,ekte
3101,alle,2026,32082,personer,ssb_07459,ekte
3103,0-17,2026,9876,personer,ssb_07459,ekte
3103,18-29,2026,6944,personer,ssb_07459,ekte
3103,30-49,2026,13484,personer,ssb_07459,ekte
3103,50-66,2026,12682,personer,ssb_07459,ekte
3103,67-79,2026,7133,personer,ssb_07459,ekte
3103,80-89,2026,2645,personer,ssb_07459,ekte
3103,90+,2026,443,personer,ssb_07459,ekte
3103,alle,2026,53207,personer,ssb_07459,ekte
3105,0-17,2026,12238,personer,ssb_07459,ekte
3105,18-29,2026,8377,personer,ssb_07459,ekte
3105,30-49,2026,15896,personer,ssb_07459,ekte
3105,50-66,2026,13376,personer,ssb_07459,ekte
3105,67-79,2026,7514,personer,ssb_07459,ekte
3105,80-89,2026,2784,personer,ssb_07459,ekte
3105,90+,2026,429,personer,ssb_07459,ekte
3105,alle,2026,60614,personer,ssb_07459,ekte
3107,0-17,2026,16113,personer,ssb_07459,ekte
3107,18-29,2026,11865,personer,ssb_07459,ekte
3107,30-49,2026,21794,personer,ssb_07459,ekte
3107,50-66,2026,20194,personer,ssb_07459,ekte
3107,67-79,2026,11683,personer,ssb_07459,ekte
3107,80-89,2026,3906,personer,ssb_07459,ekte
3107,90+,2026,688,personer,ssb_07459,ekte
3107,alle,2026,86243,personer,ssb_07459,ekte
3110,0-17,2026,676,personer,ssb_07459,ekte
3110,18-29,2026,421,personer,ssb_07459,ekte
3110,30-49,2026,853,personer,ssb_07459,ekte
3110,50-66,2026,1353,personer,ssb_07459,ekte
3110,67-79,2026,1083,personer,ssb_07459,ekte
3110,80-89,2026,291,personer,ssb_07459,ekte
3110,90+,2026,37,personer,ssb_07459,ekte
3110,alle,2026,4714,personer,ssb_07459,ekte
3112,0-17,2026,1498,personer,ssb_07459,ekte
3112,18-29,2026,994,personer,ssb_07459,ekte
3112,30-49,2026,1976,personer,ssb_07459,ekte
3112,50-66,2026,1819,personer,ssb_07459,ekte
3112,67-79,2026,1137,personer,ssb_07459,ekte
3112,80-89,2026,385,personer,ssb_07459,ekte
3112,90+,2026,83,personer,ssb_07459,ekte
3112,alle,2026,7892,personer,ssb_07459,ekte
3114,0-17,2026,1481,personer,ssb_07459,ekte
3114,18-29,2026,691,personer,ssb_07459,ekte
3114,30-49,2026,1869,personer,ssb_07459,ekte
3114,50-66,2026,1325,personer,ssb_07459,ekte
3114,67-79,2026,631,personer,ssb_07459,ekte
3114,80-89,2026,212,personer,ssb_07459,ekte
3114,90+,2026,20,personer,ssb_07459,ekte
3114,alle,2026,6229,personer,ssb_07459,ekte
3116,0-17,2026,754,personer,ssb_07459,ekte
3116,18-29,2026,544,personer,ssb_07459,ekte
3116,30-49,2026,1017,personer,ssb_07459,ekte
3116,50-66,2026,913,personer,ssb_07459,ekte
3116,67-79,2026,525,personer,ssb_07459,ekte
3116,80-89,2026,154,personer,ssb_07459,ekte
3116,90+,2026,33,personer,ssb_07459,ekte
3116,alle,2026,3940,personer,ssb_07459,ekte
3118,0-17,2026,9339,personer,ssb_07459,ekte
3118,18-29,2026,6205,personer,ssb_07459,ekte
3118,30-49,2026,12594,personer,ssb_07459,ekte
3118,50-66,2026,11214,personer,ssb_07459,ekte
3118,67-79,2026,6086,personer,ssb_07459,ekte
3118,80-89,2026,2135,personer,ssb_07459,ekte
3118,90+,2026,370,personer,ssb_07459,ekte
3118,alle,2026,47943,personer,ssb_07459,ekte
3120,0-17,2026,1657,personer,ssb_07459,ekte
3120,18-29,2026,1046,personer,ssb_07459,ekte
3120,30-49,2026,2174,personer,ssb_07459,ekte
3120,50-66,2026,1969,personer,ssb_07459,ekte
3120,67-79,2026,1280,personer,ssb_07459,ekte
3120,80-89,2026,381,personer,ssb_07459,ekte
3120,90+,2026,76,personer,ssb_07459,ekte
3120,alle,2026,8583,personer,ssb_07459,ekte
3122,0-17,2026,645,personer,ssb_07459,ekte
3122,18-29,2026,400,personer,ssb_07459,ekte
3122,30-49,2026,783,personer,ssb_07459,ekte
3122,50-66,2026,938,personer,ssb_07459,ekte
3122,67-79,2026,586,personer,ssb_07459,ekte
3122,80-89,2026,249,personer,ssb_07459,ekte
3122,90+,2026,46,personer,ssb_07459,ekte
3122,alle,2026,3647,personer,ssb_07459,ekte
3124,0-17,2026,235,personer,ssb_07459,ekte
3124,18-29,2026,158,personer,ssb_07459,ekte
3124,30-49,2026,276,personer,ssb_07459,ekte
3124,50-66,2026,367,personer,ssb_07459,ekte
3124,67-79,2026,222,personer,ssb_07459,ekte
3124,80-89,2026,83,personer,ssb_07459,ekte
3124,90+,2026,13,personer,ssb_07459,ekte
3124,alle,2026,1354,personer,ssb_07459,ekte
3201,0-17,2026,29199,personer,ssb_07459,ekte
3201,18-29,2026,16378,personer,ssb_07459,ekte
3201,30-49,2026,35796,personer,ssb_07459,ekte
3201,50-66,2026,29612,personer,ssb_07459,ekte
3201,67-79,2026,15146,personer,ssb_07459,ekte
3201,80-89,2026,5729,personer,ssb_07459,ekte
3201,90+,2026,1368,personer,ssb_07459,ekte
3201,alle,2026,133228,personer,ssb_07459,ekte
3203,0-17,2026,21972,personer,ssb_07459,ekte
3203,18-29,2026,12367,personer,ssb_07459,ekte
3203,30-49,2026,27093,personer,ssb_07459,ekte
3203,50-66,2026,23475,personer,ssb_07459,ekte
3203,67-79,2026,11434,personer,ssb_07459,ekte
3203,80-89,2026,4373,personer,ssb_07459,ekte
3203,90+,2026,795,personer,ssb_07459,ekte
3203,alle,2026,101509,personer,ssb_07459,ekte
3205,0-17,2026,19970,personer,ssb_07459,ekte
3205,18-29,2026,14267,personer,ssb_07459,ekte
3205,30-49,2026,27906,personer,ssb_07459,ekte
3205,50-66,2026,21194,personer,ssb_07459,ekte
3205,67-79,2026,9191,personer,ssb_07459,ekte
3205,80-89,2026,3614,personer,ssb_07459,ekte
3205,90+,2026,629,personer,ssb_07459,ekte
3205,alle,2026,96771,personer,ssb_07459,ekte
3207,0-17,2026,14470,personer,ssb_07459,ekte
3207,18-29,2026,8615,personer,ssb_07459,ekte
3207,30-49,2026,17596,personer,ssb_07459,ekte
3207,50-66,2026,14160,personer,ssb_07459,ekte
3207,67-79,2026,7122,personer,ssb_07459,ekte
3207,80-89,2026,2933,personer,ssb_07459,ekte
3207,90+,2026,485,personer,ssb_07459,ekte
3207,alle,2026,65381,personer,ssb_07459,ekte
3209,0-17,2026,10076,personer,ssb_07459,ekte
3209,18-29,2026,6887,personer,ssb_07459,ekte
3209,30-49,2026,13860,personer,ssb_07459,ekte
3209,50-66,2026,9677,personer,ssb_07459,ekte
3209,67-79,2026,3947,personer,ssb_07459,ekte
3209,80-89,2026,1345,personer,ssb_07459,ekte
3209,90+,2026,190,personer,ssb_07459,ekte
3209,alle,2026,45982,personer,ssb_07459,ekte
3212,0-17,2026,4717,personer,ssb_07459,ekte
3212,18-29,2026,2227,personer,ssb_07459,ekte
3212,30-49,2026,5496,personer,ssb_07459,ekte
3212,50-66,2026,4966,personer,ssb_07459,ekte
3212,67-79,2026,2644,personer,ssb_07459,ekte
3212,80-89,2026,809,personer,ssb_07459,ekte
3212,90+,2026,146,personer,ssb_07459,ekte
3212,alle,2026,21005,personer,ssb_07459,ekte
3214,0-17,2026,2966,personer,ssb_07459,ekte
3214,18-29,2026,1951,personer,ssb_07459,ekte
3214,30-49,2026,3689,personer,ssb_07459,ekte
3214,50-66,2026,4406,personer,ssb_07459,ekte
3214,67-79,2026,2355,personer,ssb_07459,ekte
3214,80-89,2026,943,personer,ssb_07459,ekte
3214,90+,2026,119,personer,ssb_07459,ekte
3214,alle,2026,16429,personer,ssb_07459,ekte
3216,0-17,2026,4410,personer,ssb_07459,ekte
3216,18-29,2026,2512,personer,ssb_07459,ekte
3216,30-49,2026,5390,personer,ssb_07459,ekte
3216,50-66,2026,4527,personer,ssb_07459,ekte
3216,67-79,2026,2398,personer,ssb_07459,ekte
3216,80-89,2026,835,personer,ssb_07459,ekte
3216,90+,2026,95,personer,ssb_07459,ekte
3216,alle,2026,20167,personer,ssb_07459,ekte
3218,0-17,2026,4686,personer,ssb_07459,ekte
3218,18-29,2026,4134,personer,ssb_07459,ekte
3218,30-49,2026,6367,personer,ssb_07459,ekte
3218,50-66,2026,4455,personer,ssb_07459,ekte
3218,67-79,2026,2091,personer,ssb_07459,ekte
3218,80-89,2026,826,personer,ssb_07459,ekte
3218,90+,2026,166,personer,ssb_07459,ekte
3218,alle,2026,22725,personer,ssb_07459,ekte
3220,0-17,2026,2443,personer,ssb_07459,ekte
3220,18-29,2026,1525,personer,ssb_07459,ekte
3220,30-49,2026,3239,personer,ssb_07459,ekte
3220,50-66,2026,2761,personer,ssb_07459,ekte
3220,67-79,2026,1257,personer,ssb_07459,ekte
3220,80-89,2026,415,personer,ssb_07459,ekte
3220,90+,2026,57,personer,ssb_07459,ekte
3220,alle,2026,11697,personer,ssb_07459,ekte
3222,0-17,2026,10673,personer,ssb_07459,ekte
3222,18-29,2026,7972,personer,ssb_07459,ekte
3222,30-49,2026,15488,personer,ssb_07459,ekte
3222,50-66,2026,10306,personer,ssb_07459,ekte
3222,67-79,2026,5053,personer,ssb_07459,ekte
3222,80-89,2026,1775,personer,ssb_07459,ekte
3222,90+,2026,244,personer,ssb_07459,ekte
3222,alle,2026,51511,personer,ssb_07459,ekte
3224,0-17,2026,4721,personer,ssb_07459,ekte
3224,18-29,2026,2881,personer,ssb_07459,ekte
3224,30-49,2026,6347,personer,ssb_07459,ekte
3224,50-66,2026,4390,personer,ssb_07459,ekte
3224,67-79,2026,1842,personer,ssb_07459,ekte
3224,80-89,2026,638,personer,ssb_07459,ekte
3224,90+,2026,85,personer,ssb_07459,ekte
3224,alle,2026,20904,personer,ssb_07459,ekte
3226,0-17,2026,3610,personer,ssb_07459,ekte
3226,18-29,2026,2148,personer,ssb_07459,ekte
3226,30-49,2026,4735,personer,ssb_07459,ekte
3226,50-66,2026,4460,personer,ssb_07459,ekte
3226,67-79,2026,2441,personer,ssb_07459,ekte
3226,80-89,2026,912,personer,ssb_07459,ekte
3226,90+,2026,152,personer,ssb_07459,ekte
3226,alle,2026,18458,personer,ssb_07459,ekte
3228,0-17,2026,5186,personer,ssb_07459,ekte
3228,18-29,2026,2993,personer,ssb_07459,ekte
3228,30-49,2026,6947,personer,ssb_07459,ekte
3228,50-66,2026,5734,personer,ssb_07459,ekte
3228,67-79,2026,3072,personer,ssb_07459,ekte
3228,80-89,2026,876,personer,ssb_07459,ekte
3228,90+,2026,140,personer,ssb_07459,ekte
3228,alle,2026,24948,personer,ssb_07459,ekte
3230,0-17,2026,1500,personer,ssb_07459,ekte
3230,18-29,2026,937,personer,ssb_07459,ekte
3230,30-49,2026,1944,personer,ssb_07459,ekte
3230,50-66,2026,1917,personer,ssb_07459,ekte
3230,67-79,2026,823,personer,ssb_07459,ekte
3230,80-89,2026,305,personer,ssb_07459,ekte
3230,90+,2026,52,personer,ssb_07459,ekte
3230,alle,2026,7478,personer,ssb_07459,ekte
3232,0-17,2026,5985,personer,ssb_07459,ekte
3232,18-29,2026,3140,personer,ssb_07459,ekte
3232,30-49,2026,7157,personer,ssb_07459,ekte
3232,50-66,2026,6132,personer,ssb_07459,ekte
3232,67-79,2026,2490,personer,ssb_07459,ekte
3232,80-89,2026,990,personer,ssb_07459,ekte
3232,90+,2026,138,personer,ssb_07459,ekte
3232,alle,2026,26032,personer,ssb_07459,ekte
3234,0-17,2026,1825,personer,ssb_07459,ekte
3234,18-29,2026,1107,personer,ssb_07459,ekte
3234,30-49,2026,2462,personer,ssb_07459,ekte
3234,50-66,2026,2269,personer,ssb_07459,ekte
3234,67-79,2026,1327,personer,ssb_07459,ekte
3234,80-89,2026,400,personer,ssb_07459,ekte
3234,90+,2026,73,personer,ssb_07459,ekte
3234,alle,2026,9463,personer,ssb_07459,ekte
3236,0-17,2026,1373,personer,ssb_07459,ekte
3236,18-29,2026,835,personer,ssb_07459,ekte
3236,30-49,2026,1771,personer,ssb_07459,ekte
3236,50-66,2026,1678,personer,ssb_07459,ekte
3236,67-79,2026,993,personer,ssb_07459,ekte
3236,80-89,2026,336,personer,ssb_07459,ekte
3236,90+,2026,54,personer,ssb_07459,ekte
3236,alle,2026,7040,personer,ssb_07459,ekte
3238,0-17,2026,3660,personer,ssb_07459,ekte
3238,18-29,2026,2305,personer,ssb_07459,ekte
3238,30-49,2026,5086,personer,ssb_07459,ekte
3238,50-66,2026,3510,personer,ssb_07459,ekte
3238,67-79,2026,1513,personer,ssb_07459,ekte
3238,80-89,2026,507,personer,ssb_07459,ekte
3238,90+,2026,81,personer,ssb_07459,ekte
3238,alle,2026,16662,personer,ssb_07459,ekte
3240,0-17,2026,6161,personer,ssb_07459,ekte
3240,18-29,2026,3751,personer,ssb_07459,ekte
3240,30-49,2026,8463,personer,ssb_07459,ekte
3240,50-66,2026,6006,personer,ssb_07459,ekte
3240,67-79,2026,3209,personer,ssb_07459,ekte
3240,80-89,2026,1012,personer,ssb_07459,ekte
3240,90+,2026,137,personer,ssb_07459,ekte
3240,alle,2026,28739,personer,ssb_07459,ekte
3242,0-17,2026,623,personer,ssb_07459,ekte
3242,18-29,2026,331,personer,ssb_07459,ekte
3242,30-49,2026,800,personer,ssb_07459,ekte
3242,50-66,2026,717,personer,ssb_07459,ekte
3242,67-79,2026,433,personer,ssb_07459,ekte
3242,80-89,2026,140,personer,ssb_07459,ekte
3242,90+,2026,34,personer,ssb_07459,ekte
3242,alle,2026,3078,personer,ssb_07459,ekte
0301,0-17,2026,131594,personer,ssb_07459,ekte
0301,18-29,2026,135803,personer,ssb_07459,ekte
0301,30-49,2026,241232,personer,ssb_07459,ekte
0301,50-66,2026,133040,personer,ssb_07459,ekte
0301,67-79,2026,61220,personer,ssb_07459,ekte
0301,80-89,2026,21260,personer,ssb_07459,ekte
0301,90+,2026,4565,personer,ssb_07459,ekte
0301,alle,2026,728714,personer,ssb_07459,ekte
3301,0-17,2026,20524,personer,ssb_07459,ekte
3301,18-29,2026,15160,personer,ssb_07459,ekte
3301,30-49,2026,29484,personer,ssb_07459,ekte
3301,50-66,2026,23141,personer,ssb_07459,ekte
3301,67-79,2026,12219,personer,ssb_07459,ekte
3301,80-89,2026,4673,personer,ssb_07459,ekte
3301,90+,2026,812,personer,ssb_07459,ekte
3301,alle,2026,106013,personer,ssb_07459,ekte
3303,0-17,2026,5393,personer,ssb_07459,ekte
3303,18-29,2026,4285,personer,ssb_07459,ekte
3303,30-49,2026,7621,personer,ssb_07459,ekte
3303,50-66,2026,6395,personer,ssb_07459,ekte
3303,67-79,2026,3845,personer,ssb_07459,ekte
3303,80-89,2026,1396,personer,ssb_07459,ekte
3303,90+,2026,234,personer,ssb_07459,ekte
3303,alle,2026,29169,personer,ssb_07459,ekte
3305,0-17,2026,5721,personer,ssb_07459,ekte
3305,18-29,2026,4179,personer,ssb_07459,ekte
3305,30-49,2026,8199,personer,ssb_07459,ekte
3305,50-66,2026,7389,personer,ssb_07459,ekte
3305,67-79,2026,4588,personer,ssb_07459,ekte
3305,80-89,2026,1600,personer,ssb_07459,ekte
3305,90+,2026,266,personer,ssb_07459,ekte
3305,alle,2026,31942,personer,ssb_07459,ekte
3310,0-17,2026,1538,personer,ssb_07459,ekte
3310,18-29,2026,742,personer,ssb_07459,ekte
3310,30-49,2026,1890,personer,ssb_07459,ekte
3310,50-66,2026,1720,personer,ssb_07459,ekte
3310,67-79,2026,973,personer,ssb_07459,ekte
3310,80-89,2026,287,personer,ssb_07459,ekte
3310,90+,2026,55,personer,ssb_07459,ekte
3310,alle,2026,7205,personer,ssb_07459,ekte
3312,0-17,2026,6197,personer,ssb_07459,ekte
3312,18-29,2026,3473,personer,ssb_07459,ekte
3312,30-49,2026,8037,personer,ssb_07459,ekte
3312,50-66,2026,6557,personer,ssb_07459,ekte
3312,67-79,2026,3192,personer,ssb_07459,ekte
3312,80-89,2026,1178,personer,ssb_07459,ekte
3312,90+,2026,163,personer,ssb_07459,ekte
3312,alle,2026,28797,personer,ssb_07459,ekte
3314,0-17,2026,4168,personer,ssb_07459,ekte
3314,18-29,2026,2745,personer,ssb_07459,ekte
3314,30-49,2026,5647,personer,ssb_07459,ekte
3314,50-66,2026,4755,personer,ssb_07459,ekte
3314,67-79,2026,2634,personer,ssb_07459,ekte
3314,80-89,2026,871,personer,ssb_07459,ekte
3314,90+,2026,145,personer,ssb_07459,ekte
3314,alle,2026,20965,personer,ssb_07459,ekte
3316,0-17,2026,2744,personer,ssb_07459,ekte
3316,18-29,2026,1808,personer,ssb_07459,ekte
3316,30-49,2026,3789,personer,ssb_07459,ekte
3316,50-66,2026,3356,personer,ssb_07459,ekte
3316,67-79,2026,2209,personer,ssb_07459,ekte
3316,80-89,2026,732,personer,ssb_07459,ekte
3316,90+,2026,138,personer,ssb_07459,ekte
3316,alle,2026,14776,personer,ssb_07459,ekte
3318,0-17,2026,417,personer,ssb_07459,ekte
3318,18-29,2026,235,personer,ssb_07459,ekte
3318,30-49,2026,588,personer,ssb_07459,ekte
3318,50-66,2026,520,personer,ssb_07459,ekte
3318,67-79,2026,393,personer,ssb_07459,ekte
3318,80-89,2026,98,personer,ssb_07459,ekte
3318,90+,2026,25,personer,ssb_07459,ekte
3318,alle,2026,2276,personer,ssb_07459,ekte
3320,0-17,2026,198,personer,ssb_07459,ekte
3320,18-29,2026,147,personer,ssb_07459,ekte
3320,30-49,2026,279,personer,ssb_07459,ekte
3320,50-66,2026,257,personer,ssb_07459,ekte
3320,67-79,2026,166,personer,ssb_07459,ekte
3320,80-89,2026,62,personer,ssb_07459,ekte
3320,90+,2026,13,personer,ssb_07459,ekte
3320,alle,2026,1122,personer,ssb_07459,ekte
3322,0-17,2026,502,personer,ssb_07459,ekte
3322,18-29,2026,374,personer,ssb_07459,ekte
3322,30-49,2026,727,personer,ssb_07459,ekte
3322,50-66,2026,798,personer,ssb_07459,ekte
3322,67-79,2026,608,personer,ssb_07459,ekte
3322,80-89,2026,182,personer,ssb_07459,ekte
3322,90+,2026,43,personer,ssb_07459,ekte
3322,alle,2026,3234,personer,ssb_07459,ekte
3324,0-17,2026,850,personer,ssb_07459,ekte
3324,18-29,2026,652,personer,ssb_07459,ekte
3324,30-49,2026,1202,personer,ssb_07459,ekte
3324,50-66,2026,1176,personer,ssb_07459,ekte
3324,67-79,2026,667,personer,ssb_07459,ekte
3324,80-89,2026,289,personer,ssb_07459,ekte
3324,90+,2026,66,personer,ssb_07459,ekte
3324,alle,2026,4902,personer,ssb_07459,ekte
3326,0-17,2026,525,personer,ssb_07459,ekte
3326,18-29,2026,326,personer,ssb_07459,ekte
3326,30-49,2026,831,personer,ssb_07459,ekte
3326,50-66,2026,617,personer,ssb_07459,ekte
3326,67-79,2026,284,personer,ssb_07459,ekte
3326,80-89,2026,99,personer,ssb_07459,ekte
3326,90+,2026,25,personer,ssb_07459,ekte
3326,alle,2026,2707,personer,ssb_07459,ekte
3328,0-17,2026,867,personer,ssb_07459,ekte
3328,18-29,2026,884,personer,ssb_07459,ekte
3328,30-49,2026,1116,personer,ssb_07459,ekte
3328,50-66,2026,1155,personer,ssb_07459,ekte
3328,67-79,2026,761,personer,ssb_07459,ekte
3328,80-89,2026,258,personer,ssb_07459,ekte
3328,90+,2026,65,personer,ssb_07459,ekte
3328,alle,2026,5106,personer,ssb_07459,ekte
3330,0-17,2026,729,personer,ssb_07459,ekte
3330,18-29,2026,561,personer,ssb_07459,ekte
3330,30-49,2026,1151,personer,ssb_07459,ekte
3330,50-66,2026,1097,personer,ssb_07459,ekte
3330,67-79,2026,725,personer,ssb_07459,ekte
3330,80-89,2026,254,personer,ssb_07459,ekte
3330,90+,2026,35,personer,ssb_07459,ekte
3330,alle,2026,4552,personer,ssb_07459,ekte
3332,0-17,2026,559,personer,ssb_07459,ekte
3332,18-29,2026,457,personer,ssb_07459,ekte
3332,30-49,2026,766,personer,ssb_07459,ekte
3332,50-66,2026,882,personer,ssb_07459,ekte
3332,67-79,2026,588,personer,ssb_07459,ekte
3332,80-89,2026,213,personer,ssb_07459,ekte
3332,90+,2026,49,personer,ssb_07459,ekte
3332,alle,2026,3514,personer,ssb_07459,ekte
3334,0-17,2026,526,personer,ssb_07459,ekte
3334,18-29,2026,345,personer,ssb_07459,ekte
3334,30-49,2026,665,personer,ssb_07459,ekte
3334,50-66,2026,666,personer,ssb_07459,ekte
3334,67-79,2026,410,personer,ssb_07459,ekte
3334,80-89,2026,153,personer,ssb_07459,ekte
3334,90+,2026,25,personer,ssb_07459,ekte
3334,alle,2026,2790,personer,ssb_07459,ekte
3336,0-17,2026,256,personer,ssb_07459,ekte
3336,18-29,2026,181,personer,ssb_07459,ekte
3336,30-49,2026,313,personer,ssb_07459,ekte
3336,50-66,2026,324,personer,ssb_07459,ekte
3336,67-79,2026,252,personer,ssb_07459,ekte
3336,80-89,2026,96,personer,ssb_07459,ekte
3336,90+,2026,30,personer,ssb_07459,ekte
3336,alle,2026,1452,personer,ssb_07459,ekte
3338,0-17,2026,391,personer,ssb_07459,ekte
3338,18-29,2026,315,personer,ssb_07459,ekte
3338,30-49,2026,504,personer,ssb_07459,ekte
3338,50-66,2026,650,personer,ssb_07459,ekte
3338,67-79,2026,412,personer,ssb_07459,ekte
3338,80-89,2026,145,personer,ssb_07459,ekte
3338,90+,2026,42,personer,ssb_07459,ekte
3338,alle,2026,2459,personer,ssb_07459,ekte
3401,0-17,2026,3115,personer,ssb_07459,ekte
3401,18-29,2026,2286,personer,ssb_07459,ekte
3401,30-49,2026,4186,personer,ssb_07459,ekte
3401,50-66,2026,4407,personer,ssb_07459,ekte
3401,67-79,2026,2951,personer,ssb_07459,ekte
3401,80-89,2026,1072,personer,ssb_07459,ekte
3401,90+,2026,174,personer,ssb_07459,ekte
3401,alle,2026,18191,personer,ssb_07459,ekte
3403,0-17,2026,6195,personer,ssb_07459,ekte
3403,18-29,2026,4722,personer,ssb_07459,ekte
3403,30-49,2026,8658,personer,ssb_07459,ekte
3403,50-66,2026,7219,personer,ssb_07459,ekte
3403,67-79,2026,4923,personer,ssb_07459,ekte
3403,80-89,2026,1749,personer,ssb_07459,ekte
3403,90+,2026,351,personer,ssb_07459,ekte
3403,alle,2026,33817,personer,ssb_07459,ekte
3405,0-17,2026,5431,personer,ssb_07459,ekte
3405,18-29,2026,5010,personer,ssb_07459,ekte
3405,30-49,2026,7089,personer,ssb_07459,ekte
3405,50-66,2026,6283,personer,ssb_07459,ekte
3405,67-79,2026,4018,personer,ssb_07459,ekte
3405,80-89,2026,1525,personer,ssb_07459,ekte
3405,90+,2026,313,personer,ssb_07459,ekte
3405,alle,2026,29669,personer,ssb_07459,ekte
3407,0-17,2026,5638,personer,ssb_07459,ekte
3407,18-29,2026,4898,personer,ssb_07459,ekte
3407,30-49,2026,7779,personer,ssb_07459,ekte
3407,50-66,2026,6969,personer,ssb_07459,ekte
3407,67-79,2026,4192,personer,ssb_07459,ekte
3407,80-89,2026,1600,personer,ssb_07459,ekte
3407,90+,2026,274,personer,ssb_07459,ekte
3407,alle,2026,31350,personer,ssb_07459,ekte
3411,0-17,2026,6831,personer,ssb_07459,ekte
3411,18-29,2026,4681,personer,ssb_07459,ekte
3411,30-49,2026,9211,personer,ssb_07459,ekte
3411,50-66,2026,8573,personer,ssb_07459,ekte
3411,67-79,2026,4893,personer,ssb_07459,ekte
3411,80-89,2026,1724,personer,ssb_07459,ekte
3411,90+,2026,286,personer,ssb_07459,ekte
3411,alle,2026,36199,personer,ssb_07459,ekte
3412,0-17,2026,1512,personer,ssb_07459,ekte
3412,18-29,2026,956,personer,ssb_07459,ekte
3412,30-49,2026,2056,personer,ssb_07459,ekte
3412,50-66,2026,1788,personer,ssb_07459,ekte
3412,67-79,2026,1172,personer,ssb_07459,ekte
3412,80-89,2026,410,personer,ssb_07459,ekte
3412,90+,2026,57,personer,ssb_07459,ekte
3412,alle,2026,7951,personer,ssb_07459,ekte
3413,0-17,2026,4371,personer,ssb_07459,ekte
3413,18-29,2026,2629,personer,ssb_07459,ekte
3413,30-49,2026,5635,personer,ssb_07459,ekte
3413,50-66,2026,4893,personer,ssb_07459,ekte
3413,67-79,2026,3089,personer,ssb_07459,ekte
3413,80-89,2026,1023,personer,ssb_07459,ekte
3413,90+,2026,199,personer,ssb_07459,ekte
3413,alle,2026,21839,personer,ssb_07459,ekte
3414,0-17,2026,746,personer,ssb_07459,ekte
3414,18-29,2026,623,personer,ssb_07459,ekte
3414,30-49,2026,1039,personer,ssb_07459,ekte
3414,50-66,2026,1330,personer,ssb_07459,ekte
3414,67-79,2026,904,personer,ssb_07459,ekte
3414,80-89,2026,292,personer,ssb_07459,ekte
3414,90+,2026,44,personer,ssb_07459,ekte
3414,alle,2026,4978,personer,ssb_07459,ekte
3415,0-17,2026,1376,personer,ssb_07459,ekte
3415,18-29,2026,949,personer,ssb_07459,ekte
3415,30-49,2026,1980,personer,ssb_07459,ekte
3415,50-66,2026,2125,personer,ssb_07459,ekte
3415,67-79,2026,1281,personer,ssb_07459,ekte
3415,80-89,2026,374,personer,ssb_07459,ekte
3415,90+,2026,80,personer,ssb_07459,ekte
3415,alle,2026,8165,personer,ssb_07459,ekte
3416,0-17,2026,937,personer,ssb_07459,ekte
3416,18-29,2026,653,personer,ssb_07459,ekte
3416,30-49,2026,1281,personer,ssb_07459,ekte
3416,50-66,2026,1684,personer,ssb_07459,ekte
3416,67-79,2026,1121,personer,ssb_07459,ekte
3416,80-89,2026,358,personer,ssb_07459,ekte
3416,90+,2026,69,personer,ssb_07459,ekte
3416,alle,2026,6103,personer,ssb_07459,ekte
3417,0-17,2026,611,personer,ssb_07459,ekte
3417,18-29,2026,485,personer,ssb_07459,ekte
3417,30-49,2026,896,personer,ssb_07459,ekte
3417,50-66,2026,1201,personer,ssb_07459,ekte
3417,67-79,2026,900,personer,ssb_07459,ekte
3417,80-89,2026,314,personer,ssb_07459,ekte
3417,90+,2026,56,personer,ssb_07459,ekte
3417,alle,2026,4463,personer,ssb_07459,ekte
3418,0-17,2026,1052,personer,ssb_07459,ekte
3418,18-29,2026,826,personer,ssb_07459,ekte
3418,30-49,2026,1527,personer,ssb_07459,ekte
3418,50-66,2026,1894,personer,ssb_07459,ekte
3418,67-79,2026,1346,personer,ssb_07459,ekte
3418,80-89,2026,505,personer,ssb_07459,ekte
3418,90+,2026,66,personer,ssb_07459,ekte
3418,alle,2026,7216,personer,ssb_07459,ekte
3419,0-17,2026,548,personer,ssb_07459,ekte
3419,18-29,2026,410,personer,ssb_07459,ekte
3419,30-49,2026,723,personer,ssb_07459,ekte
3419,50-66,2026,997,personer,ssb_07459,ekte
3419,67-79,2026,670,personer,ssb_07459,ekte
3419,80-89,2026,224,personer,ssb_07459,ekte
3419,90+,2026,42,personer,ssb_07459,ekte
3419,alle,2026,3614,personer,ssb_07459,ekte
3420,0-17,2026,4095,personer,ssb_07459,ekte
3420,18-29,2026,3177,personer,ssb_07459,ekte
3420,30-49,2026,5380,personer,ssb_07459,ekte
3420,50-66,2026,4872,personer,ssb_07459,ekte
3420,67-79,2026,3087,personer,ssb_07459,ekte
3420,80-89,2026,1130,personer,ssb_07459,ekte
3420,90+,2026,196,personer,ssb_07459,ekte
3420,alle,2026,21937,personer,ssb_07459,ekte
3421,0-17,2026,1024,personer,ssb_07459,ekte
3421,18-29,2026,763,personer,ssb_07459,ekte
3421,30-49,2026,1465,personer,ssb_07459,ekte
3421,50-66,2026,1665,personer,ssb_07459,ekte
3421,67-79,2026,1072,personer,ssb_07459,ekte
3421,80-89,2026,426,personer,ssb_07459,ekte
3421,90+,2026,59,personer,ssb_07459,ekte
3421,alle,2026,6474,personer,ssb_07459,ekte
3422,0-17,2026,679,personer,ssb_07459,ekte
3422,18-29,2026,731,personer,ssb_07459,ekte
3422,30-49,2026,881,personer,ssb_07459,ekte
3422,50-66,2026,987,personer,ssb_07459,ekte
3422,67-79,2026,646,personer,ssb_07459,ekte
3422,80-89,2026,221,personer,ssb_07459,ekte
3422,90+,2026,46,personer,ssb_07459,ekte
3422,alle,2026,4191,personer,ssb_07459,ekte
3423,0-17,2026,292,personer,ssb_07459,ekte
3423,18-29,2026,256,personer,ssb_07459,ekte
3423,30-49,2026,457,personer,ssb_07459,ekte
3423,50-66,2026,600,personer,ssb_07459,ekte
3423,67-79,2026,454,personer,ssb_07459,ekte
3423,80-89,2026,144,personer,ssb_07459,ekte
3423,90+,2026,36,personer,ssb_07459,ekte
3423,alle,2026,2239,personer,ssb_07459,ekte
3424,0-17,2026,274,personer,ssb_07459,ekte
3424,18-29,2026,209,personer,ssb_07459,ekte
3424,30-49,2026,328,personer,ssb_07459,ekte
3424,50-66,2026,482,personer,ssb_07459,ekte
3424,67-79,2026,384,personer,ssb_07459,ekte
3424,80-89,2026,133,personer,ssb_07459,ekte
3424,90+,2026,26,personer,ssb_07459,ekte
3424,alle,2026,1836,personer,ssb_07459,ekte
3425,0-17,2026,182,personer,ssb_07459,ekte
3425,18-29,2026,153,personer,ssb_07459,ekte
3425,30-49,2026,232,personer,ssb_07459,ekte
3425,50-66,2026,346,personer,ssb_07459,ekte
3425,67-79,2026,253,personer,ssb_07459,ekte
3425,80-89,2026,108,personer,ssb_07459,ekte
3425,90+,2026,13,personer,ssb_07459,ekte
3425,alle,2026,1287,personer,ssb_07459,ekte
3426,0-17,2026,351,personer,ssb_07459,ekte
3426,18-29,2026,186,personer,ssb_07459,ekte
3426,30-49,2026,373,personer,ssb_07459,ekte
3426,50-66,2026,356,personer,ssb_07459,ekte
3426,67-79,2026,253,personer,ssb_07459,ekte
3426,80-89,2026,77,personer,ssb_07459,ekte
3426,90+,2026,13,personer,ssb_07459,ekte
3426,alle,2026,1609,personer,ssb_07459,ekte
3427,0-17,2026,1152,personer,ssb_07459,ekte
3427,18-29,2026,770,personer,ssb_07459,ekte
3427,30-49,2026,1370,personer,ssb_07459,ekte
3427,50-66,2026,1214,personer,ssb_07459,ekte
3427,67-79,2026,919,personer,ssb_07459,ekte
3427,80-89,2026,282,personer,ssb_07459,ekte
3427,90+,2026,55,personer,ssb_07459,ekte
3427,alle,2026,5762,personer,ssb_07459,ekte
3428,0-17,2026,521,personer,ssb_07459,ekte
3428,18-29,2026,322,personer,ssb_07459,ekte
3428,30-49,2026,555,personer,ssb_07459,ekte
3428,50-66,2026,583,personer,ssb_07459,ekte
3428,67-79,2026,355,personer,ssb_07459,ekte
3428,80-89,2026,127,personer,ssb_07459,ekte
3428,90+,2026,29,personer,ssb_07459,ekte
3428,alle,2026,2492,personer,ssb_07459,ekte
3429,0-17,2026,232,personer,ssb_07459,ekte
3429,18-29,2026,178,personer,ssb_07459,ekte
3429,30-49,2026,304,personer,ssb_07459,ekte
3429,50-66,2026,385,personer,ssb_07459,ekte
3429,67-79,2026,293,personer,ssb_07459,ekte
3429,80-89,2026,112,personer,ssb_07459,ekte
3429,90+,2026,21,personer,ssb_07459,ekte
3429,alle,2026,1525,personer,ssb_07459,ekte
3430,0-17,2026,281,personer,ssb_07459,ekte
3430,18-29,2026,246,personer,ssb_07459,ekte
3430,30-49,2026,379,personer,ssb_07459,ekte
3430,50-66,2026,510,personer,ssb_07459,ekte
3430,67-79,2026,318,personer,ssb_07459,ekte
3430,80-89,2026,121,personer,ssb_07459,ekte
3430,90+,2026,16,personer,ssb_07459,ekte
3430,alle,2026,1871,personer,ssb_07459,ekte
3431,0-17,2026,393,personer,ssb_07459,ekte
3431,18-29,2026,306,personer,ssb_07459,ekte
3431,30-49,2026,519,personer,ssb_07459,ekte
3431,50-66,2026,611,personer,ssb_07459,ekte
3431,67-79,2026,453,personer,ssb_07459,ekte
3431,80-89,2026,200,personer,ssb_07459,ekte
3431,90+,2026,41,personer,ssb_07459,ekte
3431,alle,2026,2523,personer,ssb_07459,ekte
3432,0-17,2026,352,personer,ssb_07459,ekte
3432,18-29,2026,259,personer,ssb_07459,ekte
3432,30-49,2026,396,personer,ssb_07459,ekte
3432,50-66,2026,452,personer,ssb_07459,ekte
3432,67-79,2026,358,personer,ssb_07459,ekte
3432,80-89,2026,123,personer,ssb_07459,ekte
3432,90+,2026,26,personer,ssb_07459,ekte
3432,alle,2026,1966,personer,ssb_07459,ekte
3433,0-17,2026,344,personer,ssb_07459,ekte
3433,18-29,2026,266,personer,ssb_07459,ekte
3433,30-49,2026,471,personer,ssb_07459,ekte
3433,50-66,2026,522,personer,ssb_07459,ekte
3433,67-79,2026,396,personer,ssb_07459,ekte
3433,80-89,2026,157,personer,ssb_07459,ekte
3433,90+,2026,29,personer,ssb_07459,ekte
3433,alle,2026,2185,personer,ssb_07459,ekte
3434,0-17,2026,388,personer,ssb_07459,ekte
3434,18-29,2026,283,personer,ssb_07459,ekte
3434,30-49,2026,476,personer,ssb_07459,ekte
3434,50-66,2026,553,personer,ssb_07459,ekte
3434,67-79,2026,377,personer,ssb_07459,ekte
3434,80-89,2026,134,personer,ssb_07459,ekte
3434,90+,2026,28,personer,ssb_07459,ekte
3434,alle,2026,2239,personer,ssb_07459,ekte
3435,0-17,2026,633,personer,ssb_07459,ekte
3435,18-29,2026,479,personer,ssb_07459,ekte
3435,30-49,2026,763,personer,ssb_07459,ekte
3435,50-66,2026,832,personer,ssb_07459,ekte
3435,67-79,2026,573,personer,ssb_07459,ekte
3435,80-89,2026,235,personer,ssb_07459,ekte
3435,90+,2026,38,personer,ssb_07459,ekte
3435,alle,2026,3553,personer,ssb_07459,ekte
3436,0-17,2026,923,personer,ssb_07459,ekte
3436,18-29,2026,685,personer,ssb_07459,ekte
3436,30-49,2026,1149,personer,ssb_07459,ekte
3436,50-66,2026,1390,personer,ssb_07459,ekte
3436,67-79,2026,897,personer,ssb_07459,ekte
3436,80-89,2026,383,personer,ssb_07459,ekte
3436,90+,2026,66,personer,ssb_07459,ekte
3436,alle,2026,5493,personer,ssb_07459,ekte
3437,0-17,2026,912,personer,ssb_07459,ekte
3437,18-29,2026,709,personer,ssb_07459,ekte
3437,30-49,2026,1112,personer,ssb_07459,ekte
3437,50-66,2026,1351,personer,ssb_07459,ekte
3437,67-79,2026,943,personer,ssb_07459,ekte
3437,80-89,2026,352,personer,ssb_07459,ekte
3437,90+,2026,90,personer,ssb_07459,ekte
3437,alle,2026,5469,personer,ssb_07459,ekte
3438,0-17,2026,561,personer,ssb_07459,ekte
3438,18-29,2026,390,personer,ssb_07459,ekte
3438,30-49,2026,668,personer,ssb_07459,ekte
3438,50-66,2026,789,personer,ssb_07459,ekte
3438,67-79,2026,492,personer,ssb_07459,ekte
3438,80-89,2026,175,personer,ssb_07459,ekte
3438,90+,2026,33,personer,ssb_07459,ekte
3438,alle,2026,3108,personer,ssb_07459,ekte
3439,0-17,2026,825,personer,ssb_07459,ekte
3439,18-29,2026,529,personer,ssb_07459,ekte
3439,30-49,2026,1039,personer,ssb_07459,ekte
3439,50-66,2026,1054,personer,ssb_07459,ekte
3439,67-79,2026,709,personer,ssb_07459,ekte
3439,80-89,2026,282,personer,ssb_07459,ekte
3439,90+,2026,59,personer,ssb_07459,ekte
3439,alle,2026,4497,personer,ssb_07459,ekte
3440,0-17,2026,977,personer,ssb_07459,ekte
3440,18-29,2026,597,personer,ssb_07459,ekte
3440,30-49,2026,1259,personer,ssb_07459,ekte
3440,50-66,2026,1232,personer,ssb_07459,ekte
3440,67-79,2026,743,personer,ssb_07459,ekte
3440,80-89,2026,273,personer,ssb_07459,ekte
3440,90+,2026,49,personer,ssb_07459,ekte
3440,alle,2026,5130,personer,ssb_07459,ekte
3441,0-17,2026,1047,personer,ssb_07459,ekte
3441,18-29,2026,748,personer,ssb_07459,ekte
3441,30-49,2026,1425,personer,ssb_07459,ekte
3441,50-66,2026,1564,personer,ssb_07459,ekte
3441,67-79,2026,920,personer,ssb_07459,ekte
3441,80-89,2026,369,personer,ssb_07459,ekte
3441,90+,2026,74,personer,ssb_07459,ekte
3441,alle,2026,6147,personer,ssb_07459,ekte
3442,0-17,2026,2675,personer,ssb_07459,ekte
3442,18-29,2026,1839,personer,ssb_07459,ekte
3442,30-49,2026,3461,personer,ssb_07459,ekte
3442,50-66,2026,3741,personer,ssb_07459,ekte
3442,67-79,2026,2263,personer,ssb_07459,ekte
3442,80-89,2026,799,personer,ssb_07459,ekte
3442,90+,2026,147,personer,ssb_07459,ekte
3442,alle,2026,14925,personer,ssb_07459,ekte
3443,0-17,2026,2380,personer,ssb_07459,ekte
3443,18-29,2026,1872,personer,ssb_07459,ekte
3443,30-49,2026,3337,personer,ssb_07459,ekte
3443,50-66,2026,3214,personer,ssb_07459,ekte
3443,67-79,2026,1943,personer,ssb_07459,ekte
3443,80-89,2026,731,personer,ssb_07459,ekte
3443,90+,2026,135,personer,ssb_07459,ekte
3443,alle,2026,13612,personer,ssb_07459,ekte
3446,0-17,2026,2369,personer,ssb_07459,ekte
3446,18-29,2026,1691,personer,ssb_07459,ekte
3446,30-49,2026,3160,personer,ssb_07459,ekte
3446,50-66,2026,3523,personer,ssb_07459,ekte
3446,67-79,2026,2050,personer,ssb_07459,ekte
3446,80-89,2026,755,personer,ssb_07459,ekte
3446,90+,2026,141,personer,ssb_07459,ekte
3446,alle,2026,13689,personer,ssb_07459,ekte
3447,0-17,2026,897,personer,ssb_07459,ekte
3447,18-29,2026,663,personer,ssb_07459,ekte
3447,30-49,2026,1251,personer,ssb_07459,ekte
3447,50-66,2026,1506,personer,ssb_07459,ekte
3447,67-79,2026,944,personer,ssb_07459,ekte
3447,80-89,2026,294,personer,ssb_07459,ekte
3447,90+,2026,48,personer,ssb_07459,ekte
3447,alle,2026,5603,personer,ssb_07459,ekte
3448,0-17,2026,1141,personer,ssb_07459,ekte
3448,18-29,2026,753,personer,ssb_07459,ekte
3448,30-49,2026,1420,personer,ssb_07459,ekte
3448,50-66,2026,1676,personer,ssb_07459,ekte
3448,67-79,2026,1081,personer,ssb_07459,ekte
3448,80-89,2026,372,personer,ssb_07459,ekte
3448,90+,2026,67,personer,ssb_07459,ekte
3448,alle,2026,6510,personer,ssb_07459,ekte
3449,0-17,2026,458,personer,ssb_07459,ekte
3449,18-29,2026,366,personer,ssb_07459,ekte
3449,30-49,2026,583,personer,ssb_07459,ekte
3449,50-66,2026,724,personer,ssb_07459,ekte
3449,67-79,2026,479,personer,ssb_07459,ekte
3449,80-89,2026,201,personer,ssb_07459,ekte
3449,90+,2026,30,personer,ssb_07459,ekte
3449,alle,2026,2841,personer,ssb_07459,ekte
3450,0-17,2026,274,personer,ssb_07459,ekte
3450,18-29,2026,291,personer,ssb_07459,ekte
3450,30-49,2026,314,personer,ssb_07459,ekte
3450,50-66,2026,374,personer,ssb_07459,ekte
3450,67-79,2026,221,personer,ssb_07459,ekte
3450,80-89,2026,95,personer,ssb_07459,ekte
3450,90+,2026,24,personer,ssb_07459,ekte
3450,alle,2026,1593,personer,ssb_07459,ekte
3451,0-17,2026,1125,personer,ssb_07459,ekte
3451,18-29,2026,773,personer,ssb_07459,ekte
3451,30-49,2026,1486,personer,ssb_07459,ekte
3451,50-66,2026,1494,personer,ssb_07459,ekte
3451,67-79,2026,1108,personer,ssb_07459,ekte
3451,80-89,2026,365,personer,ssb_07459,ekte
3451,90+,2026,73,personer,ssb_07459,ekte
3451,alle,2026,6424,personer,ssb_07459,ekte
3452,0-17,2026,375,personer,ssb_07459,ekte
3452,18-29,2026,278,personer,ssb_07459,ekte
3452,30-49,2026,519,personer,ssb_07459,ekte
3452,50-66,2026,545,personer,ssb_07459,ekte
3452,67-79,2026,343,personer,ssb_07459,ekte
3452,80-89,2026,118,personer,ssb_07459,ekte
3452,90+,2026,12,personer,ssb_07459,ekte
3452,alle,2026,2190,personer,ssb_07459,ekte
3453,0-17,2026,567,personer,ssb_07459,ekte
3453,18-29,2026,391,personer,ssb_07459,ekte
3453,30-49,2026,824,personer,ssb_07459,ekte
3453,50-66,2026,803,personer,ssb_07459,ekte
3453,67-79,2026,532,personer,ssb_07459,ekte
3453,80-89,2026,204,personer,ssb_07459,ekte
3453,90+,2026,26,personer,ssb_07459,ekte
3453,alle,2026,3347,personer,ssb_07459,ekte
3454,0-17,2026,308,personer,ssb_07459,ekte
3454,18-29,2026,212,personer,ssb_07459,ekte
3454,30-49,2026,384,personer,ssb_07459,ekte
3454,50-66,2026,390,personer,ssb_07459,ekte
3454,67-79,2026,259,personer,ssb_07459,ekte
3454,80-89,2026,95,personer,ssb_07459,ekte
3454,90+,2026,18,personer,ssb_07459,ekte
3454,alle,2026,1666,personer,ssb_07459,ekte
3901,0-17,2026,5132,personer,ssb_07459,ekte
3901,18-29,2026,3825,personer,ssb_07459,ekte
3901,30-49,2026,6848,personer,ssb_07459,ekte
3901,50-66,2026,6665,personer,ssb_07459,ekte
3901,67-79,2026,3981,personer,ssb_07459,ekte
3901,80-89,2026,1454,personer,ssb_07459,ekte
3901,90+,2026,268,personer,ssb_07459,ekte
3901,alle,2026,28173,personer,ssb_07459,ekte
3903,0-17,2026,5166,personer,ssb_07459,ekte
3903,18-29,2026,3352,personer,ssb_07459,ekte
3903,30-49,2026,7124,personer,ssb_07459,ekte
3903,50-66,2026,6284,personer,ssb_07459,ekte
3903,67-79,2026,3746,personer,ssb_07459,ekte
3903,80-89,2026,1223,personer,ssb_07459,ekte
3903,90+,2026,191,personer,ssb_07459,ekte
3903,alle,2026,27086,personer,ssb_07459,ekte
3905,0-17,2026,11591,personer,ssb_07459,ekte
3905,18-29,2026,8183,personer,ssb_07459,ekte
3905,30-49,2026,16234,personer,ssb_07459,ekte
3905,50-66,2026,13449,personer,ssb_07459,ekte
3905,67-79,2026,7634,personer,ssb_07459,ekte
3905,80-89,2026,2647,personer,ssb_07459,ekte
3905,90+,2026,508,personer,ssb_07459,ekte
3905,alle,2026,60246,personer,ssb_07459,ekte
3907,0-17,2026,13080,personer,ssb_07459,ekte
3907,18-29,2026,8710,personer,ssb_07459,ekte
3907,30-49,2026,17325,personer,ssb_07459,ekte
3907,50-66,2026,15350,personer,ssb_07459,ekte
3907,67-79,2026,8827,personer,ssb_07459,ekte
3907,80-89,2026,3171,personer,ssb_07459,ekte
3907,90+,2026,599,personer,ssb_07459,ekte
3907,alle,2026,67062,personer,ssb_07459,ekte
3909,0-17,2026,9073,personer,ssb_07459,ekte
3909,18-29,2026,5956,personer,ssb_07459,ekte
3909,30-49,2026,12036,personer,ssb_07459,ekte
3909,50-66,2026,11458,personer,ssb_07459,ekte
3909,67-79,2026,7476,personer,ssb_07459,ekte
3909,80-89,2026,2500,personer,ssb_07459,ekte
3909,90+,2026,523,personer,ssb_07459,ekte
3909,alle,2026,49022,personer,ssb_07459,ekte
3911,0-17,2026,5354,personer,ssb_07459,ekte
3911,18-29,2026,3090,personer,ssb_07459,ekte
3911,30-49,2026,6625,personer,ssb_07459,ekte
3911,50-66,2026,6620,personer,ssb_07459,ekte
3911,67-79,2026,4268,personer,ssb_07459,ekte
3911,80-89,2026,1489,personer,ssb_07459,ekte
3911,90+,2026,297,personer,ssb_07459,ekte
3911,alle,2026,27743,personer,ssb_07459,ekte
4001,0-17,2026,6924,personer,ssb_07459,ekte
4001,18-29,2026,5138,personer,ssb_07459,ekte
4001,30-49,2026,9511,personer,ssb_07459,ekte
4001,50-66,2026,8626,personer,ssb_07459,ekte
4001,67-79,2026,5045,personer,ssb_07459,ekte
4001,80-89,2026,1859,personer,ssb_07459,ekte
4001,90+,2026,332,personer,ssb_07459,ekte
4001,alle,2026,37435,personer,ssb_07459,ekte
4003,0-17,2026,10888,personer,ssb_07459,ekte
4003,18-29,2026,7596,personer,ssb_07459,ekte
4003,30-49,2026,14494,personer,ssb_07459,ekte
4003,50-66,2026,12925,personer,ssb_07459,ekte
4003,67-79,2026,7740,personer,ssb_07459,ekte
4003,80-89,2026,2777,personer,ssb_07459,ekte
4003,90+,2026,486,personer,ssb_07459,ekte
4003,alle,2026,56906,personer,ssb_07459,ekte
4005,0-17,2026,2462,personer,ssb_07459,ekte
4005,18-29,2026,1733,personer,ssb_07459,ekte
4005,30-49,2026,3282,personer,ssb_07459,ekte
4005,50-66,2026,3102,personer,ssb_07459,ekte
4005,67-79,2026,1947,personer,ssb_07459,ekte
4005,80-89,2026,720,personer,ssb_07459,ekte
4005,90+,2026,143,personer,ssb_07459,ekte
4005,alle,2026,13389,personer,ssb_07459,ekte
4010,0-17,2026,492,personer,ssb_07459,ekte
4010,18-29,2026,254,personer,ssb_07459,ekte
4010,30-49,2026,612,personer,ssb_07459,ekte
4010,50-66,2026,507,personer,ssb_07459,ekte
4010,67-79,2026,348,personer,ssb_07459,ekte
4010,80-89,2026,133,personer,ssb_07459,ekte
4010,90+,2026,31,personer,ssb_07459,ekte
4010,alle,2026,2377,personer,ssb_07459,ekte
4012,0-17,2026,2600,personer,ssb_07459,ekte
4012,18-29,2026,1817,personer,ssb_07459,ekte
4012,30-49,2026,3334,personer,ssb_07459,ekte
4012,50-66,2026,3400,personer,ssb_07459,ekte
4012,67-79,2026,2221,personer,ssb_07459,ekte
4012,80-89,2026,790,personer,ssb_07459,ekte
4012,90+,2026,105,personer,ssb_07459,ekte
4012,alle,2026,14267,personer,ssb_07459,ekte
4014,0-17,2026,1744,personer,ssb_07459,ekte
4014,18-29,2026,1160,personer,ssb_07459,ekte
4014,30-49,2026,2292,personer,ssb_07459,ekte
4014,50-66,2026,2605,personer,ssb_07459,ekte
4014,67-79,2026,1862,personer,ssb_07459,ekte
4014,80-89,2026,617,personer,ssb_07459,ekte
4014,90+,2026,98,personer,ssb_07459,ekte
4014,alle,2026,10378,personer,ssb_07459,ekte
4016,0-17,2026,739,personer,ssb_07459,ekte
4016,18-29,2026,549,personer,ssb_07459,ekte
4016,30-49,2026,908,personer,ssb_07459,ekte
4016,50-66,2026,990,personer,ssb_07459,ekte
4016,67-79,2026,632,personer,ssb_07459,ekte
4016,80-89,2026,196,personer,ssb_07459,ekte
4016,90+,2026,42,personer,ssb_07459,ekte
4016,alle,2026,4056,personer,ssb_07459,ekte
4018,0-17,2026,1154,personer,ssb_07459,ekte
4018,18-29,2026,848,personer,ssb_07459,ekte
4018,30-49,2026,1503,personer,ssb_07459,ekte
4018,50-66,2026,1630,personer,ssb_07459,ekte
4018,67-79,2026,1016,personer,ssb_07459,ekte
4018,80-89,2026,322,personer,ssb_07459,ekte
4018,90+,2026,56,personer,ssb_07459,ekte
4018,alle,2026,6529,personer,ssb_07459,ekte
4020,0-17,2026,2125,personer,ssb_07459,ekte
4020,18-29,2026,1862,personer,ssb_07459,ekte
4020,30-49,2026,2772,personer,ssb_07459,ekte
4020,50-66,2026,2269,personer,ssb_07459,ekte
4020,67-79,2026,1481,personer,ssb_07459,ekte
4020,80-89,2026,542,personer,ssb_07459,ekte
4020,90+,2026,106,personer,ssb_07459,ekte
4020,alle,2026,11157,personer,ssb_07459,ekte
4022,0-17,2026,547,personer,ssb_07459,ekte
4022,18-29,2026,352,personer,ssb_07459,ekte
4022,30-49,2026,684,personer,ssb_07459,ekte
4022,50-66,2026,683,personer,ssb_07459,ekte
4022,67-79,2026,484,personer,ssb_07459,ekte
4022,80-89,2026,174,personer,ssb_07459,ekte
4022,90+,2026,35,personer,ssb_07459,ekte
4022,alle,2026,2959,personer,ssb_07459,ekte
4024,0-17,2026,316,personer,ssb_07459,ekte
4024,18-29,2026,225,personer,ssb_07459,ekte
4024,30-49,2026,325,personer,ssb_07459,ekte
4024,50-66,2026,386,personer,ssb_07459,ekte
4024,67-79,2026,272,personer,ssb_07459,ekte
4024,80-89,2026,94,personer,ssb_07459,ekte
4024,90+,2026,20,personer,ssb_07459,ekte
4024,alle,2026,1638,personer,ssb_07459,ekte
4026,0-17,2026,854,personer,ssb_07459,ekte
4026,18-29,2026,685,personer,ssb_07459,ekte
4026,30-49,2026,1162,personer,ssb_07459,ekte
4026,50-66,2026,1468,personer,ssb_07459,ekte
4026,67-79,2026,964,personer,ssb_07459,ekte
4026,80-89,2026,321,personer,ssb_07459,ekte
4026,90+,2026,61,personer,ssb_07459,ekte
4026,alle,2026,5515,personer,ssb_07459,ekte
4028,0-17,2026,410,personer,ssb_07459,ekte
4028,18-29,2026,285,personer,ssb_07459,ekte
4028,30-49,2026,535,personer,ssb_07459,ekte
4028,50-66,2026,661,personer,ssb_07459,ekte
4028,67-79,2026,388,personer,ssb_07459,ekte
4028,80-89,2026,148,personer,ssb_07459,ekte
4028,90+,2026,36,personer,ssb_07459,ekte
4028,alle,2026,2463,personer,ssb_07459,ekte
4030,0-17,2026,307,personer,ssb_07459,ekte
4030,18-29,2026,155,personer,ssb_07459,ekte
4030,30-49,2026,316,personer,ssb_07459,ekte
4030,50-66,2026,364,personer,ssb_07459,ekte
4030,67-79,2026,287,personer,ssb_07459,ekte
4030,80-89,2026,71,personer,ssb_07459,ekte
4030,90+,2026,9,personer,ssb_07459,ekte
4030,alle,2026,1509,personer,ssb_07459,ekte
4032,0-17,2026,229,personer,ssb_07459,ekte
4032,18-29,2026,150,personer,ssb_07459,ekte
4032,30-49,2026,301,personer,ssb_07459,ekte
4032,50-66,2026,316,personer,ssb_07459,ekte
4032,67-79,2026,200,personer,ssb_07459,ekte
4032,80-89,2026,68,personer,ssb_07459,ekte
4032,90+,2026,10,personer,ssb_07459,ekte
4032,alle,2026,1274,personer,ssb_07459,ekte
4034,0-17,2026,406,personer,ssb_07459,ekte
4034,18-29,2026,270,personer,ssb_07459,ekte
4034,30-49,2026,505,personer,ssb_07459,ekte
4034,50-66,2026,565,personer,ssb_07459,ekte
4034,67-79,2026,354,personer,ssb_07459,ekte
4034,80-89,2026,110,personer,ssb_07459,ekte
4034,90+,2026,32,personer,ssb_07459,ekte
4034,alle,2026,2242,personer,ssb_07459,ekte
4036,0-17,2026,729,personer,ssb_07459,ekte
4036,18-29,2026,484,personer,ssb_07459,ekte
4036,30-49,2026,886,personer,ssb_07459,ekte
4036,50-66,2026,900,personer,ssb_07459,ekte
4036,67-79,2026,572,personer,ssb_07459,ekte
4036,80-89,2026,216,personer,ssb_07459,ekte
4036,90+,2026,42,personer,ssb_07459,ekte
4036,alle,2026,3829,personer,ssb_07459,ekte
4201,0-17,2026,1137,personer,ssb_07459,ekte
4201,18-29,2026,757,personer,ssb_07459,ekte
4201,30-49,2026,1458,personer,ssb_07459,ekte
4201,50-66,2026,1675,personer,ssb_07459,ekte
4201,67-79,2026,1213,personer,ssb_07459,ekte
4201,80-89,2026,366,personer,ssb_07459,ekte
4201,90+,2026,77,personer,ssb_07459,ekte
4201,alle,2026,6683,personer,ssb_07459,ekte
4202,0-17,2026,5388,personer,ssb_07459,ekte
4202,18-29,2026,4227,personer,ssb_07459,ekte
4202,30-49,2026,6558,personer,ssb_07459,ekte
4202,50-66,2026,5255,personer,ssb_07459,ekte
4202,67-79,2026,2902,personer,ssb_07459,ekte
4202,80-89,2026,1050,personer,ssb_07459,ekte
4202,90+,2026,189,personer,ssb_07459,ekte
4202,alle,2026,25569,personer,ssb_07459,ekte
4203,0-17,2026,8926,personer,ssb_07459,ekte
4203,18-29,2026,6185,personer,ssb_07459,ekte
4203,30-49,2026,11722,personer,ssb_07459,ekte
4203,50-66,2026,10705,personer,ssb_07459,ekte
4203,67-79,2026,6489,personer,ssb_07459,ekte
4203,80-89,2026,2186,personer,ssb_07459,ekte
4203,90+,2026,390,personer,ssb_07459,ekte
4203,alle,2026,46603,personer,ssb_07459,ekte
4204,0-17,2026,24715,personer,ssb_07459,ekte
4204,18-29,2026,20250,personer,ssb_07459,ekte
4204,30-49,2026,31792,personer,ssb_07459,ekte
4204,50-66,2026,24290,personer,ssb_07459,ekte
4204,67-79,2026,12895,personer,ssb_07459,ekte
4204,80-89,2026,4444,personer,ssb_07459,ekte
4204,90+,2026,901,personer,ssb_07459,ekte
4204,alle,2026,119287,personer,ssb_07459,ekte
4205,0-17,2026,4808,personer,ssb_07459,ekte
4205,18-29,2026,3240,personer,ssb_07459,ekte
4205,30-49,2026,5779,personer,ssb_07459,ekte
4205,50-66,2026,5295,personer,ssb_07459,ekte
4205,67-79,2026,3307,personer,ssb_07459,ekte
4205,80-89,2026,1062,personer,ssb_07459,ekte
4205,90+,2026,211,personer,ssb_07459,ekte
4205,alle,2026,23702,personer,ssb_07459,ekte
4206,0-17,2026,1982,personer,ssb_07459,ekte
4206,18-29,2026,1375,personer,ssb_07459,ekte
4206,30-49,2026,2271,personer,ssb_07459,ekte
4206,50-66,2026,2235,personer,ssb_07459,ekte
4206,67-79,2026,1441,personer,ssb_07459,ekte
4206,80-89,2026,547,personer,ssb_07459,ekte
4206,90+,2026,98,personer,ssb_07459,ekte
4206,alle,2026,9949,personer,ssb_07459,ekte
4207,0-17,2026,1958,personer,ssb_07459,ekte
4207,18-29,2026,1244,personer,ssb_07459,ekte
4207,30-49,2026,2191,personer,ssb_07459,ekte
4207,50-66,2026,2101,personer,ssb_07459,ekte
4207,67-79,2026,1283,personer,ssb_07459,ekte
4207,80-89,2026,501,personer,ssb_07459,ekte
4207,90+,2026,95,personer,ssb_07459,ekte
4207,alle,2026,9373,personer,ssb_07459,ekte
4211,0-17,2026,411,personer,ssb_07459,ekte
4211,18-29,2026,330,personer,ssb_07459,ekte
4211,30-49,2026,573,personer,ssb_07459,ekte
4211,50-66,2026,620,personer,ssb_07459,ekte
4211,67-79,2026,396,personer,ssb_07459,ekte
4211,80-89,2026,152,personer,ssb_07459,ekte
4211,90+,2026,20,personer,ssb_07459,ekte
4211,alle,2026,2502,personer,ssb_07459,ekte
4212,0-17,2026,470,personer,ssb_07459,ekte
4212,18-29,2026,315,personer,ssb_07459,ekte
4212,30-49,2026,553,personer,ssb_07459,ekte
4212,50-66,2026,528,personer,ssb_07459,ekte
4212,67-79,2026,276,personer,ssb_07459,ekte
4212,80-89,2026,87,personer,ssb_07459,ekte
4212,90+,2026,24,personer,ssb_07459,ekte
4212,alle,2026,2253,personer,ssb_07459,ekte
4213,0-17,2026,1160,personer,ssb_07459,ekte
4213,18-29,2026,777,personer,ssb_07459,ekte
4213,30-49,2026,1546,personer,ssb_07459,ekte
4213,50-66,2026,1520,personer,ssb_07459,ekte
4213,67-79,2026,1060,personer,ssb_07459,ekte
4213,80-89,2026,307,personer,ssb_07459,ekte
4213,90+,2026,60,personer,ssb_07459,ekte
4213,alle,2026,6430,personer,ssb_07459,ekte
4214,0-17,2026,1393,personer,ssb_07459,ekte
4214,18-29,2026,875,personer,ssb_07459,ekte
4214,30-49,2026,1703,personer,ssb_07459,ekte
4214,50-66,2026,1321,personer,ssb_07459,ekte
4214,67-79,2026,730,personer,ssb_07459,ekte
4214,80-89,2026,245,personer,ssb_07459,ekte
4214,90+,2026,32,personer,ssb_07459,ekte
4214,alle,2026,6299,personer,ssb_07459,ekte
4215,0-17,2026,2461,personer,ssb_07459,ekte
4215,18-29,2026,1564,personer,ssb_07459,ekte
4215,30-49,2026,3012,personer,ssb_07459,ekte
4215,50-66,2026,2607,personer,ssb_07459,ekte
4215,67-79,2026,1554,personer,ssb_07459,ekte
4215,80-89,2026,547,personer,ssb_07459,ekte
4215,90+,2026,77,personer,ssb_07459,ekte
4215,alle,2026,11822,personer,ssb_07459,ekte
4216,0-17,2026,1275,personer,ssb_07459,ekte
4216,18-29,2026,823,personer,ssb_07459,ekte
4216,30-49,2026,1416,personer,ssb_07459,ekte
4216,50-66,2026,1080,personer,ssb_07459,ekte
4216,67-79,2026,580,personer,ssb_07459,ekte
4216,80-89,2026,226,personer,ssb_07459,ekte
4216,90+,2026,47,personer,ssb_07459,ekte
4216,alle,2026,5447,personer,ssb_07459,ekte
4217,0-17,2026,341,personer,ssb_07459,ekte
4217,18-29,2026,220,personer,ssb_07459,ekte
4217,30-49,2026,414,personer,ssb_07459,ekte
4217,50-66,2026,429,personer,ssb_07459,ekte
4217,67-79,2026,300,personer,ssb_07459,ekte
4217,80-89,2026,86,personer,ssb_07459,ekte
4217,90+,2026,15,personer,ssb_07459,ekte
4217,alle,2026,1805,personer,ssb_07459,ekte
4218,0-17,2026,337,personer,ssb_07459,ekte
4218,18-29,2026,178,personer,ssb_07459,ekte
4218,30-49,2026,355,personer,ssb_07459,ekte
4218,50-66,2026,314,personer,ssb_07459,ekte
4218,67-79,2026,155,personer,ssb_07459,ekte
4218,80-89,2026,40,personer,ssb_07459,ekte
4218,90+,2026,7,personer,ssb_07459,ekte
4218,alle,2026,1386,personer,ssb_07459,ekte
4219,0-17,2026,823,personer,ssb_07459,ekte
4219,18-29,2026,509,personer,ssb_07459,ekte
4219,30-49,2026,999,personer,ssb_07459,ekte
4219,50-66,2026,760,personer,ssb_07459,ekte
4219,67-79,2026,544,personer,ssb_07459,ekte
4219,80-89,2026,179,personer,ssb_07459,ekte
4219,90+,2026,28,personer,ssb_07459,ekte
4219,alle,2026,3842,personer,ssb_07459,ekte
4220,0-17,2026,197,personer,ssb_07459,ekte
4220,18-29,2026,133,personer,ssb_07459,ekte
4220,30-49,2026,269,personer,ssb_07459,ekte
4220,50-66,2026,294,personer,ssb_07459,ekte
4220,67-79,2026,219,personer,ssb_07459,ekte
4220,80-89,2026,50,personer,ssb_07459,ekte
4220,90+,2026,5,personer,ssb_07459,ekte
4220,alle,2026,1167,personer,ssb_07459,ekte
4221,0-17,2026,210,personer,ssb_07459,ekte
4221,18-29,2026,172,personer,ssb_07459,ekte
4221,30-49,2026,271,personer,ssb_07459,ekte
4221,50-66,2026,266,personer,ssb_07459,ekte
4221,67-79,2026,218,personer,ssb_07459,ekte
4221,80-89,2026,66,personer,ssb_07459,ekte
4221,90+,2026,6,personer,ssb_07459,ekte
4221,alle,2026,1209,personer,ssb_07459,ekte
4222,0-17,2026,185,personer,ssb_07459,ekte
4222,18-29,2026,147,personer,ssb_07459,ekte
4222,30-49,2026,299,personer,ssb_07459,ekte
4222,50-66,2026,255,personer,ssb_07459,ekte
4222,67-79,2026,128,personer,ssb_07459,ekte
4222,80-89,2026,37,personer,ssb_07459,ekte
4222,90+,2026,6,personer,ssb_07459,ekte
4222,alle,2026,1057,personer,ssb_07459,ekte
4223,0-17,2026,3432,personer,ssb_07459,ekte
4223,18-29,2026,2309,personer,ssb_07459,ekte
4223,30-49,2026,4338,personer,ssb_07459,ekte
4223,50-66,2026,3286,personer,ssb_07459,ekte
4223,67-79,2026,1730,personer,ssb_07459,ekte
4223,80-89,2026,565,personer,ssb_07459,ekte
4223,90+,2026,112,personer,ssb_07459,ekte
4223,alle,2026,15772,personer,ssb_07459,ekte
4224,0-17,2026,183,personer,ssb_07459,ekte
4224,18-29,2026,129,personer,ssb_07459,ekte
4224,30-49,2026,208,personer,ssb_07459,ekte
4224,50-66,2026,239,personer,ssb_07459,ekte
4224,67-79,2026,103,personer,ssb_07459,ekte
4224,80-89,2026,33,personer,ssb_07459,ekte
4224,90+,2026,9,personer,ssb_07459,ekte
4224,alle,2026,904,personer,ssb_07459,ekte
4225,0-17,2026,2512,personer,ssb_07459,ekte
4225,18-29,2026,1682,personer,ssb_07459,ekte
4225,30-49,2026,2681,personer,ssb_07459,ekte
4225,50-66,2026,2164,personer,ssb_07459,ekte
4225,67-79,2026,1325,personer,ssb_07459,ekte
4225,80-89,2026,479,personer,ssb_07459,ekte
4225,90+,2026,79,personer,ssb_07459,ekte
4225,alle,2026,10922,personer,ssb_07459,ekte
4226,0-17,2026,399,personer,ssb_07459,ekte
4226,18-29,2026,267,personer,ssb_07459,ekte
4226,30-49,2026,447,personer,ssb_07459,ekte
4226,50-66,2026,380,personer,ssb_07459,ekte
4226,67-79,2026,200,personer,ssb_07459,ekte
4226,80-89,2026,83,personer,ssb_07459,ekte
4226,90+,2026,18,personer,ssb_07459,ekte
4226,alle,2026,1794,personer,ssb_07459,ekte
4227,0-17,2026,1300,personer,ssb_07459,ekte
4227,18-29,2026,848,personer,ssb_07459,ekte
4227,30-49,2026,1508,personer,ssb_07459,ekte
4227,50-66,2026,1427,personer,ssb_07459,ekte
4227,67-79,2026,768,personer,ssb_07459,ekte
4227,80-89,2026,338,personer,ssb_07459,ekte
4227,90+,2026,53,personer,ssb_07459,ekte
4227,alle,2026,6242,personer,ssb_07459,ekte
4228,0-17,2026,406,personer,ssb_07459,ekte
4228,18-29,2026,270,personer,ssb_07459,ekte
4228,30-49,2026,478,personer,ssb_07459,ekte
4228,50-66,2026,410,personer,ssb_07459,ekte
4228,67-79,2026,236,personer,ssb_07459,ekte
4228,80-89,2026,81,personer,ssb_07459,ekte
4228,90+,2026,30,personer,ssb_07459,ekte
4228,alle,2026,1911,personer,ssb_07459,ekte
1101,0-17,2026,3294,personer,ssb_07459,ekte
1101,18-29,2026,2150,personer,ssb_07459,ekte
1101,30-49,2026,3973,personer,ssb_07459,ekte
1101,50-66,2026,3381,personer,ssb_07459,ekte
1101,67-79,2026,1983,personer,ssb_07459,ekte
1101,80-89,2026,646,personer,ssb_07459,ekte
1101,90+,2026,119,personer,ssb_07459,ekte
1101,alle,2026,15546,personer,ssb_07459,ekte
1103,0-17,2026,31303,personer,ssb_07459,ekte
1103,18-29,2026,24157,personer,ssb_07459,ekte
1103,30-49,2026,43219,personer,ssb_07459,ekte
1103,50-66,2026,31225,personer,ssb_07459,ekte
1103,67-79,2026,15660,personer,ssb_07459,ekte
1103,80-89,2026,5064,personer,ssb_07459,ekte
1103,90+,2026,1041,personer,ssb_07459,ekte
1103,alle,2026,151669,personer,ssb_07459,ekte
1106,0-17,2026,7353,personer,ssb_07459,ekte
1106,18-29,2026,5673,personer,ssb_07459,ekte
1106,30-49,2026,10518,personer,ssb_07459,ekte
1106,50-66,2026,8495,personer,ssb_07459,ekte
1106,67-79,2026,4715,personer,ssb_07459,ekte
1106,80-89,2026,1586,personer,ssb_07459,ekte
1106,90+,2026,323,personer,ssb_07459,ekte
1106,alle,2026,38663,personer,ssb_07459,ekte
1108,0-17,2026,19848,personer,ssb_07459,ekte
1108,18-29,2026,12190,personer,ssb_07459,ekte
1108,30-49,2026,25656,personer,ssb_07459,ekte
1108,50-66,2026,17022,personer,ssb_07459,ekte
1108,67-79,2026,8018,personer,ssb_07459,ekte
1108,80-89,2026,2579,personer,ssb_07459,ekte
1108,90+,2026,472,personer,ssb_07459,ekte
1108,alle,2026,85785,personer,ssb_07459,ekte
1111,0-17,2026,729,personer,ssb_07459,ekte
1111,18-29,2026,427,personer,ssb_07459,ekte
1111,30-49,2026,792,personer,ssb_07459,ekte
1111,50-66,2026,726,personer,ssb_07459,ekte
1111,67-79,2026,489,personer,ssb_07459,ekte
1111,80-89,2026,160,personer,ssb_07459,ekte
1111,90+,2026,33,personer,ssb_07459,ekte
1111,alle,2026,3356,personer,ssb_07459,ekte
1112,0-17,2026,717,personer,ssb_07459,ekte
1112,18-29,2026,400,personer,ssb_07459,ekte
1112,30-49,2026,759,personer,ssb_07459,ekte
1112,50-66,2026,725,personer,ssb_07459,ekte
1112,67-79,2026,456,personer,ssb_07459,ekte
1112,80-89,2026,144,personer,ssb_07459,ekte
1112,90+,2026,28,personer,ssb_07459,ekte
1112,alle,2026,3229,personer,ssb_07459,ekte
1114,0-17,2026,657,personer,ssb_07459,ekte
1114,18-29,2026,401,personer,ssb_07459,ekte
1114,30-49,2026,740,personer,ssb_07459,ekte
1114,50-66,2026,631,personer,ssb_07459,ekte
1114,67-79,2026,339,personer,ssb_07459,ekte
1114,80-89,2026,114,personer,ssb_07459,ekte
1114,90+,2026,12,personer,ssb_07459,ekte
1114,alle,2026,2894,personer,ssb_07459,ekte
1119,0-17,2026,4924,personer,ssb_07459,ekte
1119,18-29,2026,3042,personer,ssb_07459,ekte
1119,30-49,2026,5333,personer,ssb_07459,ekte
1119,50-66,2026,3873,personer,ssb_07459,ekte
1119,67-79,2026,2089,personer,ssb_07459,ekte
1119,80-89,2026,690,personer,ssb_07459,ekte
1119,90+,2026,136,personer,ssb_07459,ekte
1119,alle,2026,20087,personer,ssb_07459,ekte
1120,0-17,2026,4999,personer,ssb_07459,ekte
1120,18-29,2026,3282,personer,ssb_07459,ekte
1120,30-49,2026,6156,personer,ssb_07459,ekte
1120,50-66,2026,4318,personer,ssb_07459,ekte
1120,67-79,2026,1908,personer,ssb_07459,ekte
1120,80-89,2026,691,personer,ssb_07459,ekte
1120,90+,2026,90,personer,ssb_07459,ekte
1120,alle,2026,21444,personer,ssb_07459,ekte
1121,0-17,2026,4774,personer,ssb_07459,ekte
1121,18-29,2026,3063,personer,ssb_07459,ekte
1121,30-49,2026,5719,personer,ssb_07459,ekte
1121,50-66,2026,3924,personer,ssb_07459,ekte
1121,67-79,2026,2151,personer,ssb_07459,ekte
1121,80-89,2026,681,personer,ssb_07459,ekte
1121,90+,2026,149,personer,ssb_07459,ekte
1121,alle,2026,20461,personer,ssb_07459,ekte
1122,0-17,2026,3264,personer,ssb_07459,ekte
1122,18-29,2026,1731,personer,ssb_07459,ekte
1122,30-49,2026,3719,personer,ssb_07459,ekte
1122,50-66,2026,2468,personer,ssb_07459,ekte
1122,67-79,2026,1172,personer,ssb_07459,ekte
1122,80-89,2026,309,personer,ssb_07459,ekte
1122,90+,2026,52,personer,ssb_07459,ekte
1122,alle,2026,12715,personer,ssb_07459,ekte
1124,0-17,2026,6819,personer,ssb_07459,ekte
1124,18-29,2026,4296,personer,ssb_07459,ekte
1124,30-49,2026,8674,personer,ssb_07459,ekte
1124,50-66,2026,5926,personer,ssb_07459,ekte
1124,67-79,2026,2694,personer,ssb_07459,ekte
1124,80-89,2026,952,personer,ssb_07459,ekte
1124,90+,2026,180,personer,ssb_07459,ekte
1124,alle,2026,29541,personer,ssb_07459,ekte
1127,0-17,2026,2706,personer,ssb_07459,ekte
1127,18-29,2026,1744,personer,ssb_07459,ekte
1127,30-49,2026,3053,personer,ssb_07459,ekte
1127,50-66,2026,2554,personer,ssb_07459,ekte
1127,67-79,2026,1190,personer,ssb_07459,ekte
1127,80-89,2026,502,personer,ssb_07459,ekte
1127,90+,2026,92,personer,ssb_07459,ekte
1127,alle,2026,11841,personer,ssb_07459,ekte
1130,0-17,2026,3312,personer,ssb_07459,ekte
1130,18-29,2026,1956,personer,ssb_07459,ekte
1130,30-49,2026,3698,personer,ssb_07459,ekte
1130,50-66,2026,2806,personer,ssb_07459,ekte
1130,67-79,2026,1548,personer,ssb_07459,ekte
1130,80-89,2026,549,personer,ssb_07459,ekte
1130,90+,2026,90,personer,ssb_07459,ekte
1130,alle,2026,13959,personer,ssb_07459,ekte
1133,0-17,2026,561,personer,ssb_07459,ekte
1133,18-29,2026,318,personer,ssb_07459,ekte
1133,30-49,2026,616,personer,ssb_07459,ekte
1133,50-66,2026,554,personer,ssb_07459,ekte
1133,67-79,2026,405,personer,ssb_07459,ekte
1133,80-89,2026,125,personer,ssb_07459,ekte
1133,90+,2026,33,personer,ssb_07459,ekte
1133,alle,2026,2612,personer,ssb_07459,ekte
1134,0-17,2026,845,personer,ssb_07459,ekte
1134,18-29,2026,481,personer,ssb_07459,ekte
1134,30-49,2026,880,personer,ssb_07459,ekte
1134,50-66,2026,859,personer,ssb_07459,ekte
1134,67-79,2026,584,personer,ssb_07459,ekte
1134,80-89,2026,193,personer,ssb_07459,ekte
1134,90+,2026,49,personer,ssb_07459,ekte
1134,alle,2026,3891,personer,ssb_07459,ekte
1135,0-17,2026,934,personer,ssb_07459,ekte
1135,18-29,2026,578,personer,ssb_07459,ekte
1135,30-49,2026,1120,personer,ssb_07459,ekte
1135,50-66,2026,1027,personer,ssb_07459,ekte
1135,67-79,2026,643,personer,ssb_07459,ekte
1135,80-89,2026,227,personer,ssb_07459,ekte
1135,90+,2026,74,personer,ssb_07459,ekte
1135,alle,2026,4603,personer,ssb_07459,ekte
1144,0-17,2026,115,personer,ssb_07459,ekte
1144,18-29,2026,76,personer,ssb_07459,ekte
1144,30-49,2026,122,personer,ssb_07459,ekte
1144,50-66,2026,146,personer,ssb_07459,ekte
1144,67-79,2026,74,personer,ssb_07459,ekte
1144,80-89,2026,34,personer,ssb_07459,ekte
1144,90+,2026,12,personer,ssb_07459,ekte
1144,alle,2026,579,personer,ssb_07459,ekte
1145,0-17,2026,167,personer,ssb_07459,ekte
1145,18-29,2026,139,personer,ssb_07459,ekte
1145,30-49,2026,199,personer,ssb_07459,ekte
1145,50-66,2026,218,personer,ssb_07459,ekte
1145,67-79,2026,121,personer,ssb_07459,ekte
1145,80-89,2026,49,personer,ssb_07459,ekte
1145,90+,2026,14,personer,ssb_07459,ekte
1145,alle,2026,907,personer,ssb_07459,ekte
1146,0-17,2026,2860,personer,ssb_07459,ekte
1146,18-29,2026,1596,personer,ssb_07459,ekte
1146,30-49,2026,3007,personer,ssb_07459,ekte
1146,50-66,2026,2390,personer,ssb_07459,ekte
1146,67-79,2026,1335,personer,ssb_07459,ekte
1146,80-89,2026,480,personer,ssb_07459,ekte
1146,90+,2026,82,personer,ssb_07459,ekte
1146,alle,2026,11750,personer,ssb_07459,ekte
1149,0-17,2026,9670,personer,ssb_07459,ekte
1149,18-29,2026,6188,personer,ssb_07459,ekte
1149,30-49,2026,11467,personer,ssb_07459,ekte
1149,50-66,2026,9305,personer,ssb_07459,ekte
1149,67-79,2026,5155,personer,ssb_07459,ekte
1149,80-89,2026,1883,personer,ssb_07459,ekte
1149,90+,2026,322,personer,ssb_07459,ekte
1149,alle,2026,43990,personer,ssb_07459,ekte
1151,0-17,2026,35,personer,ssb_07459,ekte
1151,18-29,2026,30,personer,ssb_07459,ekte
1151,30-49,2026,45,personer,ssb_07459,ekte
1151,50-66,2026,60,personer,ssb_07459,ekte
1151,67-79,2026,34,personer,ssb_07459,ekte
1151,80-89,2026,12,personer,ssb_07459,ekte
1151,90+,2026,3,personer,ssb_07459,ekte
1151,alle,2026,219,personer,ssb_07459,ekte
1160,0-17,2026,1983,personer,ssb_07459,ekte
1160,18-29,2026,1233,personer,ssb_07459,ekte
1160,30-49,2026,2357,personer,ssb_07459,ekte
1160,50-66,2026,1943,personer,ssb_07459,ekte
1160,67-79,2026,1160,personer,ssb_07459,ekte
1160,80-89,2026,390,personer,ssb_07459,ekte
1160,90+,2026,115,personer,ssb_07459,ekte
1160,alle,2026,9181,personer,ssb_07459,ekte
4601,0-17,2026,54760,personer,ssb_07459,ekte
4601,18-29,2026,53365,personer,ssb_07459,ekte
4601,30-49,2026,82966,personer,ssb_07459,ekte
4601,50-66,2026,59143,personer,ssb_07459,ekte
4601,67-79,2026,30719,personer,ssb_07459,ekte
4601,80-89,2026,11339,personer,ssb_07459,ekte
4601,90+,2026,2568,personer,ssb_07459,ekte
4601,alle,2026,294860,personer,ssb_07459,ekte
4602,0-17,2026,3545,personer,ssb_07459,ekte
4602,18-29,2026,2480,personer,ssb_07459,ekte
4602,30-49,2026,4219,personer,ssb_07459,ekte
4602,50-66,2026,3891,personer,ssb_07459,ekte
4602,67-79,2026,2347,personer,ssb_07459,ekte
4602,80-89,2026,698,personer,ssb_07459,ekte
4602,90+,2026,176,personer,ssb_07459,ekte
4602,alle,2026,17356,personer,ssb_07459,ekte
4611,0-17,2026,857,personer,ssb_07459,ekte
4611,18-29,2026,510,personer,ssb_07459,ekte
4611,30-49,2026,965,personer,ssb_07459,ekte
4611,50-66,2026,925,personer,ssb_07459,ekte
4611,67-79,2026,577,personer,ssb_07459,ekte
4611,80-89,2026,227,personer,ssb_07459,ekte
4611,90+,2026,54,personer,ssb_07459,ekte
4611,alle,2026,4115,personer,ssb_07459,ekte
4612,0-17,2026,1250,personer,ssb_07459,ekte
4612,18-29,2026,776,personer,ssb_07459,ekte
4612,30-49,2026,1458,personer,ssb_07459,ekte
4612,50-66,2026,1215,personer,ssb_07459,ekte
4612,67-79,2026,802,personer,ssb_07459,ekte
4612,80-89,2026,216,personer,ssb_07459,ekte
4612,90+,2026,49,personer,ssb_07459,ekte
4612,alle,2026,5766,personer,ssb_07459,ekte
4613,0-17,2026,2746,personer,ssb_07459,ekte
4613,18-29,2026,1813,personer,ssb_07459,ekte
4613,30-49,2026,3105,personer,ssb_07459,ekte
4613,50-66,2026,2623,personer,ssb_07459,ekte
4613,67-79,2026,1618,personer,ssb_07459,ekte
4613,80-89,2026,510,personer,ssb_07459,ekte
4613,90+,2026,116,personer,ssb_07459,ekte
4613,alle,2026,12531,personer,ssb_07459,ekte
4614,0-17,2026,4220,personer,ssb_07459,ekte
4614,18-29,2026,2607,personer,ssb_07459,ekte
4614,30-49,2026,5042,personer,ssb_07459,ekte
4614,50-66,2026,4120,personer,ssb_07459,ekte
4614,67-79,2026,2258,personer,ssb_07459,ekte
4614,80-89,2026,851,personer,ssb_07459,ekte
4614,90+,2026,178,personer,ssb_07459,ekte
4614,alle,2026,19276,personer,ssb_07459,ekte
4615,0-17,2026,666,personer,ssb_07459,ekte
4615,18-29,2026,447,personer,ssb_07459,ekte
4615,30-49,2026,795,personer,ssb_07459,ekte
4615,50-66,2026,679,personer,ssb_07459,ekte
4615,67-79,2026,493,personer,ssb_07459,ekte
4615,80-89,2026,123,personer,ssb_07459,ekte
4615,90+,2026,34,personer,ssb_07459,ekte
4615,alle,2026,3237,personer,ssb_07459,ekte
4616,0-17,2026,613,personer,ssb_07459,ekte
4616,18-29,2026,316,personer,ssb_07459,ekte
4616,30-49,2026,729,personer,ssb_07459,ekte
4616,50-66,2026,643,personer,ssb_07459,ekte
4616,67-79,2026,535,personer,ssb_07459,ekte
4616,80-89,2026,183,personer,ssb_07459,ekte
4616,90+,2026,34,personer,ssb_07459,ekte
4616,alle,2026,3053,personer,ssb_07459,ekte
4617,0-17,2026,2574,personer,ssb_07459,ekte
4617,18-29,2026,1836,personer,ssb_07459,ekte
4617,30-49,2026,2900,personer,ssb_07459,ekte
4617,50-66,2026,3012,personer,ssb_07459,ekte
4617,67-79,2026,1993,personer,ssb_07459,ekte
4617,80-89,2026,758,personer,ssb_07459,ekte
4617,90+,2026,163,personer,ssb_07459,ekte
4617,alle,2026,13236,personer,ssb_07459,ekte
4618,0-17,2026,1974,personer,ssb_07459,ekte
4618,18-29,2026,1398,personer,ssb_07459,ekte
4618,30-49,2026,2554,personer,ssb_07459,ekte
4618,50-66,2026,2513,personer,ssb_07459,ekte
4618,67-79,2026,1624,personer,ssb_07459,ekte
4618,80-89,2026,710,personer,ssb_07459,ekte
4618,90+,2026,156,personer,ssb_07459,ekte
4618,alle,2026,10929,personer,ssb_07459,ekte
4619,0-17,2026,193,personer,ssb_07459,ekte
4619,18-29,2026,101,personer,ssb_07459,ekte
4619,30-49,2026,228,personer,ssb_07459,ekte
4619,50-66,2026,235,personer,ssb_07459,ekte
4619,67-79,2026,165,personer,ssb_07459,ekte
4619,80-89,2026,54,personer,ssb_07459,ekte
4619,90+,2026,9,personer,ssb_07459,ekte
4619,alle,2026,985,personer,ssb_07459,ekte
4620,0-17,2026,227,personer,ssb_07459,ekte
4620,18-29,2026,118,personer,ssb_07459,ekte
4620,30-49,2026,260,personer,ssb_07459,ekte
4620,50-66,2026,249,personer,ssb_07459,ekte
4620,67-79,2026,165,personer,ssb_07459,ekte
4620,80-89,2026,83,personer,ssb_07459,ekte
4620,90+,2026,12,personer,ssb_07459,ekte
4620,alle,2026,1114,personer,ssb_07459,ekte
4621,0-17,2026,3391,personer,ssb_07459,ekte
4621,18-29,2026,2145,personer,ssb_07459,ekte
4621,30-49,2026,4096,personer,ssb_07459,ekte
4621,50-66,2026,3368,personer,ssb_07459,ekte
4621,67-79,2026,2348,personer,ssb_07459,ekte
4621,80-89,2026,858,personer,ssb_07459,ekte
4621,90+,2026,232,personer,ssb_07459,ekte
4621,alle,2026,16438,personer,ssb_07459,ekte
4622,0-17,2026,1749,personer,ssb_07459,ekte
4622,18-29,2026,1044,personer,ssb_07459,ekte
4622,30-49,2026,1942,personer,ssb_07459,ekte
4622,50-66,2026,1796,personer,ssb_07459,ekte
4622,67-79,2026,1290,personer,ssb_07459,ekte
4622,80-89,2026,553,personer,ssb_07459,ekte
4622,90+,2026,116,personer,ssb_07459,ekte
4622,alle,2026,8490,personer,ssb_07459,ekte
4623,0-17,2026,494,personer,ssb_07459,ekte
4623,18-29,2026,284,personer,ssb_07459,ekte
4623,30-49,2026,585,personer,ssb_07459,ekte
4623,50-66,2026,566,personer,ssb_07459,ekte
4623,67-79,2026,410,personer,ssb_07459,ekte
4623,80-89,2026,117,personer,ssb_07459,ekte
4623,90+,2026,33,personer,ssb_07459,ekte
4623,alle,2026,2489,personer,ssb_07459,ekte
4624,0-17,2026,5995,personer,ssb_07459,ekte
4624,18-29,2026,3639,personer,ssb_07459,ekte
4624,30-49,2026,7244,personer,ssb_07459,ekte
4624,50-66,2026,5373,personer,ssb_07459,ekte
4624,67-79,2026,3263,personer,ssb_07459,ekte
4624,80-89,2026,1064,personer,ssb_07459,ekte
4624,90+,2026,175,personer,ssb_07459,ekte
4624,alle,2026,26753,personer,ssb_07459,ekte
4625,0-17,2026,1328,personer,ssb_07459,ekte
4625,18-29,2026,738,personer,ssb_07459,ekte
4625,30-49,2026,1417,personer,ssb_07459,ekte
4625,50-66,2026,1047,personer,ssb_07459,ekte
4625,67-79,2026,722,personer,ssb_07459,ekte
4625,80-89,2026,218,personer,ssb_07459,ekte
4625,90+,2026,45,personer,ssb_07459,ekte
4625,alle,2026,5515,personer,ssb_07459,ekte
4626,0-17,2026,8976,personer,ssb_07459,ekte
4626,18-29,2026,5769,personer,ssb_07459,ekte
4626,30-49,2026,10778,personer,ssb_07459,ekte
4626,50-66,2026,8852,personer,ssb_07459,ekte
4626,67-79,2026,4617,personer,ssb_07459,ekte
4626,80-89,2026,1421,personer,ssb_07459,ekte
4626,90+,2026,228,personer,ssb_07459,ekte
4626,alle,2026,40641,personer,ssb_07459,ekte
4627,0-17,2026,7130,personer,ssb_07459,ekte
4627,18-29,2026,4215,personer,ssb_07459,ekte
4627,30-49,2026,8433,personer,ssb_07459,ekte
4627,50-66,2026,6327,personer,ssb_07459,ekte
4627,67-79,2026,3282,personer,ssb_07459,ekte
4627,80-89,2026,1043,personer,ssb_07459,ekte
4627,90+,2026,170,personer,ssb_07459,ekte
4627,alle,2026,30600,personer,ssb_07459,ekte
4628,0-17,2026,737,personer,ssb_07459,ekte
4628,18-29,2026,494,personer,ssb_07459,ekte
4628,30-49,2026,987,personer,ssb_07459,ekte
4628,50-66,2026,845,personer,ssb_07459,ekte
4628,67-79,2026,577,personer,ssb_07459,ekte
4628,80-89,2026,210,personer,ssb_07459,ekte
4628,90+,2026,49,personer,ssb_07459,ekte
4628,alle,2026,3899,personer,ssb_07459,ekte
4629,0-17,2026,86,personer,ssb_07459,ekte
4629,18-29,2026,47,personer,ssb_07459,ekte
4629,30-49,2026,101,personer,ssb_07459,ekte
4629,50-66,2026,84,personer,ssb_07459,ekte
4629,67-79,2026,53,personer,ssb_07459,ekte
4629,80-89,2026,19,personer,ssb_07459,ekte
4629,90+,2026,7,personer,ssb_07459,ekte
4629,alle,2026,397,personer,ssb_07459,ekte
4630,0-17,2026,1715,personer,ssb_07459,ekte
4630,18-29,2026,1086,personer,ssb_07459,ekte
4630,30-49,2026,2033,personer,ssb_07459,ekte
4630,50-66,2026,1815,personer,ssb_07459,ekte
4630,67-79,2026,1091,personer,ssb_07459,ekte
4630,80-89,2026,388,personer,ssb_07459,ekte
4630,90+,2026,103,personer,ssb_07459,ekte
4630,alle,2026,8231,personer,ssb_07459,ekte
4631,0-17,2026,6442,personer,ssb_07459,ekte
4631,18-29,2026,4158,personer,ssb_07459,ekte
4631,30-49,2026,7638,personer,ssb_07459,ekte
4631,50-66,2026,6440,personer,ssb_07459,ekte
4631,67-79,2026,4096,personer,ssb_07459,ekte
4631,80-89,2026,1267,personer,ssb_07459,ekte
4631,90+,2026,244,personer,ssb_07459,ekte
4631,alle,2026,30285,personer,ssb_07459,ekte
4632,0-17,2026,569,personer,ssb_07459,ekte
4632,18-29,2026,373,personer,ssb_07459,ekte
4632,30-49,2026,716,personer,ssb_07459,ekte
4632,50-66,2026,638,personer,ssb_07459,ekte
4632,67-79,2026,434,personer,ssb_07459,ekte
4632,80-89,2026,184,personer,ssb_07459,ekte
4632,90+,2026,33,personer,ssb_07459,ekte
4632,alle,2026,2947,personer,ssb_07459,ekte
4633,0-17,2026,101,personer,ssb_07459,ekte
4633,18-29,2026,58,personer,ssb_07459,ekte
4633,30-49,2026,106,personer,ssb_07459,ekte
4633,50-66,2026,120,personer,ssb_07459,ekte
4633,67-79,2026,104,personer,ssb_07459,ekte
4633,80-89,2026,35,personer,ssb_07459,ekte
4633,90+,2026,5,personer,ssb_07459,ekte
4633,alle,2026,529,personer,ssb_07459,ekte
4634,0-17,2026,331,personer,ssb_07459,ekte
4634,18-29,2026,193,personer,ssb_07459,ekte
4634,30-49,2026,344,personer,ssb_07459,ekte
4634,50-66,2026,381,personer,ssb_07459,ekte
4634,67-79,2026,276,personer,ssb_07459,ekte
4634,80-89,2026,108,personer,ssb_07459,ekte
4634,90+,2026,39,personer,ssb_07459,ekte
4634,alle,2026,1672,personer,ssb_07459,ekte
4635,0-17,2026,398,personer,ssb_07459,ekte
4635,18-29,2026,313,personer,ssb_07459,ekte
4635,30-49,2026,524,personer,ssb_07459,ekte
4635,50-66,2026,555,personer,ssb_07459,ekte
4635,67-79,2026,353,personer,ssb_07459,ekte
4635,80-89,2026,128,personer,ssb_07459,ekte
4635,90+,2026,30,personer,ssb_07459,ekte
4635,alle,2026,2301,personer,ssb_07459,ekte
4636,0-17,2026,106,personer,ssb_07459,ekte
4636,18-29,2026,86,personer,ssb_07459,ekte
4636,30-49,2026,158,personer,ssb_07459,ekte
4636,50-66,2026,196,personer,ssb_07459,ekte
4636,67-79,2026,137,personer,ssb_07459,ekte
4636,80-89,2026,49,personer,ssb_07459,ekte
4636,90+,2026,10,personer,ssb_07459,ekte
4636,alle,2026,742,personer,ssb_07459,ekte
4637,0-17,2026,184,personer,ssb_07459,ekte
4637,18-29,2026,150,personer,ssb_07459,ekte
4637,30-49,2026,252,personer,ssb_07459,ekte
4637,50-66,2026,351,personer,ssb_07459,ekte
4637,67-79,2026,212,personer,ssb_07459,ekte
4637,80-89,2026,110,personer,ssb_07459,ekte
4637,90+,2026,16,personer,ssb_07459,ekte
4637,alle,2026,1275,personer,ssb_07459,ekte
4638,0-17,2026,630,personer,ssb_07459,ekte
4638,18-29,2026,551,personer,ssb_07459,ekte
4638,30-49,2026,785,personer,ssb_07459,ekte
4638,50-66,2026,998,personer,ssb_07459,ekte
4638,67-79,2026,613,personer,ssb_07459,ekte
4638,80-89,2026,243,personer,ssb_07459,ekte
4638,90+,2026,63,personer,ssb_07459,ekte
4638,alle,2026,3883,personer,ssb_07459,ekte
4639,0-17,2026,460,personer,ssb_07459,ekte
4639,18-29,2026,319,personer,ssb_07459,ekte
4639,30-49,2026,532,personer,ssb_07459,ekte
4639,50-66,2026,567,personer,ssb_07459,ekte
4639,67-79,2026,440,personer,ssb_07459,ekte
4639,80-89,2026,170,personer,ssb_07459,ekte
4639,90+,2026,44,personer,ssb_07459,ekte
4639,alle,2026,2532,personer,ssb_07459,ekte
4640,0-17,2026,2650,personer,ssb_07459,ekte
4640,18-29,2026,2015,personer,ssb_07459,ekte
4640,30-49,2026,3326,personer,ssb_07459,ekte
4640,50-66,2026,2433,personer,ssb_07459,ekte
4640,67-79,2026,1457,personer,ssb_07459,ekte
4640,80-89,2026,575,personer,ssb_07459,ekte
4640,90+,2026,96,personer,ssb_07459,ekte
4640,alle,2026,12552,personer,ssb_07459,ekte
4641,0-17,2026,298,personer,ssb_07459,ekte
4641,18-29,2026,246,personer,ssb_07459,ekte
4641,30-49,2026,545,personer,ssb_07459,ekte
4641,50-66,2026,426,personer,ssb_07459,ekte
4641,67-79,2026,240,personer,ssb_07459,ekte
4641,80-89,2026,93,personer,ssb_07459,ekte
4641,90+,2026,18,personer,ssb_07459,ekte
4641,alle,2026,1866,personer,ssb_07459,ekte
4642,0-17,2026,419,personer,ssb_07459,ekte
4642,18-29,2026,285,personer,ssb_07459,ekte
4642,30-49,2026,481,personer,ssb_07459,ekte
4642,50-66,2026,521,personer,ssb_07459,ekte
4642,67-79,2026,373,personer,ssb_07459,ekte
4642,80-89,2026,111,personer,ssb_07459,ekte
4642,90+,2026,33,personer,ssb_07459,ekte
4642,alle,2026,2223,personer,ssb_07459,ekte
4643,0-17,2026,907,personer,ssb_07459,ekte
4643,18-29,2026,657,personer,ssb_07459,ekte
4643,30-49,2026,1175,personer,ssb_07459,ekte
4643,50-66,2026,1289,personer,ssb_07459,ekte
4643,67-79,2026,737,personer,ssb_07459,ekte
4643,80-89,2026,332,personer,ssb_07459,ekte
4643,90+,2026,81,personer,ssb_07459,ekte
4643,alle,2026,5178,personer,ssb_07459,ekte
4644,0-17,2026,1157,personer,ssb_07459,ekte
4644,18-29,2026,708,personer,ssb_07459,ekte
4644,30-49,2026,1305,personer,ssb_07459,ekte
4644,50-66,2026,1175,personer,ssb_07459,ekte
4644,67-79,2026,770,personer,ssb_07459,ekte
4644,80-89,2026,305,personer,ssb_07459,ekte
4644,90+,2026,58,personer,ssb_07459,ekte
4644,alle,2026,5478,personer,ssb_07459,ekte
4645,0-17,2026,566,personer,ssb_07459,ekte
4645,18-29,2026,339,personer,ssb_07459,ekte
4645,30-49,2026,596,personer,ssb_07459,ekte
4645,50-66,2026,668,personer,ssb_07459,ekte
4645,67-79,2026,512,personer,ssb_07459,ekte
4645,80-89,2026,200,personer,ssb_07459,ekte
4645,90+,2026,43,personer,ssb_07459,ekte
4645,alle,2026,2924,personer,ssb_07459,ekte
4646,0-17,2026,693,personer,ssb_07459,ekte
4646,18-29,2026,452,personer,ssb_07459,ekte
4646,30-49,2026,609,personer,ssb_07459,ekte
4646,50-66,2026,556,personer,ssb_07459,ekte
4646,67-79,2026,425,personer,ssb_07459,ekte
4646,80-89,2026,173,personer,ssb_07459,ekte
4646,90+,2026,40,personer,ssb_07459,ekte
4646,alle,2026,2948,personer,ssb_07459,ekte
4647,0-17,2026,4980,personer,ssb_07459,ekte
4647,18-29,2026,3456,personer,ssb_07459,ekte
4647,30-49,2026,5795,personer,ssb_07459,ekte
4647,50-66,2026,4675,personer,ssb_07459,ekte
4647,67-79,2026,2815,personer,ssb_07459,ekte
4647,80-89,2026,912,personer,ssb_07459,ekte
4647,90+,2026,171,personer,ssb_07459,ekte
4647,alle,2026,22804,personer,ssb_07459,ekte
4648,0-17,2026,578,personer,ssb_07459,ekte
4648,18-29,2026,437,personer,ssb_07459,ekte
4648,30-49,2026,696,personer,ssb_07459,ekte
4648,50-66,2026,836,personer,ssb_07459,ekte
4648,67-79,2026,528,personer,ssb_07459,ekte
4648,80-89,2026,246,personer,ssb_07459,ekte
4648,90+,2026,60,personer,ssb_07459,ekte
4648,alle,2026,3381,personer,ssb_07459,ekte
4649,0-17,2026,1991,personer,ssb_07459,ekte
4649,18-29,2026,1290,personer,ssb_07459,ekte
4649,30-49,2026,2227,personer,ssb_07459,ekte
4649,50-66,2026,2090,personer,ssb_07459,ekte
4649,67-79,2026,1412,personer,ssb_07459,ekte
4649,80-89,2026,496,personer,ssb_07459,ekte
4649,90+,2026,110,personer,ssb_07459,ekte
4649,alle,2026,9616,personer,ssb_07459,ekte
4650,0-17,2026,1253,personer,ssb_07459,ekte
4650,18-29,2026,807,personer,ssb_07459,ekte
4650,30-49,2026,1327,personer,ssb_07459,ekte
4650,50-66,2026,1282,personer,ssb_07459,ekte
4650,67-79,2026,904,personer,ssb_07459,ekte
4650,80-89,2026,325,personer,ssb_07459,ekte
4650,90+,2026,78,personer,ssb_07459,ekte
4650,alle,2026,5976,personer,ssb_07459,ekte
4651,0-17,2026,1448,personer,ssb_07459,ekte
4651,18-29,2026,1071,personer,ssb_07459,ekte
4651,30-49,2026,1791,personer,ssb_07459,ekte
4651,50-66,2026,1615,personer,ssb_07459,ekte
4651,67-79,2026,936,personer,ssb_07459,ekte
4651,80-89,2026,380,personer,ssb_07459,ekte
4651,90+,2026,78,personer,ssb_07459,ekte
4651,alle,2026,7319,personer,ssb_07459,ekte
1505,0-17,2026,4363,personer,ssb_07459,ekte
1505,18-29,2026,3401,personer,ssb_07459,ekte
1505,30-49,2026,6220,personer,ssb_07459,ekte
1505,50-66,2026,5442,personer,ssb_07459,ekte
1505,67-79,2026,3684,personer,ssb_07459,ekte
1505,80-89,2026,1180,personer,ssb_07459,ekte
1505,90+,2026,189,personer,ssb_07459,ekte
1505,alle,2026,24479,personer,ssb_07459,ekte
1506,0-17,2026,6519,personer,ssb_07459,ekte
1506,18-29,2026,4713,personer,ssb_07459,ekte
1506,30-49,2026,8380,personer,ssb_07459,ekte
1506,50-66,2026,7051,personer,ssb_07459,ekte
1506,67-79,2026,4660,personer,ssb_07459,ekte
1506,80-89,2026,1632,personer,ssb_07459,ekte
1506,90+,2026,336,personer,ssb_07459,ekte
1506,alle,2026,33291,personer,ssb_07459,ekte
1508,0-17,2026,11856,personer,ssb_07459,ekte
1508,18-29,2026,9373,personer,ssb_07459,ekte
1508,30-49,2026,16235,personer,ssb_07459,ekte
1508,50-66,2026,12248,personer,ssb_07459,ekte
1508,67-79,2026,7026,personer,ssb_07459,ekte
1508,80-89,2026,2428,personer,ssb_07459,ekte
1508,90+,2026,497,personer,ssb_07459,ekte
1508,alle,2026,59663,personer,ssb_07459,ekte
1511,0-17,2026,473,personer,ssb_07459,ekte
1511,18-29,2026,349,personer,ssb_07459,ekte
1511,30-49,2026,602,personer,ssb_07459,ekte
1511,50-66,2026,743,personer,ssb_07459,ekte
1511,67-79,2026,605,personer,ssb_07459,ekte
1511,80-89,2026,214,personer,ssb_07459,ekte
1511,90+,2026,43,personer,ssb_07459,ekte
1511,alle,2026,3029,personer,ssb_07459,ekte
1514,0-17,2026,431,personer,ssb_07459,ekte
1514,18-29,2026,278,personer,ssb_07459,ekte
1514,30-49,2026,544,personer,ssb_07459,ekte
1514,50-66,2026,620,personer,ssb_07459,ekte
1514,67-79,2026,385,personer,ssb_07459,ekte
1514,80-89,2026,140,personer,ssb_07459,ekte
1514,90+,2026,39,personer,ssb_07459,ekte
1514,alle,2026,2437,personer,ssb_07459,ekte
1515,0-17,2026,1824,personer,ssb_07459,ekte
1515,18-29,2026,1178,personer,ssb_07459,ekte
1515,30-49,2026,2163,personer,ssb_07459,ekte
1515,50-66,2026,2085,personer,ssb_07459,ekte
1515,67-79,2026,1217,personer,ssb_07459,ekte
1515,80-89,2026,434,personer,ssb_07459,ekte
1515,90+,2026,102,personer,ssb_07459,ekte
1515,alle,2026,9003,personer,ssb_07459,ekte
1516,0-17,2026,1905,personer,ssb_07459,ekte
1516,18-29,2026,1291,personer,ssb_07459,ekte
1516,30-49,2026,2227,personer,ssb_07459,ekte
1516,50-66,2026,2007,personer,ssb_07459,ekte
1516,67-79,2026,1074,personer,ssb_07459,ekte
1516,80-89,2026,391,personer,ssb_07459,ekte
1516,90+,2026,63,personer,ssb_07459,ekte
1516,alle,2026,8958,personer,ssb_07459,ekte
1517,0-17,2026,1182,personer,ssb_07459,ekte
1517,18-29,2026,720,personer,ssb_07459,ekte
1517,30-49,2026,1427,personer,ssb_07459,ekte
1517,50-66,2026,1122,personer,ssb_07459,ekte
1517,67-79,2026,693,personer,ssb_07459,ekte
1517,80-89,2026,215,personer,ssb_07459,ekte
1517,90+,2026,52,personer,ssb_07459,ekte
1517,alle,2026,5411,personer,ssb_07459,ekte
1520,0-17,2026,2331,personer,ssb_07459,ekte
1520,18-29,2026,1460,personer,ssb_07459,ekte
1520,30-49,2026,2720,personer,ssb_07459,ekte
1520,50-66,2026,2327,personer,ssb_07459,ekte
1520,67-79,2026,1531,personer,ssb_07459,ekte
1520,80-89,2026,560,personer,ssb_07459,ekte
1520,90+,2026,139,personer,ssb_07459,ekte
1520,alle,2026,11068,personer,ssb_07459,ekte
1525,0-17,2026,703,personer,ssb_07459,ekte
1525,18-29,2026,552,personer,ssb_07459,ekte
1525,30-49,2026,1121,personer,ssb_07459,ekte
1525,50-66,2026,1018,personer,ssb_07459,ekte
1525,67-79,2026,602,personer,ssb_07459,ekte
1525,80-89,2026,263,personer,ssb_07459,ekte
1525,90+,2026,74,personer,ssb_07459,ekte
1525,alle,2026,4333,personer,ssb_07459,ekte
1528,0-17,2026,1443,personer,ssb_07459,ekte
1528,18-29,2026,970,personer,ssb_07459,ekte
1528,30-49,2026,1808,personer,ssb_07459,ekte
1528,50-66,2026,1779,personer,ssb_07459,ekte
1528,67-79,2026,1134,personer,ssb_07459,ekte
1528,80-89,2026,403,personer,ssb_07459,ekte
1528,90+,2026,89,personer,ssb_07459,ekte
1528,alle,2026,7626,personer,ssb_07459,ekte
1531,0-17,2026,2307,personer,ssb_07459,ekte
1531,18-29,2026,1304,personer,ssb_07459,ekte
1531,30-49,2026,2696,personer,ssb_07459,ekte
1531,50-66,2026,1908,personer,ssb_07459,ekte
1531,67-79,2026,1129,personer,ssb_07459,ekte
1531,80-89,2026,356,personer,ssb_07459,ekte
1531,90+,2026,98,personer,ssb_07459,ekte
1531,alle,2026,9798,personer,ssb_07459,ekte
1532,0-17,2026,2071,personer,ssb_07459,ekte
1532,18-29,2026,1235,personer,ssb_07459,ekte
1532,30-49,2026,2312,personer,ssb_07459,ekte
1532,50-66,2026,1737,personer,ssb_07459,ekte
1532,67-79,2026,1032,personer,ssb_07459,ekte
1532,80-89,2026,365,personer,ssb_07459,ekte
1532,90+,2026,76,personer,ssb_07459,ekte
1532,alle,2026,8828,personer,ssb_07459,ekte
1535,0-17,2026,1381,personer,ssb_07459,ekte
1535,18-29,2026,924,personer,ssb_07459,ekte
1535,30-49,2026,1750,personer,ssb_07459,ekte
1535,50-66,2026,1692,personer,ssb_07459,ekte
1535,67-79,2026,1134,personer,ssb_07459,ekte
1535,80-89,2026,371,personer,ssb_07459,ekte
1535,90+,2026,63,personer,ssb_07459,ekte
1535,alle,2026,7315,personer,ssb_07459,ekte
1539,0-17,2026,1440,personer,ssb_07459,ekte
1539,18-29,2026,867,personer,ssb_07459,ekte
1539,30-49,2026,1729,personer,ssb_07459,ekte
1539,50-66,2026,1589,personer,ssb_07459,ekte
1539,67-79,2026,1077,personer,ssb_07459,ekte
1539,80-89,2026,395,personer,ssb_07459,ekte
1539,90+,2026,98,personer,ssb_07459,ekte
1539,alle,2026,7195,personer,ssb_07459,ekte
1547,0-17,2026,807,personer,ssb_07459,ekte
1547,18-29,2026,552,personer,ssb_07459,ekte
1547,30-49,2026,976,personer,ssb_07459,ekte
1547,50-66,2026,739,personer,ssb_07459,ekte
1547,67-79,2026,490,personer,ssb_07459,ekte
1547,80-89,2026,174,personer,ssb_07459,ekte
1547,90+,2026,42,personer,ssb_07459,ekte
1547,alle,2026,3780,personer,ssb_07459,ekte
1554,0-17,2026,1134,personer,ssb_07459,ekte
1554,18-29,2026,773,personer,ssb_07459,ekte
1554,30-49,2026,1438,personer,ssb_07459,ekte
1554,50-66,2026,1397,personer,ssb_07459,ekte
1554,67-79,2026,923,personer,ssb_07459,ekte
1554,80-89,2026,296,personer,ssb_07459,ekte
1554,90+,2026,46,personer,ssb_07459,ekte
1554,alle,2026,6007,personer,ssb_07459,ekte
1557,0-17,2026,515,personer,ssb_07459,ekte
1557,18-29,2026,421,personer,ssb_07459,ekte
1557,30-49,2026,626,personer,ssb_07459,ekte
1557,50-66,2026,567,personer,ssb_07459,ekte
1557,67-79,2026,449,personer,ssb_07459,ekte
1557,80-89,2026,137,personer,ssb_07459,ekte
1557,90+,2026,25,personer,ssb_07459,ekte
1557,alle,2026,2740,personer,ssb_07459,ekte
1560,0-17,2026,540,personer,ssb_07459,ekte
1560,18-29,2026,380,personer,ssb_07459,ekte
1560,30-49,2026,666,personer,ssb_07459,ekte
1560,50-66,2026,756,personer,ssb_07459,ekte
1560,67-79,2026,485,personer,ssb_07459,ekte
1560,80-89,2026,205,personer,ssb_07459,ekte
1560,90+,2026,34,personer,ssb_07459,ekte
1560,alle,2026,3066,personer,ssb_07459,ekte
1563,0-17,2026,1292,personer,ssb_07459,ekte
1563,18-29,2026,941,personer,ssb_07459,ekte
1563,30-49,2026,1597,personer,ssb_07459,ekte
1563,50-66,2026,1691,personer,ssb_07459,ekte
1563,67-79,2026,1108,personer,ssb_07459,ekte
1563,80-89,2026,367,personer,ssb_07459,ekte
1563,90+,2026,98,personer,ssb_07459,ekte
1563,alle,2026,7094,personer,ssb_07459,ekte
1566,0-17,2026,1126,personer,ssb_07459,ekte
1566,18-29,2026,761,personer,ssb_07459,ekte
1566,30-49,2026,1288,personer,ssb_07459,ekte
1566,50-66,2026,1408,personer,ssb_07459,ekte
1566,67-79,2026,962,personer,ssb_07459,ekte
1566,80-89,2026,381,personer,ssb_07459,ekte
1566,90+,2026,56,personer,ssb_07459,ekte
1566,alle,2026,5982,personer,ssb_07459,ekte
1573,0-17,2026,364,personer,ssb_07459,ekte
1573,18-29,2026,257,personer,ssb_07459,ekte
1573,30-49,2026,472,personer,ssb_07459,ekte
1573,50-66,2026,519,personer,ssb_07459,ekte
1573,67-79,2026,381,personer,ssb_07459,ekte
1573,80-89,2026,119,personer,ssb_07459,ekte
1573,90+,2026,29,personer,ssb_07459,ekte
1573,alle,2026,2141,personer,ssb_07459,ekte
1576,0-17,2026,561,personer,ssb_07459,ekte
1576,18-29,2026,402,personer,ssb_07459,ekte
1576,30-49,2026,724,personer,ssb_07459,ekte
1576,50-66,2026,836,personer,ssb_07459,ekte
1576,67-79,2026,576,personer,ssb_07459,ekte
1576,80-89,2026,225,personer,ssb_07459,ekte
1576,90+,2026,47,personer,ssb_07459,ekte
1576,alle,2026,3371,personer,ssb_07459,ekte
1577,0-17,2026,2225,personer,ssb_07459,ekte
1577,18-29,2026,1940,personer,ssb_07459,ekte
1577,30-49,2026,2588,personer,ssb_07459,ekte
1577,50-66,2026,2159,personer,ssb_07459,ekte
1577,67-79,2026,1437,personer,ssb_07459,ekte
1577,80-89,2026,532,personer,ssb_07459,ekte
1577,90+,2026,128,personer,ssb_07459,ekte
1577,alle,2026,11009,personer,ssb_07459,ekte
1578,0-17,2026,447,personer,ssb_07459,ekte
1578,18-29,2026,342,personer,ssb_07459,ekte
1578,30-49,2026,517,personer,ssb_07459,ekte
1578,50-66,2026,621,personer,ssb_07459,ekte
1578,67-79,2026,409,personer,ssb_07459,ekte
1578,80-89,2026,173,personer,ssb_07459,ekte
1578,90+,2026,38,personer,ssb_07459,ekte
1578,alle,2026,2547,personer,ssb_07459,ekte
1579,0-17,2026,2733,personer,ssb_07459,ekte
1579,18-29,2026,1903,personer,ssb_07459,ekte
1579,30-49,2026,3398,personer,ssb_07459,ekte
1579,50-66,2026,2875,personer,ssb_07459,ekte
1579,67-79,2026,1880,personer,ssb_07459,ekte
1579,80-89,2026,634,personer,ssb_07459,ekte
1579,90+,2026,115,personer,ssb_07459,ekte
1579,alle,2026,13538,personer,ssb_07459,ekte
1580,0-17,2026,1860,personer,ssb_07459,ekte
1580,18-29,2026,1226,personer,ssb_07459,ekte
1580,30-49,2026,2333,personer,ssb_07459,ekte
1580,50-66,2026,2055,personer,ssb_07459,ekte
1580,67-79,2026,1381,personer,ssb_07459,ekte
1580,80-89,2026,478,personer,ssb_07459,ekte
1580,90+,2026,127,personer,ssb_07459,ekte
1580,alle,2026,9460,personer,ssb_07459,ekte
5001,0-17,2026,40202,personer,ssb_07459,ekte
5001,18-29,2026,43698,personer,ssb_07459,ekte
5001,30-49,2026,61908,personer,ssb_07459,ekte
5001,50-66,2026,41443,personer,ssb_07459,ekte
5001,67-79,2026,22184,personer,ssb_07459,ekte
5001,80-89,2026,7622,personer,ssb_07459,ekte
5001,90+,2026,1403,personer,ssb_07459,ekte
5001,alle,2026,218460,personer,ssb_07459,ekte
5006,0-17,2026,4663,personer,ssb_07459,ekte
5006,18-29,2026,3151,personer,ssb_07459,ekte
5006,30-49,2026,5584,personer,ssb_07459,ekte
5006,50-66,2026,5377,personer,ssb_07459,ekte
5006,67-79,2026,3566,personer,ssb_07459,ekte
5006,80-89,2026,1396,personer,ssb_07459,ekte
5006,90+,2026,270,personer,ssb_07459,ekte
5006,alle,2026,24007,personer,ssb_07459,ekte
5007,0-17,2026,2921,personer,ssb_07459,ekte
5007,18-29,2026,2191,personer,ssb_07459,ekte
5007,30-49,2026,3477,personer,ssb_07459,ekte
5007,50-66,2026,3405,personer,ssb_07459,ekte
5007,67-79,2026,2182,personer,ssb_07459,ekte
5007,80-89,2026,802,personer,ssb_07459,ekte
5007,90+,2026,134,personer,ssb_07459,ekte
5007,alle,2026,15112,personer,ssb_07459,ekte
5014,0-17,2026,1086,personer,ssb_07459,ekte
5014,18-29,2026,959,personer,ssb_07459,ekte
5014,30-49,2026,1685,personer,ssb_07459,ekte
5014,50-66,2026,1198,personer,ssb_07459,ekte
5014,67-79,2026,622,personer,ssb_07459,ekte
5014,80-89,2026,207,personer,ssb_07459,ekte
5014,90+,2026,37,personer,ssb_07459,ekte
5014,alle,2026,5794,personer,ssb_07459,ekte
5020,0-17,2026,143,personer,ssb_07459,ekte
5020,18-29,2026,94,personer,ssb_07459,ekte
5020,30-49,2026,195,personer,ssb_07459,ekte
5020,50-66,2026,211,personer,ssb_07459,ekte
5020,67-79,2026,188,personer,ssb_07459,ekte
5020,80-89,2026,71,personer,ssb_07459,ekte
5020,90+,2026,9,personer,ssb_07459,ekte
5020,alle,2026,911,personer,ssb_07459,ekte
5021,0-17,2026,1526,personer,ssb_07459,ekte
5021,18-29,2026,915,personer,ssb_07459,ekte
5021,30-49,2026,1765,personer,ssb_07459,ekte
5021,50-66,2026,1667,personer,ssb_07459,ekte
5021,67-79,2026,1053,personer,ssb_07459,ekte
5021,80-89,2026,420,personer,ssb_07459,ekte
5021,90+,2026,75,personer,ssb_07459,ekte
5021,alle,2026,7421,personer,ssb_07459,ekte
5022,0-17,2026,469,personer,ssb_07459,ekte
5022,18-29,2026,302,personer,ssb_07459,ekte
5022,30-49,2026,499,personer,ssb_07459,ekte
5022,50-66,2026,619,personer,ssb_07459,ekte
5022,67-79,2026,425,personer,ssb_07459,ekte
5022,80-89,2026,168,personer,ssb_07459,ekte
5022,90+,2026,32,personer,ssb_07459,ekte
5022,alle,2026,2514,personer,ssb_07459,ekte
5025,0-17,2026,977,personer,ssb_07459,ekte
5025,18-29,2026,639,personer,ssb_07459,ekte
5025,30-49,2026,1291,personer,ssb_07459,ekte
5025,50-66,2026,1333,personer,ssb_07459,ekte
5025,67-79,2026,1002,personer,ssb_07459,ekte
5025,80-89,2026,351,personer,ssb_07459,ekte
5025,90+,2026,45,personer,ssb_07459,ekte
5025,alle,2026,5638,personer,ssb_07459,ekte
5026,0-17,2026,355,personer,ssb_07459,ekte
5026,18-29,2026,243,personer,ssb_07459,ekte
5026,30-49,2026,408,personer,ssb_07459,ekte
5026,50-66,2026,491,personer,ssb_07459,ekte
5026,67-79,2026,347,personer,ssb_07459,ekte
5026,80-89,2026,178,personer,ssb_07459,ekte
5026,90+,2026,15,personer,ssb_07459,ekte
5026,alle,2026,2037,personer,ssb_07459,ekte
5027,0-17,2026,1256,personer,ssb_07459,ekte
5027,18-29,2026,769,personer,ssb_07459,ekte
5027,30-49,2026,1469,personer,ssb_07459,ekte
5027,50-66,2026,1405,personer,ssb_07459,ekte
5027,67-79,2026,796,personer,ssb_07459,ekte
5027,80-89,2026,324,personer,ssb_07459,ekte
5027,90+,2026,69,personer,ssb_07459,ekte
5027,alle,2026,6088,personer,ssb_07459,ekte
5028,0-17,2026,3852,personer,ssb_07459,ekte
5028,18-29,2026,2508,personer,ssb_07459,ekte
5028,30-49,2026,4726,personer,ssb_07459,ekte
5028,50-66,2026,3796,personer,ssb_07459,ekte
5028,67-79,2026,2020,personer,ssb_07459,ekte
5028,80-89,2026,783,personer,ssb_07459,ekte
5028,90+,2026,143,personer,ssb_07459,ekte
5028,alle,2026,17828,personer,ssb_07459,ekte
5029,0-17,2026,2046,personer,ssb_07459,ekte
5029,18-29,2026,1107,personer,ssb_07459,ekte
5029,30-49,2026,2362,personer,ssb_07459,ekte
5029,50-66,2026,1802,personer,ssb_07459,ekte
5029,67-79,2026,898,personer,ssb_07459,ekte
5029,80-89,2026,305,personer,ssb_07459,ekte
5029,90+,2026,54,personer,ssb_07459,ekte
5029,alle,2026,8574,personer,ssb_07459,ekte
5031,0-17,2026,3470,personer,ssb_07459,ekte
5031,18-29,2026,1933,personer,ssb_07459,ekte
5031,30-49,2026,4132,personer,ssb_07459,ekte
5031,50-66,2026,3354,personer,ssb_07459,ekte
5031,67-79,2026,1450,personer,ssb_07459,ekte
5031,80-89,2026,533,personer,ssb_07459,ekte
5031,90+,2026,89,personer,ssb_07459,ekte
5031,alle,2026,14961,personer,ssb_07459,ekte
5032,0-17,2026,789,personer,ssb_07459,ekte
5032,18-29,2026,543,personer,ssb_07459,ekte
5032,30-49,2026,999,personer,ssb_07459,ekte
5032,50-66,2026,1000,personer,ssb_07459,ekte
5032,67-79,2026,616,personer,ssb_07459,ekte
5032,80-89,2026,257,personer,ssb_07459,ekte
5032,90+,2026,54,personer,ssb_07459,ekte
5032,alle,2026,4258,personer,ssb_07459,ekte
5033,0-17,2026,121,personer,ssb_07459,ekte
5033,18-29,2026,71,personer,ssb_07459,ekte
5033,30-49,2026,158,personer,ssb_07459,ekte
5033,50-66,2026,204,personer,ssb_07459,ekte
5033,67-79,2026,137,personer,ssb_07459,ekte
5033,80-89,2026,68,personer,ssb_07459,ekte
5033,90+,2026,14,personer,ssb_07459,ekte
5033,alle,2026,773,personer,ssb_07459,ekte
5034,0-17,2026,439,personer,ssb_07459,ekte
5034,18-29,2026,303,personer,ssb_07459,ekte
5034,30-49,2026,566,personer,ssb_07459,ekte
5034,50-66,2026,585,personer,ssb_07459,ekte
5034,67-79,2026,414,personer,ssb_07459,ekte
5034,80-89,2026,135,personer,ssb_07459,ekte
5034,90+,2026,18,personer,ssb_07459,ekte
5034,alle,2026,2460,personer,ssb_07459,ekte
5035,0-17,2026,5134,personer,ssb_07459,ekte
5035,18-29,2026,3536,personer,ssb_07459,ekte
5035,30-49,2026,6079,personer,ssb_07459,ekte
5035,50-66,2026,5691,personer,ssb_07459,ekte
5035,67-79,2026,3228,personer,ssb_07459,ekte
5035,80-89,2026,1260,personer,ssb_07459,ekte
5035,90+,2026,180,personer,ssb_07459,ekte
5035,alle,2026,25108,personer,ssb_07459,ekte
5036,0-17,2026,495,personer,ssb_07459,ekte
5036,18-29,2026,334,personer,ssb_07459,ekte
5036,30-49,2026,584,personer,ssb_07459,ekte
5036,50-66,2026,660,personer,ssb_07459,ekte
5036,67-79,2026,412,personer,ssb_07459,ekte
5036,80-89,2026,144,personer,ssb_07459,ekte
5036,90+,2026,38,personer,ssb_07459,ekte
5036,alle,2026,2667,personer,ssb_07459,ekte
5037,0-17,2026,4272,personer,ssb_07459,ekte
5037,18-29,2026,3161,personer,ssb_07459,ekte
5037,30-49,2026,4958,personer,ssb_07459,ekte
5037,50-66,2026,4398,personer,ssb_07459,ekte
5037,67-79,2026,2818,personer,ssb_07459,ekte
5037,80-89,2026,1011,personer,ssb_07459,ekte
5037,90+,2026,189,personer,ssb_07459,ekte
5037,alle,2026,20807,personer,ssb_07459,ekte
5038,0-17,2026,2997,personer,ssb_07459,ekte
5038,18-29,2026,2181,personer,ssb_07459,ekte
5038,30-49,2026,3710,personer,ssb_07459,ekte
5038,50-66,2026,3406,personer,ssb_07459,ekte
5038,67-79,2026,2226,personer,ssb_07459,ekte
5038,80-89,2026,779,personer,ssb_07459,ekte
5038,90+,2026,136,personer,ssb_07459,ekte
5038,alle,2026,15435,personer,ssb_07459,ekte
5041,0-17,2026,406,personer,ssb_07459,ekte
5041,18-29,2026,322,personer,ssb_07459,ekte
5041,30-49,2026,437,personer,ssb_07459,ekte
5041,50-66,2026,491,personer,ssb_07459,ekte
5041,67-79,2026,309,personer,ssb_07459,ekte
5041,80-89,2026,151,personer,ssb_07459,ekte
5041,90+,2026,25,personer,ssb_07459,ekte
5041,alle,2026,2141,personer,ssb_07459,ekte
5042,0-17,2026,211,personer,ssb_07459,ekte
5042,18-29,2026,179,personer,ssb_07459,ekte
5042,30-49,2026,253,personer,ssb_07459,ekte
5042,50-66,2026,326,personer,ssb_07459,ekte
5042,67-79,2026,232,personer,ssb_07459,ekte
5042,80-89,2026,88,personer,ssb_07459,ekte
5042,90+,2026,13,personer,ssb_07459,ekte
5042,alle,2026,1302,personer,ssb_07459,ekte
5043,0-17,2026,81,personer,ssb_07459,ekte
5043,18-29,2026,44,personer,ssb_07459,ekte
5043,30-49,2026,95,personer,ssb_07459,ekte
5043,50-66,2026,90,personer,ssb_07459,ekte
5043,67-79,2026,90,personer,ssb_07459,ekte
5043,80-89,2026,33,personer,ssb_07459,ekte
5043,90+,2026,6,personer,ssb_07459,ekte
5043,alle,2026,439,personer,ssb_07459,ekte
5044,0-17,2026,130,personer,ssb_07459,ekte
5044,18-29,2026,100,personer,ssb_07459,ekte
5044,30-49,2026,153,personer,ssb_07459,ekte
5044,50-66,2026,219,personer,ssb_07459,ekte
5044,67-79,2026,127,personer,ssb_07459,ekte
5044,80-89,2026,61,personer,ssb_07459,ekte
5044,90+,2026,13,personer,ssb_07459,ekte
5044,alle,2026,803,personer,ssb_07459,ekte
5045,0-17,2026,448,personer,ssb_07459,ekte
5045,18-29,2026,258,personer,ssb_07459,ekte
5045,30-49,2026,498,personer,ssb_07459,ekte
5045,50-66,2026,523,personer,ssb_07459,ekte
5045,67-79,2026,373,personer,ssb_07459,ekte
5045,80-89,2026,152,personer,ssb_07459,ekte
5045,90+,2026,40,personer,ssb_07459,ekte
5045,alle,2026,2292,personer,ssb_07459,ekte
5046,0-17,2026,230,personer,ssb_07459,ekte
5046,18-29,2026,171,personer,ssb_07459,ekte
5046,30-49,2026,250,personer,ssb_07459,ekte
5046,50-66,2026,272,personer,ssb_07459,ekte
5046,67-79,2026,208,personer,ssb_07459,ekte
5046,80-89,2026,84,personer,ssb_07459,ekte
5046,90+,2026,15,personer,ssb_07459,ekte
5046,alle,2026,1230,personer,ssb_07459,ekte
5047,0-17,2026,918,personer,ssb_07459,ekte
5047,18-29,2026,521,personer,ssb_07459,ekte
5047,30-49,2026,1014,personer,ssb_07459,ekte
5047,50-66,2026,804,personer,ssb_07459,ekte
5047,67-79,2026,476,personer,ssb_07459,ekte
5047,80-89,2026,178,personer,ssb_07459,ekte
5047,90+,2026,33,personer,ssb_07459,ekte
5047,alle,2026,3944,personer,ssb_07459,ekte
5049,0-17,2026,182,personer,ssb_07459,ekte
5049,18-29,2026,137,personer,ssb_07459,ekte
5049,30-49,2026,235,personer,ssb_07459,ekte
5049,50-66,2026,263,personer,ssb_07459,ekte
5049,67-79,2026,203,personer,ssb_07459,ekte
5049,80-89,2026,79,personer,ssb_07459,ekte
5049,90+,2026,11,personer,ssb_07459,ekte
5049,alle,2026,1110,personer,ssb_07459,ekte
5052,0-17,2026,107,personer,ssb_07459,ekte
5052,18-29,2026,60,personer,ssb_07459,ekte
5052,30-49,2026,109,personer,ssb_07459,ekte
5052,50-66,2026,145,personer,ssb_07459,ekte
5052,67-79,2026,115,personer,ssb_07459,ekte
5052,80-89,2026,56,personer,ssb_07459,ekte
5052,90+,2026,4,personer,ssb_07459,ekte
5052,alle,2026,596,personer,ssb_07459,ekte
5053,0-17,2026,1470,personer,ssb_07459,ekte
5053,18-29,2026,883,personer,ssb_07459,ekte
5053,30-49,2026,1660,personer,ssb_07459,ekte
5053,50-66,2026,1549,personer,ssb_07459,ekte
5053,67-79,2026,1096,personer,ssb_07459,ekte
5053,80-89,2026,352,personer,ssb_07459,ekte
5053,90+,2026,56,personer,ssb_07459,ekte
5053,alle,2026,7066,personer,ssb_07459,ekte
5054,0-17,2026,1880,personer,ssb_07459,ekte
5054,18-29,2026,1278,personer,ssb_07459,ekte
5054,30-49,2026,2163,personer,ssb_07459,ekte
5054,50-66,2026,2394,personer,ssb_07459,ekte
5054,67-79,2026,1576,personer,ssb_07459,ekte
5054,80-89,2026,608,personer,ssb_07459,ekte
5054,90+,2026,107,personer,ssb_07459,ekte
5054,alle,2026,10006,personer,ssb_07459,ekte
5055,0-17,2026,1134,personer,ssb_07459,ekte
5055,18-29,2026,799,personer,ssb_07459,ekte
5055,30-49,2026,1332,personer,ssb_07459,ekte
5055,50-66,2026,1385,personer,ssb_07459,ekte
5055,67-79,2026,978,personer,ssb_07459,ekte
5055,80-89,2026,384,personer,ssb_07459,ekte
5055,90+,2026,63,personer,ssb_07459,ekte
5055,alle,2026,6075,personer,ssb_07459,ekte
5056,0-17,2026,1011,personer,ssb_07459,ekte
5056,18-29,2026,823,personer,ssb_07459,ekte
5056,30-49,2026,1485,personer,ssb_07459,ekte
5056,50-66,2026,1250,personer,ssb_07459,ekte
5056,67-79,2026,677,personer,ssb_07459,ekte
5056,80-89,2026,274,personer,ssb_07459,ekte
5056,90+,2026,48,personer,ssb_07459,ekte
5056,alle,2026,5568,personer,ssb_07459,ekte
5057,0-17,2026,2119,personer,ssb_07459,ekte
5057,18-29,2026,1621,personer,ssb_07459,ekte
5057,30-49,2026,2535,personer,ssb_07459,ekte
5057,50-66,2026,2294,personer,ssb_07459,ekte
5057,67-79,2026,1426,personer,ssb_07459,ekte
5057,80-89,2026,595,personer,ssb_07459,ekte
5057,90+,2026,116,personer,ssb_07459,ekte
5057,alle,2026,10706,personer,ssb_07459,ekte
5058,0-17,2026,823,personer,ssb_07459,ekte
5058,18-29,2026,545,personer,ssb_07459,ekte
5058,30-49,2026,882,personer,ssb_07459,ekte
5058,50-66,2026,1060,personer,ssb_07459,ekte
5058,67-79,2026,691,personer,ssb_07459,ekte
5058,80-89,2026,291,personer,ssb_07459,ekte
5058,90+,2026,48,personer,ssb_07459,ekte
5058,alle,2026,4340,personer,ssb_07459,ekte
5059,0-17,2026,3640,personer,ssb_07459,ekte
5059,18-29,2026,2416,personer,ssb_07459,ekte
5059,30-49,2026,4594,personer,ssb_07459,ekte
5059,50-66,2026,4263,personer,ssb_07459,ekte
5059,67-79,2026,2789,personer,ssb_07459,ekte
5059,80-89,2026,952,personer,ssb_07459,ekte
5059,90+,2026,186,personer,ssb_07459,ekte
5059,alle,2026,18840,personer,ssb_07459,ekte
5060,0-17,2026,2152,personer,ssb_07459,ekte
5060,18-29,2026,1388,personer,ssb_07459,ekte
5060,30-49,2026,2392,personer,ssb_07459,ekte
5060,50-66,2026,2198,personer,ssb_07459,ekte
5060,67-79,2026,1229,personer,ssb_07459,ekte
5060,80-89,2026,462,personer,ssb_07459,ekte
5060,90+,2026,99,personer,ssb_07459,ekte
5060,alle,2026,9920,personer,ssb_07459,ekte
5061,0-17,2026,364,personer,ssb_07459,ekte
5061,18-29,2026,225,personer,ssb_07459,ekte
5061,30-49,2026,406,personer,ssb_07459,ekte
5061,50-66,2026,470,personer,ssb_07459,ekte
5061,67-79,2026,306,personer,ssb_07459,ekte
5061,80-89,2026,131,personer,ssb_07459,ekte
5061,90+,2026,33,personer,ssb_07459,ekte
5061,alle,2026,1935,personer,ssb_07459,ekte
1804,0-17,2026,10347,personer,ssb_07459,ekte
1804,18-29,2026,8307,personer,ssb_07459,ekte
1804,30-49,2026,14756,personer,ssb_07459,ekte
1804,50-66,2026,11403,personer,ssb_07459,ekte
1804,67-79,2026,6176,personer,ssb_07459,ekte
1804,80-89,2026,2233,personer,ssb_07459,ekte
1804,90+,2026,416,personer,ssb_07459,ekte
1804,alle,2026,53638,personer,ssb_07459,ekte
1806,0-17,2026,3903,personer,ssb_07459,ekte
1806,18-29,2026,2973,personer,ssb_07459,ekte
1806,30-49,2026,5287,personer,ssb_07459,ekte
1806,50-66,2026,4878,personer,ssb_07459,ekte
1806,67-79,2026,3236,personer,ssb_07459,ekte
1806,80-89,2026,1144,personer,ssb_07459,ekte
1806,90+,2026,226,personer,ssb_07459,ekte
1806,alle,2026,21647,personer,ssb_07459,ekte
1811,0-17,2026,240,personer,ssb_07459,ekte
1811,18-29,2026,133,personer,ssb_07459,ekte
1811,30-49,2026,258,personer,ssb_07459,ekte
1811,50-66,2026,322,personer,ssb_07459,ekte
1811,67-79,2026,277,personer,ssb_07459,ekte
1811,80-89,2026,117,personer,ssb_07459,ekte
1811,90+,2026,14,personer,ssb_07459,ekte
1811,alle,2026,1361,personer,ssb_07459,ekte
1812,0-17,2026,364,personer,ssb_07459,ekte
1812,18-29,2026,251,personer,ssb_07459,ekte
1812,30-49,2026,437,personer,ssb_07459,ekte
1812,50-66,2026,510,personer,ssb_07459,ekte
1812,67-79,2026,306,personer,ssb_07459,ekte
1812,80-89,2026,113,personer,ssb_07459,ekte
1812,90+,2026,25,personer,ssb_07459,ekte
1812,alle,2026,2006,personer,ssb_07459,ekte
1813,0-17,2026,1525,personer,ssb_07459,ekte
1813,18-29,2026,1024,personer,ssb_07459,ekte
1813,30-49,2026,1888,personer,ssb_07459,ekte
1813,50-66,2026,1882,personer,ssb_07459,ekte
1813,67-79,2026,1050,personer,ssb_07459,ekte
1813,80-89,2026,396,personer,ssb_07459,ekte
1813,90+,2026,76,personer,ssb_07459,ekte
1813,alle,2026,7841,personer,ssb_07459,ekte
1815,0-17,2026,195,personer,ssb_07459,ekte
1815,18-29,2026,156,personer,ssb_07459,ekte
1815,30-49,2026,226,personer,ssb_07459,ekte
1815,50-66,2026,329,personer,ssb_07459,ekte
1815,67-79,2026,208,personer,ssb_07459,ekte
1815,80-89,2026,76,personer,ssb_07459,ekte
1815,90+,2026,12,personer,ssb_07459,ekte
1815,alle,2026,1202,personer,ssb_07459,ekte
1816,0-17,2026,93,personer,ssb_07459,ekte
1816,18-29,2026,60,personer,ssb_07459,ekte
1816,30-49,2026,81,personer,ssb_07459,ekte
1816,50-66,2026,104,personer,ssb_07459,ekte
1816,67-79,2026,97,personer,ssb_07459,ekte
1816,80-89,2026,38,personer,ssb_07459,ekte
1816,90+,2026,4,personer,ssb_07459,ekte
1816,alle,2026,477,personer,ssb_07459,ekte
1818,0-17,2026,358,personer,ssb_07459,ekte
1818,18-29,2026,194,personer,ssb_07459,ekte
1818,30-49,2026,487,personer,ssb_07459,ekte
1818,50-66,2026,429,personer,ssb_07459,ekte
1818,67-79,2026,281,personer,ssb_07459,ekte
1818,80-89,2026,102,personer,ssb_07459,ekte
1818,90+,2026,23,personer,ssb_07459,ekte
1818,alle,2026,1874,personer,ssb_07459,ekte
1820,0-17,2026,1403,personer,ssb_07459,ekte
1820,18-29,2026,978,personer,ssb_07459,ekte
1820,30-49,2026,1835,personer,ssb_07459,ekte
1820,50-66,2026,1708,personer,ssb_07459,ekte
1820,67-79,2026,1111,personer,ssb_07459,ekte
1820,80-89,2026,387,personer,ssb_07459,ekte
1820,90+,2026,67,personer,ssb_07459,ekte
1820,alle,2026,7489,personer,ssb_07459,ekte
1822,0-17,2026,545,personer,ssb_07459,ekte
1822,18-29,2026,245,personer,ssb_07459,ekte
1822,30-49,2026,597,personer,ssb_07459,ekte
1822,50-66,2026,523,personer,ssb_07459,ekte
1822,67-79,2026,355,personer,ssb_07459,ekte
1822,80-89,2026,102,personer,ssb_07459,ekte
1822,90+,2026,25,personer,ssb_07459,ekte
1822,alle,2026,2392,personer,ssb_07459,ekte
1824,0-17,2026,2506,personer,ssb_07459,ekte
1824,18-29,2026,1841,personer,ssb_07459,ekte
1824,30-49,2026,3207,personer,ssb_07459,ekte
1824,50-66,2026,3142,personer,ssb_07459,ekte
1824,67-79,2026,1885,personer,ssb_07459,ekte
1824,80-89,2026,752,personer,ssb_07459,ekte
1824,90+,2026,148,personer,ssb_07459,ekte
1824,alle,2026,13481,personer,ssb_07459,ekte
1825,0-17,2026,224,personer,ssb_07459,ekte
1825,18-29,2026,191,personer,ssb_07459,ekte
1825,30-49,2026,290,personer,ssb_07459,ekte
1825,50-66,2026,353,personer,ssb_07459,ekte
1825,67-79,2026,229,personer,ssb_07459,ekte
1825,80-89,2026,109,personer,ssb_07459,ekte
1825,90+,2026,19,personer,ssb_07459,ekte
1825,alle,2026,1415,personer,ssb_07459,ekte
1826,0-17,2026,199,personer,ssb_07459,ekte
1826,18-29,2026,152,personer,ssb_07459,ekte
1826,30-49,2026,231,personer,ssb_07459,ekte
1826,50-66,2026,331,personer,ssb_07459,ekte
1826,67-79,2026,215,personer,ssb_07459,ekte
1826,80-89,2026,108,personer,ssb_07459,ekte
1826,90+,2026,19,personer,ssb_07459,ekte
1826,alle,2026,1255,personer,ssb_07459,ekte
1827,0-17,2026,244,personer,ssb_07459,ekte
1827,18-29,2026,186,personer,ssb_07459,ekte
1827,30-49,2026,303,personer,ssb_07459,ekte
1827,50-66,2026,349,personer,ssb_07459,ekte
1827,67-79,2026,258,personer,ssb_07459,ekte
1827,80-89,2026,95,personer,ssb_07459,ekte
1827,90+,2026,10,personer,ssb_07459,ekte
1827,alle,2026,1445,personer,ssb_07459,ekte
1828,0-17,2026,330,personer,ssb_07459,ekte
1828,18-29,2026,256,personer,ssb_07459,ekte
1828,30-49,2026,436,personer,ssb_07459,ekte
1828,50-66,2026,411,personer,ssb_07459,ekte
1828,67-79,2026,256,personer,ssb_07459,ekte
1828,80-89,2026,91,personer,ssb_07459,ekte
1828,90+,2026,16,personer,ssb_07459,ekte
1828,alle,2026,1796,personer,ssb_07459,ekte
1832,0-17,2026,825,personer,ssb_07459,ekte
1832,18-29,2026,552,personer,ssb_07459,ekte
1832,30-49,2026,1046,personer,ssb_07459,ekte
1832,50-66,2026,1035,personer,ssb_07459,ekte
1832,67-79,2026,663,personer,ssb_07459,ekte
1832,80-89,2026,299,personer,ssb_07459,ekte
1832,90+,2026,66,personer,ssb_07459,ekte
1832,alle,2026,4486,personer,ssb_07459,ekte
1833,0-17,2026,4745,personer,ssb_07459,ekte
1833,18-29,2026,3626,personer,ssb_07459,ekte
1833,30-49,2026,6369,personer,ssb_07459,ekte
1833,50-66,2026,5963,personer,ssb_07459,ekte
1833,67-79,2026,3511,personer,ssb_07459,ekte
1833,80-89,2026,1359,personer,ssb_07459,ekte
1833,90+,2026,271,personer,ssb_07459,ekte
1833,alle,2026,25844,personer,ssb_07459,ekte
1834,0-17,2026,332,personer,ssb_07459,ekte
1834,18-29,2026,251,personer,ssb_07459,ekte
1834,30-49,2026,475,personer,ssb_07459,ekte
1834,50-66,2026,439,personer,ssb_07459,ekte
1834,67-79,2026,291,personer,ssb_07459,ekte
1834,80-89,2026,131,personer,ssb_07459,ekte
1834,90+,2026,34,personer,ssb_07459,ekte
1834,alle,2026,1953,personer,ssb_07459,ekte
1835,0-17,2026,59,personer,ssb_07459,ekte
1835,18-29,2026,75,personer,ssb_07459,ekte
1835,30-49,2026,127,personer,ssb_07459,ekte
1835,50-66,2026,107,personer,ssb_07459,ekte
1835,67-79,2026,57,personer,ssb_07459,ekte
1835,80-89,2026,16,personer,ssb_07459,ekte
1835,90+,2026,2,personer,ssb_07459,ekte
1835,alle,2026,443,personer,ssb_07459,ekte
1836,0-17,2026,201,personer,ssb_07459,ekte
1836,18-29,2026,153,personer,ssb_07459,ekte
1836,30-49,2026,239,personer,ssb_07459,ekte
1836,50-66,2026,272,personer,ssb_07459,ekte
1836,67-79,2026,191,personer,ssb_07459,ekte
1836,80-89,2026,75,personer,ssb_07459,ekte
1836,90+,2026,9,personer,ssb_07459,ekte
1836,alle,2026,1140,personer,ssb_07459,ekte
1837,0-17,2026,1156,personer,ssb_07459,ekte
1837,18-29,2026,754,personer,ssb_07459,ekte
1837,30-49,2026,1372,personer,ssb_07459,ekte
1837,50-66,2026,1439,personer,ssb_07459,ekte
1837,67-79,2026,948,personer,ssb_07459,ekte
1837,80-89,2026,319,personer,ssb_07459,ekte
1837,90+,2026,86,personer,ssb_07459,ekte
1837,alle,2026,6074,personer,ssb_07459,ekte
1838,0-17,2026,307,personer,ssb_07459,ekte
1838,18-29,2026,248,personer,ssb_07459,ekte
1838,30-49,2026,428,personer,ssb_07459,ekte
1838,50-66,2026,503,personer,ssb_07459,ekte
1838,67-79,2026,401,personer,ssb_07459,ekte
1838,80-89,2026,111,personer,ssb_07459,ekte
1838,90+,2026,26,personer,ssb_07459,ekte
1838,alle,2026,2024,personer,ssb_07459,ekte
1839,0-17,2026,162,personer,ssb_07459,ekte
1839,18-29,2026,101,personer,ssb_07459,ekte
1839,30-49,2026,219,personer,ssb_07459,ekte
1839,50-66,2026,247,personer,ssb_07459,ekte
1839,67-79,2026,197,personer,ssb_07459,ekte
1839,80-89,2026,85,personer,ssb_07459,ekte
1839,90+,2026,21,personer,ssb_07459,ekte
1839,alle,2026,1032,personer,ssb_07459,ekte
1840,0-17,2026,903,personer,ssb_07459,ekte
1840,18-29,2026,644,personer,ssb_07459,ekte
1840,30-49,2026,1111,personer,ssb_07459,ekte
1840,50-66,2026,1100,personer,ssb_07459,ekte
1840,67-79,2026,789,personer,ssb_07459,ekte
1840,80-89,2026,273,personer,ssb_07459,ekte
1840,90+,2026,45,personer,ssb_07459,ekte
1840,alle,2026,4865,personer,ssb_07459,ekte
1841,0-17,2026,1660,personer,ssb_07459,ekte
1841,18-29,2026,1341,personer,ssb_07459,ekte
1841,30-49,2026,2270,personer,ssb_07459,ekte
1841,50-66,2026,2232,personer,ssb_07459,ekte
1841,67-79,2026,1532,personer,ssb_07459,ekte
1841,80-89,2026,584,personer,ssb_07459,ekte
1841,90+,2026,88,personer,ssb_07459,ekte
1841,alle,2026,9707,personer,ssb_07459,ekte
1845,0-17,2026,282,personer,ssb_07459,ekte
1845,18-29,2026,219,personer,ssb_07459,ekte
1845,30-49,2026,365,personer,ssb_07459,ekte
1845,50-66,2026,469,personer,ssb_07459,ekte
1845,67-79,2026,335,personer,ssb_07459,ekte
1845,80-89,2026,125,personer,ssb_07459,ekte
1845,90+,2026,24,personer,ssb_07459,ekte
1845,alle,2026,1819,personer,ssb_07459,ekte
1848,0-17,2026,456,personer,ssb_07459,ekte
1848,18-29,2026,332,personer,ssb_07459,ekte
1848,30-49,2026,625,personer,ssb_07459,ekte
1848,50-66,2026,617,personer,ssb_07459,ekte
1848,67-79,2026,469,personer,ssb_07459,ekte
1848,80-89,2026,153,personer,ssb_07459,ekte
1848,90+,2026,27,personer,ssb_07459,ekte
1848,alle,2026,2679,personer,ssb_07459,ekte
1851,0-17,2026,277,personer,ssb_07459,ekte
1851,18-29,2026,212,personer,ssb_07459,ekte
1851,30-49,2026,353,personer,ssb_07459,ekte
1851,50-66,2026,516,personer,ssb_07459,ekte
1851,67-79,2026,394,personer,ssb_07459,ekte
1851,80-89,2026,183,personer,ssb_07459,ekte
1851,90+,2026,29,personer,ssb_07459,ekte
1851,alle,2026,1964,personer,ssb_07459,ekte
1853,0-17,2026,189,personer,ssb_07459,ekte
1853,18-29,2026,231,personer,ssb_07459,ekte
1853,30-49,2026,267,personer,ssb_07459,ekte
1853,50-66,2026,331,personer,ssb_07459,ekte
1853,67-79,2026,258,personer,ssb_07459,ekte
1853,80-89,2026,100,personer,ssb_07459,ekte
1853,90+,2026,21,personer,ssb_07459,ekte
1853,alle,2026,1397,personer,ssb_07459,ekte
1856,0-17,2026,67,personer,ssb_07459,ekte
1856,18-29,2026,57,personer,ssb_07459,ekte
1856,30-49,2026,101,personer,ssb_07459,ekte
1856,50-66,2026,133,personer,ssb_07459,ekte
1856,67-79,2026,83,personer,ssb_07459,ekte
1856,80-89,2026,22,personer,ssb_07459,ekte
1856,90+,2026,8,personer,ssb_07459,ekte
1856,alle,2026,471,personer,ssb_07459,ekte
1857,0-17,2026,106,personer,ssb_07459,ekte
1857,18-29,2026,74,personer,ssb_07459,ekte
1857,30-49,2026,148,personer,ssb_07459,ekte
1857,50-66,2026,180,personer,ssb_07459,ekte
1857,67-79,2026,100,personer,ssb_07459,ekte
1857,80-89,2026,44,personer,ssb_07459,ekte
1857,90+,2026,4,personer,ssb_07459,ekte
1857,alle,2026,656,personer,ssb_07459,ekte
1859,0-17,2026,181,personer,ssb_07459,ekte
1859,18-29,2026,156,personer,ssb_07459,ekte
1859,30-49,2026,304,personer,ssb_07459,ekte
1859,50-66,2026,303,personer,ssb_07459,ekte
1859,67-79,2026,206,personer,ssb_07459,ekte
1859,80-89,2026,68,personer,ssb_07459,ekte
1859,90+,2026,17,personer,ssb_07459,ekte
1859,alle,2026,1235,personer,ssb_07459,ekte
1860,0-17,2026,2339,personer,ssb_07459,ekte
1860,18-29,2026,1692,personer,ssb_07459,ekte
1860,30-49,2026,2889,personer,ssb_07459,ekte
1860,50-66,2026,2473,personer,ssb_07459,ekte
1860,67-79,2026,1584,personer,ssb_07459,ekte
1860,80-89,2026,518,personer,ssb_07459,ekte
1860,90+,2026,111,personer,ssb_07459,ekte
1860,alle,2026,11606,personer,ssb_07459,ekte
1865,0-17,2026,1799,personer,ssb_07459,ekte
1865,18-29,2026,1343,personer,ssb_07459,ekte
1865,30-49,2026,2667,personer,ssb_07459,ekte
1865,50-66,2026,2149,personer,ssb_07459,ekte
1865,67-79,2026,1397,personer,ssb_07459,ekte
1865,80-89,2026,480,personer,ssb_07459,ekte
1865,90+,2026,70,personer,ssb_07459,ekte
1865,alle,2026,9905,personer,ssb_07459,ekte
1866,0-17,2026,1530,personer,ssb_07459,ekte
1866,18-29,2026,1114,personer,ssb_07459,ekte
1866,30-49,2026,2028,personer,ssb_07459,ekte
1866,50-66,2026,1905,personer,ssb_07459,ekte
1866,67-79,2026,1241,personer,ssb_07459,ekte
1866,80-89,2026,478,personer,ssb_07459,ekte
1866,90+,2026,78,personer,ssb_07459,ekte
1866,alle,2026,8374,personer,ssb_07459,ekte
1867,0-17,2026,375,personer,ssb_07459,ekte
1867,18-29,2026,304,personer,ssb_07459,ekte
1867,30-49,2026,532,personer,ssb_07459,ekte
1867,50-66,2026,659,personer,ssb_07459,ekte
1867,67-79,2026,453,personer,ssb_07459,ekte
1867,80-89,2026,239,personer,ssb_07459,ekte
1867,90+,2026,47,personer,ssb_07459,ekte
1867,alle,2026,2609,personer,ssb_07459,ekte
1868,0-17,2026,795,personer,ssb_07459,ekte
1868,18-29,2026,630,personer,ssb_07459,ekte
1868,30-49,2026,1148,personer,ssb_07459,ekte
1868,50-66,2026,1120,personer,ssb_07459,ekte
1868,67-79,2026,635,personer,ssb_07459,ekte
1868,80-89,2026,226,personer,ssb_07459,ekte
1868,90+,2026,59,personer,ssb_07459,ekte
1868,alle,2026,4613,personer,ssb_07459,ekte
1870,0-17,2026,2172,personer,ssb_07459,ekte
1870,18-29,2026,1511,personer,ssb_07459,ekte
1870,30-49,2026,2709,personer,ssb_07459,ekte
1870,50-66,2026,2338,personer,ssb_07459,ekte
1870,67-79,2026,1426,personer,ssb_07459,ekte
1870,80-89,2026,513,personer,ssb_07459,ekte
1870,90+,2026,79,personer,ssb_07459,ekte
1870,alle,2026,10748,personer,ssb_07459,ekte
1871,0-17,2026,770,personer,ssb_07459,ekte
1871,18-29,2026,572,personer,ssb_07459,ekte
1871,30-49,2026,1017,personer,ssb_07459,ekte
1871,50-66,2026,1061,personer,ssb_07459,ekte
1871,67-79,2026,745,personer,ssb_07459,ekte
1871,80-89,2026,308,personer,ssb_07459,ekte
1871,90+,2026,52,personer,ssb_07459,ekte
1871,alle,2026,4525,personer,ssb_07459,ekte
1874,0-17,2026,105,personer,ssb_07459,ekte
1874,18-29,2026,108,personer,ssb_07459,ekte
1874,30-49,2026,301,personer,ssb_07459,ekte
1874,50-66,2026,227,personer,ssb_07459,ekte
1874,67-79,2026,152,personer,ssb_07459,ekte
1874,80-89,2026,63,personer,ssb_07459,ekte
1874,90+,2026,20,personer,ssb_07459,ekte
1874,alle,2026,976,personer,ssb_07459,ekte
1875,0-17,2026,469,personer,ssb_07459,ekte
1875,18-29,2026,363,personer,ssb_07459,ekte
1875,30-49,2026,654,personer,ssb_07459,ekte
1875,50-66,2026,627,personer,ssb_07459,ekte
1875,67-79,2026,498,personer,ssb_07459,ekte
1875,80-89,2026,178,personer,ssb_07459,ekte
1875,90+,2026,19,personer,ssb_07459,ekte
1875,alle,2026,2808,personer,ssb_07459,ekte
5501,0-17,2026,14684,personer,ssb_07459,ekte
5501,18-29,2026,14332,personer,ssb_07459,ekte
5501,30-49,2026,23097,personer,ssb_07459,ekte
5501,50-66,2026,16574,personer,ssb_07459,ekte
5501,67-79,2026,8168,personer,ssb_07459,ekte
5501,80-89,2026,2652,personer,ssb_07459,ekte
5501,90+,2026,436,personer,ssb_07459,ekte
5501,alle,2026,79943,personer,ssb_07459,ekte
5503,0-17,2026,4716,personer,ssb_07459,ekte
5503,18-29,2026,3539,personer,ssb_07459,ekte
5503,30-49,2026,6425,personer,ssb_07459,ekte
5503,50-66,2026,5398,personer,ssb_07459,ekte
5503,67-79,2026,3616,personer,ssb_07459,ekte
5503,80-89,2026,1287,personer,ssb_07459,ekte
5503,90+,2026,223,personer,ssb_07459,ekte
5503,alle,2026,25204,personer,ssb_07459,ekte
5510,0-17,2026,515,personer,ssb_07459,ekte
5510,18-29,2026,357,personer,ssb_07459,ekte
5510,30-49,2026,663,personer,ssb_07459,ekte
5510,50-66,2026,706,personer,ssb_07459,ekte
5510,67-79,2026,472,personer,ssb_07459,ekte
5510,80-89,2026,155,personer,ssb_07459,ekte
5510,90+,2026,33,personer,ssb_07459,ekte
5510,alle,2026,2901,personer,ssb_07459,ekte
5512,0-17,2026,670,personer,ssb_07459,ekte
5512,18-29,2026,486,personer,ssb_07459,ekte
5512,30-49,2026,899,personer,ssb_07459,ekte
5512,50-66,2026,982,personer,ssb_07459,ekte
5512,67-79,2026,759,personer,ssb_07459,ekte
5512,80-89,2026,306,personer,ssb_07459,ekte
5512,90+,2026,42,personer,ssb_07459,ekte
5512,alle,2026,4144,personer,ssb_07459,ekte
5514,0-17,2026,167,personer,ssb_07459,ekte
5514,18-29,2026,144,personer,ssb_07459,ekte
5514,30-49,2026,252,personer,ssb_07459,ekte
5514,50-66,2026,323,personer,ssb_07459,ekte
5514,67-79,2026,267,personer,ssb_07459,ekte
5514,80-89,2026,110,personer,ssb_07459,ekte
5514,90+,2026,24,personer,ssb_07459,ekte
5514,alle,2026,1287,personer,ssb_07459,ekte
5516,0-17,2026,160,personer,ssb_07459,ekte
5516,18-29,2026,123,personer,ssb_07459,ekte
5516,30-49,2026,226,personer,ssb_07459,ekte
5516,50-66,2026,291,personer,ssb_07459,ekte
5516,67-79,2026,172,personer,ssb_07459,ekte
5516,80-89,2026,70,personer,ssb_07459,ekte
5516,90+,2026,20,personer,ssb_07459,ekte
5516,alle,2026,1062,personer,ssb_07459,ekte
5518,0-17,2026,194,personer,ssb_07459,ekte
5518,18-29,2026,124,personer,ssb_07459,ekte
5518,30-49,2026,194,personer,ssb_07459,ekte
5518,50-66,2026,244,personer,ssb_07459,ekte
5518,67-79,2026,167,personer,ssb_07459,ekte
5518,80-89,2026,63,personer,ssb_07459,ekte
5518,90+,2026,16,personer,ssb_07459,ekte
5518,alle,2026,1002,personer,ssb_07459,ekte
5520,0-17,2026,711,personer,ssb_07459,ekte
5520,18-29,2026,889,personer,ssb_07459,ekte
5520,30-49,2026,882,personer,ssb_07459,ekte
5520,50-66,2026,744,personer,ssb_07459,ekte
5520,67-79,2026,532,personer,ssb_07459,ekte
5520,80-89,2026,210,personer,ssb_07459,ekte
5520,90+,2026,36,personer,ssb_07459,ekte
5520,alle,2026,4004,personer,ssb_07459,ekte
5522,0-17,2026,382,personer,ssb_07459,ekte
5522,18-29,2026,278,personer,ssb_07459,ekte
5522,30-49,2026,427,personer,ssb_07459,ekte
5522,50-66,2026,547,personer,ssb_07459,ekte
5522,67-79,2026,336,personer,ssb_07459,ekte
5522,80-89,2026,147,personer,ssb_07459,ekte
5522,90+,2026,15,personer,ssb_07459,ekte
5522,alle,2026,2132,personer,ssb_07459,ekte
5524,0-17,2026,1230,personer,ssb_07459,ekte
5524,18-29,2026,1316,personer,ssb_07459,ekte
5524,30-49,2026,1532,personer,ssb_07459,ekte
5524,50-66,2026,1419,personer,ssb_07459,ekte
5524,67-79,2026,910,personer,ssb_07459,ekte
5524,80-89,2026,341,personer,ssb_07459,ekte
5524,90+,2026,71,personer,ssb_07459,ekte
5524,alle,2026,6819,personer,ssb_07459,ekte
5526,0-17,2026,707,personer,ssb_07459,ekte
5526,18-29,2026,484,personer,ssb_07459,ekte
5526,30-49,2026,835,personer,ssb_07459,ekte
5526,50-66,2026,801,personer,ssb_07459,ekte
5526,67-79,2026,494,personer,ssb_07459,ekte
5526,80-89,2026,179,personer,ssb_07459,ekte
5526,90+,2026,28,personer,ssb_07459,ekte
5526,alle,2026,3528,personer,ssb_07459,ekte
5528,0-17,2026,163,personer,ssb_07459,ekte
5528,18-29,2026,120,personer,ssb_07459,ekte
5528,30-49,2026,213,personer,ssb_07459,ekte
5528,50-66,2026,273,personer,ssb_07459,ekte
5528,67-79,2026,209,personer,ssb_07459,ekte
5528,80-89,2026,85,personer,ssb_07459,ekte
5528,90+,2026,14,personer,ssb_07459,ekte
5528,alle,2026,1077,personer,ssb_07459,ekte
5530,0-17,2026,2778,personer,ssb_07459,ekte
5530,18-29,2026,2086,personer,ssb_07459,ekte
5530,30-49,2026,3594,personer,ssb_07459,ekte
5530,50-66,2026,3423,personer,ssb_07459,ekte
5530,67-79,2026,2142,personer,ssb_07459,ekte
5530,80-89,2026,790,personer,ssb_07459,ekte
5530,90+,2026,133,personer,ssb_07459,ekte
5530,alle,2026,14946,personer,ssb_07459,ekte
5532,0-17,2026,947,personer,ssb_07459,ekte
5532,18-29,2026,741,personer,ssb_07459,ekte
5532,30-49,2026,1240,personer,ssb_07459,ekte
5532,50-66,2026,1421,personer,ssb_07459,ekte
5532,67-79,2026,855,personer,ssb_07459,ekte
5532,80-89,2026,352,personer,ssb_07459,ekte
5532,90+,2026,69,personer,ssb_07459,ekte
5532,alle,2026,5625,personer,ssb_07459,ekte
5534,0-17,2026,316,personer,ssb_07459,ekte
5534,18-29,2026,264,personer,ssb_07459,ekte
5534,30-49,2026,477,personer,ssb_07459,ekte
5534,50-66,2026,575,personer,ssb_07459,ekte
5534,67-79,2026,410,personer,ssb_07459,ekte
5534,80-89,2026,152,personer,ssb_07459,ekte
5534,90+,2026,41,personer,ssb_07459,ekte
5534,alle,2026,2235,personer,ssb_07459,ekte
5536,0-17,2026,401,personer,ssb_07459,ekte
5536,18-29,2026,352,personer,ssb_07459,ekte
5536,30-49,2026,544,personer,ssb_07459,ekte
5536,50-66,2026,672,personer,ssb_07459,ekte
5536,67-79,2026,498,personer,ssb_07459,ekte
5536,80-89,2026,227,personer,ssb_07459,ekte
5536,90+,2026,38,personer,ssb_07459,ekte
5536,alle,2026,2732,personer,ssb_07459,ekte
5538,0-17,2026,285,personer,ssb_07459,ekte
5538,18-29,2026,247,personer,ssb_07459,ekte
5538,30-49,2026,403,personer,ssb_07459,ekte
5538,50-66,2026,427,personer,ssb_07459,ekte
5538,67-79,2026,366,personer,ssb_07459,ekte
5538,80-89,2026,103,personer,ssb_07459,ekte
5538,90+,2026,17,personer,ssb_07459,ekte
5538,alle,2026,1848,personer,ssb_07459,ekte
5540,0-17,2026,268,personer,ssb_07459,ekte
5540,18-29,2026,245,personer,ssb_07459,ekte
5540,30-49,2026,394,personer,ssb_07459,ekte
5540,50-66,2026,482,personer,ssb_07459,ekte
5540,67-79,2026,373,personer,ssb_07459,ekte
5540,80-89,2026,147,personer,ssb_07459,ekte
5540,90+,2026,30,personer,ssb_07459,ekte
5540,alle,2026,1939,personer,ssb_07459,ekte
5542,0-17,2026,513,personer,ssb_07459,ekte
5542,18-29,2026,391,personer,ssb_07459,ekte
5542,30-49,2026,722,personer,ssb_07459,ekte
5542,50-66,2026,603,personer,ssb_07459,ekte
5542,67-79,2026,383,personer,ssb_07459,ekte
5542,80-89,2026,166,personer,ssb_07459,ekte
5542,90+,2026,24,personer,ssb_07459,ekte
5542,alle,2026,2802,personer,ssb_07459,ekte
5544,0-17,2026,886,personer,ssb_07459,ekte
5544,18-29,2026,742,personer,ssb_07459,ekte
5544,30-49,2026,1102,personer,ssb_07459,ekte
5544,50-66,2026,1114,personer,ssb_07459,ekte
5544,67-79,2026,728,personer,ssb_07459,ekte
5544,80-89,2026,241,personer,ssb_07459,ekte
5544,90+,2026,50,personer,ssb_07459,ekte
5544,alle,2026,4863,personer,ssb_07459,ekte
5546,0-17,2026,155,personer,ssb_07459,ekte
5546,18-29,2026,142,personer,ssb_07459,ekte
5546,30-49,2026,199,personer,ssb_07459,ekte
5546,50-66,2026,326,personer,ssb_07459,ekte
5546,67-79,2026,201,personer,ssb_07459,ekte
5546,80-89,2026,84,personer,ssb_07459,ekte
5546,90+,2026,18,personer,ssb_07459,ekte
5546,alle,2026,1125,personer,ssb_07459,ekte
5601,0-17,2026,4910,personer,ssb_07459,ekte
5601,18-29,2026,3757,personer,ssb_07459,ekte
5601,30-49,2026,5623,personer,ssb_07459,ekte
5601,50-66,2026,4668,personer,ssb_07459,ekte
5601,67-79,2026,2267,personer,ssb_07459,ekte
5601,80-89,2026,727,personer,ssb_07459,ekte
5601,90+,2026,122,personer,ssb_07459,ekte
5601,alle,2026,22074,personer,ssb_07459,ekte
5603,0-17,2026,2133,personer,ssb_07459,ekte
5603,18-29,2026,1846,personer,ssb_07459,ekte
5603,30-49,2026,3010,personer,ssb_07459,ekte
5603,50-66,2026,2551,personer,ssb_07459,ekte
5603,67-79,2026,1311,personer,ssb_07459,ekte
5603,80-89,2026,468,personer,ssb_07459,ekte
5603,90+,2026,72,personer,ssb_07459,ekte
5603,alle,2026,11391,personer,ssb_07459,ekte
5605,0-17,2026,1709,personer,ssb_07459,ekte
5605,18-29,2026,1478,personer,ssb_07459,ekte
5605,30-49,2026,2506,personer,ssb_07459,ekte
5605,50-66,2026,2390,personer,ssb_07459,ekte
5605,67-79,2026,1324,personer,ssb_07459,ekte
5605,80-89,2026,447,personer,ssb_07459,ekte
5605,90+,2026,93,personer,ssb_07459,ekte
5605,alle,2026,9947,personer,ssb_07459,ekte
5607,0-17,2026,996,personer,ssb_07459,ekte
5607,18-29,2026,959,personer,ssb_07459,ekte
5607,30-49,2026,1336,personer,ssb_07459,ekte
5607,50-66,2026,1429,personer,ssb_07459,ekte
5607,67-79,2026,762,personer,ssb_07459,ekte
5607,80-89,2026,270,personer,ssb_07459,ekte
5607,90+,2026,56,personer,ssb_07459,ekte
5607,alle,2026,5808,personer,ssb_07459,ekte
5610,0-17,2026,412,personer,ssb_07459,ekte
5610,18-29,2026,370,personer,ssb_07459,ekte
5610,30-49,2026,591,personer,ssb_07459,ekte
5610,50-66,2026,644,personer,ssb_07459,ekte
5610,67-79,2026,394,personer,ssb_07459,ekte
5610,80-89,2026,96,personer,ssb_07459,ekte
5610,90+,2026,17,personer,ssb_07459,ekte
5610,alle,2026,2524,personer,ssb_07459,ekte
5612,0-17,2026,593,personer,ssb_07459,ekte
5612,18-29,2026,379,personer,ssb_07459,ekte
5612,30-49,2026,725,personer,ssb_07459,ekte
5612,50-66,2026,654,personer,ssb_07459,ekte
5612,67-79,2026,406,personer,ssb_07459,ekte
5612,80-89,2026,114,personer,ssb_07459,ekte
5612,90+,2026,15,personer,ssb_07459,ekte
5612,alle,2026,2886,personer,ssb_07459,ekte
5614,0-17,2026,100,personer,ssb_07459,ekte
5614,18-29,2026,98,personer,ssb_07459,ekte
5614,30-49,2026,211,personer,ssb_07459,ekte
5614,50-66,2026,209,personer,ssb_07459,ekte
5614,67-79,2026,147,personer,ssb_07459,ekte
5614,80-89,2026,71,personer,ssb_07459,ekte
5614,90+,2026,10,personer,ssb_07459,ekte
5614,alle,2026,846,personer,ssb_07459,ekte
5616,0-17,2026,155,personer,ssb_07459,ekte
5616,18-29,2026,105,personer,ssb_07459,ekte
5616,30-49,2026,279,personer,ssb_07459,ekte
5616,50-66,2026,244,personer,ssb_07459,ekte
5616,67-79,2026,146,personer,ssb_07459,ekte
5616,80-89,2026,49,personer,ssb_07459,ekte
5616,90+,2026,9,personer,ssb_07459,ekte
5616,alle,2026,987,personer,ssb_07459,ekte
5618,0-17,2026,144,personer,ssb_07459,ekte
5618,18-29,2026,120,personer,ssb_07459,ekte
5618,30-49,2026,272,personer,ssb_07459,ekte
5618,50-66,2026,284,personer,ssb_07459,ekte
5618,67-79,2026,178,personer,ssb_07459,ekte
5618,80-89,2026,78,personer,ssb_07459,ekte
5618,90+,2026,13,personer,ssb_07459,ekte
5618,alle,2026,1089,personer,ssb_07459,ekte
5620,0-17,2026,414,personer,ssb_07459,ekte
5620,18-29,2026,457,personer,ssb_07459,ekte
5620,30-49,2026,703,personer,ssb_07459,ekte
5620,50-66,2026,773,personer,ssb_07459,ekte
5620,67-79,2026,442,personer,ssb_07459,ekte
5620,80-89,2026,131,personer,ssb_07459,ekte
5620,90+,2026,25,personer,ssb_07459,ekte
5620,alle,2026,2945,personer,ssb_07459,ekte
5622,0-17,2026,614,personer,ssb_07459,ekte
5622,18-29,2026,564,personer,ssb_07459,ekte
5622,30-49,2026,867,personer,ssb_07459,ekte
5622,50-66,2026,988,personer,ssb_07459,ekte
5622,67-79,2026,656,personer,ssb_07459,ekte
5622,80-89,2026,188,personer,ssb_07459,ekte
5622,90+,2026,29,personer,ssb_07459,ekte
5622,alle,2026,3906,personer,ssb_07459,ekte
5624,0-17,2026,184,personer,ssb_07459,ekte
5624,18-29,2026,189,personer,ssb_07459,ekte
5624,30-49,2026,284,personer,ssb_07459,ekte
5624,50-66,2026,330,personer,ssb_07459,ekte
5624,67-79,2026,189,personer,ssb_07459,ekte
5624,80-89,2026,57,personer,ssb_07459,ekte
5624,90+,2026,16,personer,ssb_07459,ekte
5624,alle,2026,1249,personer,ssb_07459,ekte
5626,0-17,2026,147,personer,ssb_07459,ekte
5626,18-29,2026,109,personer,ssb_07459,ekte
5626,30-49,2026,279,personer,ssb_07459,ekte
5626,50-66,2026,273,personer,ssb_07459,ekte
5626,67-79,2026,152,personer,ssb_07459,ekte
5626,80-89,2026,54,personer,ssb_07459,ekte
5626,90+,2026,5,personer,ssb_07459,ekte
5626,alle,2026,1019,personer,ssb_07459,ekte
5628,0-17,2026,463,personer,ssb_07459,ekte
5628,18-29,2026,349,personer,ssb_07459,ekte
5628,30-49,2026,621,personer,ssb_07459,ekte
5628,50-66,2026,732,personer,ssb_07459,ekte
5628,67-79,2026,460,personer,ssb_07459,ekte
5628,80-89,2026,161,personer,ssb_07459,ekte
5628,90+,2026,20,personer,ssb_07459,ekte
5628,alle,2026,2806,personer,ssb_07459,ekte
5630,0-17,2026,113,personer,ssb_07459,ekte
5630,18-29,2026,95,personer,ssb_07459,ekte
5630,30-49,2026,204,personer,ssb_07459,ekte
5630,50-66,2026,240,personer,ssb_07459,ekte
5630,67-79,2026,154,personer,ssb_07459,ekte
5630,80-89,2026,49,personer,ssb_07459,ekte
5630,90+,2026,9,personer,ssb_07459,ekte
5630,alle,2026,864,personer,ssb_07459,ekte
5632,0-17,2026,348,personer,ssb_07459,ekte
5632,18-29,2026,301,personer,ssb_07459,ekte
5632,30-49,2026,574,personer,ssb_07459,ekte
5632,50-66,2026,520,personer,ssb_07459,ekte
5632,67-79,2026,264,personer,ssb_07459,ekte
5632,80-89,2026,85,personer,ssb_07459,ekte
5632,90+,2026,12,personer,ssb_07459,ekte
5632,alle,2026,2104,personer,ssb_07459,ekte
5634,0-17,2026,273,personer,ssb_07459,ekte
5634,18-29,2026,247,personer,ssb_07459,ekte
5634,30-49,2026,483,personer,ssb_07459,ekte
5634,50-66,2026,508,personer,ssb_07459,ekte
5634,67-79,2026,355,personer,ssb_07459,ekte
5634,80-89,2026,85,personer,ssb_07459,ekte
5634,90+,2026,18,personer,ssb_07459,ekte
5634,alle,2026,1969,personer,ssb_07459,ekte
5636,0-17,2026,136,personer,ssb_07459,ekte
5636,18-29,2026,91,personer,ssb_07459,ekte
5636,30-49,2026,202,personer,ssb_07459,ekte
5636,50-66,2026,206,personer,ssb_07459,ekte
5636,67-79,2026,168,personer,ssb_07459,ekte
5636,80-89,2026,60,personer,ssb_07459,ekte
5636,90+,2026,11,personer,ssb_07459,ekte
5636,alle,2026,874,personer,ssb_07459,ekte
